{"level":"error","message":"✘ Updating environment failed Failed to parse tik_tak_toe.wlk: \n-- PARSING FAILED --------------------------------------------------\n\n  24 |             console.println(\"Ganó \" + jugadorActual)\n  25 |             return\n> 26 |         }\n     |         ^\n  27 | \n  28 |         if (tableroLleno()) {\n\nExpected one of the following: \n\n'@', 'class', 'const', 'describe', 'mixin', 'object', 'only', 'package', 'program', 'test', 'var', '{', EOF, comment, not \"}\r\n\r\n        \", whitespace\n","stack":"Error: Failed to parse tik_tak_toe.wlk: \n-- PARSING FAILED --------------------------------------------------\n\n  24 |             console.println(\"Ganó \" + jugadorActual)\n  25 |             return\n> 26 |         }\n     |         ^\n  27 | \n  28 |         if (tableroLleno()) {\n\nExpected one of the following: \n\n'@', 'class', 'const', 'describe', 'mixin', 'object', 'only', 'package', 'program', 'test', 'var', '{', EOF, comment, not \"}\r\n\r\n        \", whitespace\n\n    at c:\\Users\\Estudiante\\.vscode\\extensions\\uqbar.wollok-lsp-ide-0.5.4\\out\\server\\src\\server.js:2353:13026\n    at Array.map (<anonymous>)\n    at U1n (c:\\Users\\Estudiante\\.vscode\\extensions\\uqbar.wollok-lsp-ide-0.5.4\\out\\server\\src\\server.js:2353:12950)\n    at H2.buildEnvironmentFrom (c:\\Users\\Estudiante\\.vscode\\extensions\\uqbar.wollok-lsp-ide-0.5.4\\out\\server\\src\\server.js:2398:5254)\n    at H2.updateEnvironmentWith (c:\\Users\\Estudiante\\.vscode\\extensions\\uqbar.wollok-lsp-ide-0.5.4\\out\\server\\src\\server.js:2398:4989)\n    at Object.next (c:\\Users\\Estudiante\\.vscode\\extensions\\uqbar.wollok-lsp-ide-0.5.4\\out\\server\\src\\server.js:2398:7577)\n    at o.next (c:\\Users\\Estudiante\\.vscode\\extensions\\uqbar.wollok-lsp-ide-0.5.4\\out\\server\\src\\server.js:3:7333)\n    at n._next (c:\\Users\\Estudiante\\.vscode\\extensions\\uqbar.wollok-lsp-ide-0.5.4\\out\\server\\src\\server.js:3:6901)\n    at n.next (c:\\Users\\Estudiante\\.vscode\\extensions\\uqbar.wollok-lsp-ide-0.5.4\\out\\server\\src\\server.js:3:6485)\n    at c:\\Users\\Estudiante\\.vscode\\extensions\\uqbar.wollok-lsp-ide-0.5.4\\out\\server\\src\\server.js:3:18379","timestamp":"2026-06-14T00:34:11.774Z"}
{"level":"info","message":"⌛ Validating assets/mainExample.wpgm","timeElapsed":959,"timestamp":"2026-06-14T00:34:13.124Z"}
{"level":"info","message":"⌛ Validating game.wlk","timeElapsed":446,"timestamp":"2026-06-14T00:34:13.571Z"}
{"level":"info","message":"⌛ Validating mainExample.wpgm","timeElapsed":574,"timestamp":"2026-06-14T00:34:14.146Z"}
{"level":"info","message":"⌛ Validating tests.wtest","timeElapsed":339,"timestamp":"2026-06-14T00:34:14.486Z"}
{"level":"error","message":"✘ Updating environment failed Failed to parse tik_tak_toe.wlk: \n-- PARSING FAILED --------------------------------------------------\n\n  24 |             console.println(\"Ganó \" + jugadorActual)\n  25 |             return\n> 26 |         }\n     |         ^\n  27 | \n  28 |         if (tableroLleno()) {\n\nExpected one of the following: \n\n'@', 'class', 'const', 'describe', 'mixin', 'object', 'only', 'package', 'program', 'test', 'var', '{', EOF, comment, not \"}\r\n\r\n        \", whitespace\n","stack":"Error: Failed to parse tik_tak_toe.wlk: \n-- PARSING FAILED --------------------------------------------------\n\n  24 |             console.println(\"Ganó \" + jugadorActual)\n  25 |             return\n> 26 |         }\n     |         ^\n  27 | \n  28 |         if (tableroLleno()) {\n\nExpected one of the following: \n\n'@', 'class', 'const', 'describe', 'mixin', 'object', 'only', 'package', 'program', 'test', 'var', '{', EOF, comment, not \"}\r\n\r\n        \", whitespace\n\n    at c:\\Users\\Estudiante\\.vscode\\extensions\\uqbar.wollok-lsp-ide-0.5.4\\out\\server\\src\\server.js:2353:13026\n    at Array.map (<anonymous>)\n    at U1n (c:\\Users\\Estudiante\\.vscode\\extensions\\uqbar.wollok-lsp-ide-0.5.4\\out\\server\\src\\server.js:2353:12950)\n    at H2.buildEnvironmentFrom (c:\\Users\\Estudiante\\.vscode\\extensions\\uqbar.wollok-lsp-ide-0.5.4\\out\\server\\src\\server.js:2398:5254)\n    at H2.updateEnvironmentWith (c:\\Users\\Estudiante\\.vscode\\extensions\\uqbar.wollok-lsp-ide-0.5.4\\out\\server\\src\\server.js:2398:4989)\n    at Object.next (c:\\Users\\Estudiante\\.vscode\\extensions\\uqbar.wollok-lsp-ide-0.5.4\\out\\server\\src\\server.js:2398:7577)\n    at o.next (c:\\Users\\Estudiante\\.vscode\\extensions\\uqbar.wollok-lsp-ide-0.5.4\\out\\server\\src\\server.js:3:7333)\n    at n._next (c:\\Users\\Estudiante\\.vscode\\extensions\\uqbar.wollok-lsp-ide-0.5.4\\out\\server\\src\\server.js:3:6901)\n    at n.next (c:\\Users\\Estudiante\\.vscode\\extensions\\uqbar.wollok-lsp-ide-0.5.4\\out\\server\\src\\server.js:3:6485)\n    at c:\\Users\\Estudiante\\.vscode\\extensions\\uqbar.wollok-lsp-ide-0.5.4\\out\\server\\src\\server.js:3:18379","timestamp":"2026-06-14T00:34:14.547Z"}
{"level":"error","message":"✘ Updating environment failed Failed to parse tik_tak_toe.wlk: \n-- PARSING FAILED --------------------------------------------------\n\n  24 |             console.println(\"Ganó \" + jugadorActual)\n  25 |             return\n> 26 |         }\n     |         ^\n  27 | \n  28 |         if (tableroLleno()) {\n\nExpected one of the following: \n\n'@', 'class', 'const', 'describe', 'mixin', 'object', 'only', 'package', 'program', 'test', 'var', '{', EOF, comment, not \"}\r\n\r\n        \", whitespace\n","stack":"Error: Failed to parse tik_tak_toe.wlk: \n-- PARSING FAILED --------------------------------------------------\n\n  24 |             console.println(\"Ganó \" + jugadorActual)\n  25 |             return\n> 26 |         }\n     |         ^\n  27 | \n  28 |         if (tableroLleno()) {\n\nExpected one of the following: \n\n'@', 'class', 'const', 'describe', 'mixin', 'object', 'only', 'package', 'program', 'test', 'var', '{', EOF, comment, not \"}\r\n\r\n        \", whitespace\n\n    at c:\\Users\\Estudiante\\.vscode\\extensions\\uqbar.wollok-lsp-ide-0.5.4\\out\\server\\src\\server.js:2353:13026\n    at Array.map (<anonymous>)\n    at U1n (c:\\Users\\Estudiante\\.vscode\\extensions\\uqbar.wollok-lsp-ide-0.5.4\\out\\server\\src\\server.js:2353:12950)\n    at H2.buildEnvironmentFrom (c:\\Users\\Estudiante\\.vscode\\extensions\\uqbar.wollok-lsp-ide-0.5.4\\out\\server\\src\\server.js:2398:5254)\n    at H2.updateEnvironmentWith (c:\\Users\\Estudiante\\.vscode\\extensions\\uqbar.wollok-lsp-ide-0.5.4\\out\\server\\src\\server.js:2398:4989)\n    at Object.next (c:\\Users\\Estudiante\\.vscode\\extensions\\uqbar.wollok-lsp-ide-0.5.4\\out\\server\\src\\server.js:2398:7577)\n    at o.next (c:\\Users\\Estudiante\\.vscode\\extensions\\uqbar.wollok-lsp-ide-0.5.4\\out\\server\\src\\server.js:3:7333)\n    at n._next (c:\\Users\\Estudiante\\.vscode\\extensions\\uqbar.wollok-lsp-ide-0.5.4\\out\\server\\src\\server.js:3:6901)\n    at n.next (c:\\Users\\Estudiante\\.vscode\\extensions\\uqbar.wollok-lsp-ide-0.5.4\\out\\server\\src\\server.js:3:6485)\n    at c:\\Users\\Estudiante\\.vscode\\extensions\\uqbar.wollok-lsp-ide-0.5.4\\out\\server\\src\\server.js:3:18379","timestamp":"2026-06-14T00:34:14.606Z"}
{"level":"info","message":"⌛ Building environment","timeElapsed":318,"timestamp":"2026-06-14T00:34:14.927Z"}
{"level":"info","message":"⌛ Validating assets/mainExample.wpgm","timeElapsed":499,"timestamp":"2026-06-14T00:34:17.098Z"}
{"level":"info","message":"🚀 Program executed \u001b[3m\u001b[34mmainExample.PiedraPapelTijera\u001b[39m\u001b[23m on \u001b[3m\u001b[34mc:\\Users\\Estudiante\\Desktop\\Piedra-Papel-Tijera.wollok\u001b[39m\u001b[23m","ok":true,"timeElapsed":944,"timestamp":"2026-06-14T00:41:48.463Z"}
{"level":"error","message":"✘ Updating environment failed Failed to parse tik_tak_toe.wlk: \n-- PARSING FAILED --------------------------------------------------\n\n  24 |             console.println(\"Ganó \" + jugadorActual)\n  25 |             return\n> 26 |         }\n     |         ^\n  27 | \n  28 |         if (tableroLleno()) {\n\nExpected one of the following: \n\n'@', 'class', 'const', 'describe', 'mixin', 'object', 'only', 'package', 'program', 'test', 'var', '{', EOF, comment, not \"}\r\n\r\n        \", whitespace\n","stack":"Error: Failed to parse tik_tak_toe.wlk: \n-- PARSING FAILED --------------------------------------------------\n\n  24 |             console.println(\"Ganó \" + jugadorActual)\n  25 |             return\n> 26 |         }\n     |         ^\n  27 | \n  28 |         if (tableroLleno()) {\n\nExpected one of the following: \n\n'@', 'class', 'const', 'describe', 'mixin', 'object', 'only', 'package', 'program', 'test', 'var', '{', EOF, comment, not \"}\r\n\r\n        \", whitespace\n\n    at c:\\Users\\Estudiante\\.vscode\\extensions\\uqbar.wollok-lsp-ide-0.5.4\\out\\server\\src\\server.js:2353:13026\n    at Array.map (<anonymous>)\n    at U1n (c:\\Users\\Estudiante\\.vscode\\extensions\\uqbar.wollok-lsp-ide-0.5.4\\out\\server\\src\\server.js:2353:12950)\n    at H2.buildEnvironmentFrom (c:\\Users\\Estudiante\\.vscode\\extensions\\uqbar.wollok-lsp-ide-0.5.4\\out\\server\\src\\server.js:2398:5254)\n    at H2.updateEnvironmentWith (c:\\Users\\Estudiante\\.vscode\\extensions\\uqbar.wollok-lsp-ide-0.5.4\\out\\server\\src\\server.js:2398:4989)\n    at Object.next (c:\\Users\\Estudiante\\.vscode\\extensions\\uqbar.wollok-lsp-ide-0.5.4\\out\\server\\src\\server.js:2398:7577)\n    at o.next (c:\\Users\\Estudiante\\.vscode\\extensions\\uqbar.wollok-lsp-ide-0.5.4\\out\\server\\src\\server.js:3:7333)\n    at n._next (c:\\Users\\Estudiante\\.vscode\\extensions\\uqbar.wollok-lsp-ide-0.5.4\\out\\server\\src\\server.js:3:6901)\n    at n.next (c:\\Users\\Estudiante\\.vscode\\extensions\\uqbar.wollok-lsp-ide-0.5.4\\out\\server\\src\\server.js:3:6485)\n    at c:\\Users\\Estudiante\\.vscode\\extensions\\uqbar.wollok-lsp-ide-0.5.4\\out\\server\\src\\server.js:3:18379","timestamp":"2026-06-14T00:43:57.482Z"}
{"level":"info","message":"⌛ Building environment","timeElapsed":463,"timestamp":"2026-06-14T00:47:06.872Z"}
{"level":"info","message":"⌛ Building environment","timeElapsed":607,"timestamp":"2026-06-14T00:47:07.517Z"}
{"level":"info","message":"⌛ Building environment","timeElapsed":464,"timestamp":"2026-06-14T00:47:08.076Z"}
{"level":"info","message":"⌛ Building environment","timeElapsed":350,"timestamp":"2026-06-14T00:47:08.462Z"}
{"level":"info","message":"⌛ Building environment","timeElapsed":249,"timestamp":"2026-06-14T00:47:08.738Z"}
{"level":"info","message":"⌛ Building environment","timeElapsed":364,"timestamp":"2026-06-14T00:47:09.103Z"}
{"level":"info","message":"⌛ Building environment","timeElapsed":504,"timestamp":"2026-06-14T00:47:09.766Z"}
{"level":"info","message":"⌛ Building environment","timeElapsed":435,"timestamp":"2026-06-14T00:47:10.213Z"}
{"level":"info","message":"⌛ Building environment","timeElapsed":288,"timestamp":"2026-06-14T00:47:10.536Z"}
{"level":"info","message":"⌛ Validating game.wlk","timeElapsed":319,"timestamp":"2026-06-14T00:47:10.872Z"}
{"level":"info","message":"⌛ Building environment","timeElapsed":304,"timestamp":"2026-06-14T00:47:11.178Z"}
{"level":"info","message":"⌛ Building environment","timeElapsed":318,"timestamp":"2026-06-14T00:47:11.498Z"}
{"level":"info","message":"⌛ Building environment","timeElapsed":325,"timestamp":"2026-06-14T00:47:11.825Z"}
{"level":"info","message":"⌛ Building environment","timeElapsed":351,"timestamp":"2026-06-14T00:47:12.177Z"}
{"level":"info","message":"⌛ Building environment","timeElapsed":443,"timestamp":"2026-06-14T00:47:12.622Z"}
{"level":"info","message":"⌛ Validating game.wlk","timeElapsed":352,"timestamp":"2026-06-14T00:47:12.989Z"}
{"level":"info","message":"⌛ Validating game.wlk","timeElapsed":322,"timestamp":"2026-06-14T00:47:13.313Z"}
{"level":"info","message":"⌛ Building environment","timeElapsed":320,"timestamp":"2026-06-14T00:47:13.634Z"}
{"level":"info","message":"⌛ Building environment","timeElapsed":255,"timestamp":"2026-06-14T00:47:13.891Z"}
{"level":"info","message":"⌛ Validating game.wlk","timeElapsed":368,"timestamp":"2026-06-14T00:47:14.291Z"}
{"level":"info","message":"⌛ Building environment","timeElapsed":295,"timestamp":"2026-06-14T00:47:14.587Z"}
{"level":"info","message":"⌛ Building environment","timeElapsed":350,"timestamp":"2026-06-14T00:47:14.938Z"}
{"level":"info","message":"⌛ Building environment","timeElapsed":393,"timestamp":"2026-06-14T00:47:15.333Z"}
{"level":"info","message":"⌛ Building environment","timeElapsed":352,"timestamp":"2026-06-14T00:47:15.687Z"}
{"level":"info","message":"⌛ Building environment","timeElapsed":456,"timestamp":"2026-06-14T00:47:16.144Z"}
{"level":"info","message":"⌛ Building environment","timeElapsed":342,"timestamp":"2026-06-14T00:47:16.492Z"}
{"level":"info","message":"⌛ Building environment","timeElapsed":378,"timestamp":"2026-06-14T00:47:16.871Z"}
{"level":"info","message":"⌛ Building environment","timeElapsed":267,"timestamp":"2026-06-14T00:47:17.154Z"}
{"level":"info","message":"⌛ Building environment","timeElapsed":318,"timestamp":"2026-06-14T00:47:17.473Z"}
{"level":"info","message":"⌛ Building environment","timeElapsed":309,"timestamp":"2026-06-14T00:47:17.798Z"}
{"level":"info","message":"⌛ Building environment","timeElapsed":324,"timestamp":"2026-06-14T00:47:18.123Z"}
{"level":"info","message":"⌛ Building environment","timeElapsed":306,"timestamp":"2026-06-14T00:47:18.430Z"}
{"level":"info","message":"⌛ Building environment","timeElapsed":551,"timestamp":"2026-06-14T00:47:18.997Z"}
{"level":"info","message":"⌛ Building environment","timeElapsed":399,"timestamp":"2026-06-14T00:47:19.397Z"}
{"level":"info","message":"⌛ Building environment","timeElapsed":433,"timestamp":"2026-06-14T00:47:19.854Z"}
{"level":"info","message":"⌛ Building environment","timeElapsed":474,"timestamp":"2026-06-14T00:47:20.339Z"}
{"level":"info","message":"⌛ Building environment","timeElapsed":277,"timestamp":"2026-06-14T00:47:20.662Z"}
{"level":"info","message":"⌛ Building environment","timeElapsed":249,"timestamp":"2026-06-14T00:47:20.913Z"}
{"level":"info","message":"⌛ Building environment","timeElapsed":288,"timestamp":"2026-06-14T00:47:21.203Z"}
{"level":"info","message":"⌛ Building environment","timeElapsed":194,"timestamp":"2026-06-14T00:47:21.399Z"}
{"level":"info","message":"⌛ Validating game.wlk","timeElapsed":171,"timestamp":"2026-06-14T00:47:21.576Z"}
{"level":"info","message":"⌛ Building environment","timeElapsed":281,"timestamp":"2026-06-14T00:47:21.860Z"}
{"level":"info","message":"⌛ Building environment","timeElapsed":409,"timestamp":"2026-06-14T00:47:22.359Z"}
{"level":"info","message":"⌛ Building environment","timeElapsed":327,"timestamp":"2026-06-14T00:47:22.711Z"}
{"level":"info","message":"⌛ Building environment","timeElapsed":436,"timestamp":"2026-06-14T00:47:23.149Z"}
{"level":"info","message":"⌛ Validating game.wlk","timeElapsed":322,"timestamp":"2026-06-14T00:47:23.661Z"}
{"level":"info","message":"⌛ Building environment","timeElapsed":822,"timestamp":"2026-06-14T00:47:24.550Z"}
{"level":"info","message":"⌛ Validating game.wlk","timeElapsed":266,"timestamp":"2026-06-14T00:47:24.847Z"}
{"level":"info","message":"⌛ Validating game.wlk","timeElapsed":299,"timestamp":"2026-06-14T00:47:25.147Z"}
{"level":"info","message":"⌛ Validating game.wlk","timeElapsed":219,"timestamp":"2026-06-14T00:47:25.366Z"}
{"level":"info","message":"⌛ Validating game.wlk","timeElapsed":243,"timestamp":"2026-06-14T00:47:25.610Z"}
{"level":"info","message":"⌛ Validating game.wlk","timeElapsed":210,"timestamp":"2026-06-14T00:47:25.821Z"}
{"level":"info","message":"⌛ Validating game.wlk","timeElapsed":199,"timestamp":"2026-06-14T00:47:26.021Z"}
{"level":"info","message":"⌛ Validating game.wlk","timeElapsed":197,"timestamp":"2026-06-14T00:47:26.224Z"}
{"level":"info","message":"⌛ Validating game.wlk","timeElapsed":173,"timestamp":"2026-06-14T00:47:26.403Z"}
{"level":"info","message":"⌛ Validating game.wlk","timeElapsed":282,"timestamp":"2026-06-14T00:47:26.687Z"}
{"level":"info","message":"⌛ Validating game.wlk","timeElapsed":228,"timestamp":"2026-06-14T00:47:26.916Z"}
{"level":"info","message":"⌛ Validating game.wlk","timeElapsed":248,"timestamp":"2026-06-14T00:47:27.165Z"}
{"level":"info","message":"⌛ Validating game.wlk","timeElapsed":211,"timestamp":"2026-06-14T00:47:27.377Z"}
{"level":"info","message":"⌛ Validating game.wlk","timeElapsed":204,"timestamp":"2026-06-14T00:47:27.582Z"}
{"level":"info","message":"⌛ Validating game.wlk","timeElapsed":185,"timestamp":"2026-06-14T00:47:27.767Z"}
{"level":"info","message":"⌛ Validating game.wlk","timeElapsed":186,"timestamp":"2026-06-14T00:47:27.954Z"}
{"level":"info","message":"⌛ Validating game.wlk","timeElapsed":187,"timestamp":"2026-06-14T00:47:28.143Z"}
{"level":"info","message":"⌛ Validating game.wlk","timeElapsed":154,"timestamp":"2026-06-14T00:47:28.300Z"}
{"level":"info","message":"⌛ Validating game.wlk","timeElapsed":237,"timestamp":"2026-06-14T00:47:28.540Z"}
{"level":"info","message":"⌛ Validating game.wlk","timeElapsed":164,"timestamp":"2026-06-14T00:47:28.710Z"}
{"level":"info","message":"⌛ Validating game.wlk","timeElapsed":284,"timestamp":"2026-06-14T00:47:28.997Z"}
{"level":"info","message":"⌛ Validating game.wlk","timeElapsed":265,"timestamp":"2026-06-14T00:47:29.264Z"}
{"level":"info","message":"⌛ Validating game.wlk","timeElapsed":218,"timestamp":"2026-06-14T00:47:29.499Z"}
{"level":"info","message":"⌛ Validating game.wlk","timeElapsed":255,"timestamp":"2026-06-14T00:47:29.755Z"}
{"level":"info","message":"⌛ Validating game.wlk","timeElapsed":352,"timestamp":"2026-06-14T00:47:30.109Z"}
{"level":"info","message":"⌛ Validating game.wlk","timeElapsed":387,"timestamp":"2026-06-14T00:47:30.499Z"}
{"level":"info","message":"⌛ Validating game.wlk","timeElapsed":219,"timestamp":"2026-06-14T00:47:30.719Z"}
{"level":"info","message":"⌛ Validating game.wlk","timeElapsed":289,"timestamp":"2026-06-14T00:47:31.010Z"}
{"level":"info","message":"⌛ Validating game.wlk","timeElapsed":233,"timestamp":"2026-06-14T00:47:31.244Z"}
{"level":"info","message":"⌛ Validating game.wlk","timeElapsed":328,"timestamp":"2026-06-14T00:47:31.575Z"}
{"level":"info","message":"⌛ Validating game.wlk","timeElapsed":334,"timestamp":"2026-06-14T00:47:31.915Z"}
{"level":"info","message":"⌛ Building environment","timeElapsed":282,"timestamp":"2026-06-14T00:47:32.199Z"}
{"level":"info","message":"⌛ Validating game.wlk","timeElapsed":310,"timestamp":"2026-06-14T00:47:32.510Z"}
{"level":"info","message":"⌛ Building environment","timeElapsed":295,"timestamp":"2026-06-14T00:47:32.807Z"}
{"level":"info","message":"⌛ Building environment","timeElapsed":239,"timestamp":"2026-06-14T00:47:33.046Z"}
{"level":"info","message":"⌛ Building environment","timeElapsed":393,"timestamp":"2026-06-14T00:47:33.449Z"}
{"level":"info","message":"⌛ Building environment","timeElapsed":316,"timestamp":"2026-06-14T00:47:33.766Z"}
{"level":"info","message":"⌛ Building environment","timeElapsed":416,"timestamp":"2026-06-14T00:47:34.186Z"}
{"level":"info","message":"⌛ Validating game.wlk","timeElapsed":262,"timestamp":"2026-06-14T00:47:34.448Z"}
{"level":"info","message":"⌛ Validating game.wlk","timeElapsed":321,"timestamp":"2026-06-14T00:47:34.809Z"}
{"level":"info","message":"⌛ Validating game.wlk","timeElapsed":234,"timestamp":"2026-06-14T00:47:35.046Z"}
{"level":"info","message":"⌛ Validating game.wlk","timeElapsed":168,"timestamp":"2026-06-14T00:47:35.224Z"}
{"level":"info","message":"⌛ Building environment","timeElapsed":197,"timestamp":"2026-06-14T00:47:35.433Z"}
{"level":"info","message":"⌛ Building environment","timeElapsed":253,"timestamp":"2026-06-14T00:47:35.756Z"}
{"level":"info","message":"⌛ Validating game.wlk","timeElapsed":140,"timestamp":"2026-06-14T00:47:36.020Z"}
{"level":"info","message":"⌛ Validating game.wlk","timeElapsed":158,"timestamp":"2026-06-14T00:47:36.206Z"}
{"level":"info","message":"⌛ Validating game.wlk","timeElapsed":158,"timestamp":"2026-06-14T00:47:36.367Z"}
{"level":"info","message":"⌛ Validating game.wlk","timeElapsed":148,"timestamp":"2026-06-14T00:47:36.518Z"}
{"level":"info","message":"⌛ Validating game.wlk","timeElapsed":153,"timestamp":"2026-06-14T00:47:36.675Z"}
{"level":"info","message":"⌛ Validating game.wlk","timeElapsed":150,"timestamp":"2026-06-14T00:47:36.828Z"}
{"level":"info","message":"⌛ Validating game.wlk","timeElapsed":278,"timestamp":"2026-06-14T00:47:37.116Z"}
{"level":"info","message":"⌛ Validating game.wlk","timeElapsed":175,"timestamp":"2026-06-14T00:47:37.299Z"}
{"level":"info","message":"⌛ Building environment","timeElapsed":379,"timestamp":"2026-06-14T00:47:37.687Z"}
{"level":"info","message":"⌛ Building environment","timeElapsed":1435,"timestamp":"2026-06-14T00:47:39.152Z"}
{"level":"info","message":"⌛ Building environment","timeElapsed":297,"timestamp":"2026-06-14T00:47:39.465Z"}
{"level":"info","message":"⌛ Building environment","timeElapsed":279,"timestamp":"2026-06-14T00:47:39.745Z"}
{"level":"info","message":"⌛ Building environment","timeElapsed":854,"timestamp":"2026-06-14T00:47:40.599Z"}
{"level":"info","message":"⌛ Building environment","timeElapsed":797,"timestamp":"2026-06-14T00:47:41.399Z"}
{"level":"info","message":"⌛ Building environment","timeElapsed":263,"timestamp":"2026-06-14T00:47:41.663Z"}
{"level":"info","message":"⌛ Building environment","timeElapsed":295,"timestamp":"2026-06-14T00:47:41.959Z"}
{"level":"info","message":"⌛ Building environment","timeElapsed":204,"timestamp":"2026-06-14T00:47:42.167Z"}
{"level":"info","message":"⌛ Building environment","timeElapsed":188,"timestamp":"2026-06-14T00:47:42.366Z"}
{"level":"info","message":"⌛ Building environment","timeElapsed":249,"timestamp":"2026-06-14T00:47:42.645Z"}
{"level":"info","message":"⌛ Building environment","timeElapsed":218,"timestamp":"2026-06-14T00:47:42.881Z"}
{"level":"info","message":"⌛ Building environment","timeElapsed":203,"timestamp":"2026-06-14T00:47:43.110Z"}
{"level":"info","message":"⌛ Building environment","timeElapsed":206,"timestamp":"2026-06-14T00:47:43.316Z"}
{"level":"info","message":"⌛ Building environment","timeElapsed":213,"timestamp":"2026-06-14T00:47:43.557Z"}
{"level":"info","message":"⌛ Building environment","timeElapsed":313,"timestamp":"2026-06-14T00:47:43.876Z"}
{"level":"info","message":"⌛ Building environment","timeElapsed":339,"timestamp":"2026-06-14T00:47:44.238Z"}
{"level":"info","message":"⌛ Building environment","timeElapsed":287,"timestamp":"2026-06-14T00:47:44.526Z"}
{"level":"info","message":"⌛ Building environment","timeElapsed":234,"timestamp":"2026-06-14T00:47:44.791Z"}
{"level":"info","message":"⌛ Building environment","timeElapsed":257,"timestamp":"2026-06-14T00:47:45.053Z"}
{"level":"info","message":"⌛ Building environment","timeElapsed":238,"timestamp":"2026-06-14T00:47:45.313Z"}
{"level":"info","message":"⌛ Building environment","timeElapsed":272,"timestamp":"2026-06-14T00:47:45.594Z"}
{"level":"info","message":"⌛ Building environment","timeElapsed":227,"timestamp":"2026-06-14T00:47:45.861Z"}
{"level":"info","message":"⌛ Building environment","timeElapsed":241,"timestamp":"2026-06-14T00:47:46.109Z"}
{"level":"info","message":"⌛ Building environment","timeElapsed":218,"timestamp":"2026-06-14T00:47:46.354Z"}
{"level":"info","message":"⌛ Building environment","timeElapsed":321,"timestamp":"2026-06-14T00:47:46.680Z"}
{"level":"info","message":"⌛ Building environment","timeElapsed":308,"timestamp":"2026-06-14T00:47:47.020Z"}
{"level":"info","message":"⌛ Building environment","timeElapsed":446,"timestamp":"2026-06-14T00:47:47.467Z"}
{"level":"info","message":"⌛ Building environment","timeElapsed":390,"timestamp":"2026-06-14T00:47:47.894Z"}
{"level":"info","message":"⌛ Building environment","timeElapsed":265,"timestamp":"2026-06-14T00:47:48.160Z"}
{"level":"info","message":"⌛ Building environment","timeElapsed":291,"timestamp":"2026-06-14T00:47:48.470Z"}
{"level":"info","message":"⌛ Building environment","timeElapsed":373,"timestamp":"2026-06-14T00:47:48.851Z"}
{"level":"info","message":"⌛ Building environment","timeElapsed":253,"timestamp":"2026-06-14T00:47:49.141Z"}
{"level":"info","message":"⌛ Building environment","timeElapsed":308,"timestamp":"2026-06-14T00:47:49.483Z"}
{"level":"info","message":"⌛ Building environment","timeElapsed":510,"timestamp":"2026-06-14T00:47:49.995Z"}
{"level":"info","message":"⌛ Building environment","timeElapsed":284,"timestamp":"2026-06-14T00:47:50.285Z"}
{"level":"info","message":"⌛ Building environment","timeElapsed":244,"timestamp":"2026-06-14T00:47:50.536Z"}
{"level":"info","message":"⌛ Building environment","timeElapsed":296,"timestamp":"2026-06-14T00:47:50.833Z"}
{"level":"info","message":"⌛ Building environment","timeElapsed":257,"timestamp":"2026-06-14T00:47:51.168Z"}
{"level":"info","message":"⌛ Building environment","timeElapsed":261,"timestamp":"2026-06-14T00:47:51.430Z"}
{"level":"info","message":"⌛ Building environment","timeElapsed":398,"timestamp":"2026-06-14T00:47:51.856Z"}
{"level":"info","message":"⌛ Building environment","timeElapsed":458,"timestamp":"2026-06-14T00:47:52.315Z"}
{"level":"info","message":"⌛ Building environment","timeElapsed":384,"timestamp":"2026-06-14T00:47:52.725Z"}
{"level":"info","message":"⌛ Building environment","timeElapsed":337,"timestamp":"2026-06-14T00:47:53.064Z"}
{"level":"info","message":"⌛ Building environment","timeElapsed":274,"timestamp":"2026-06-14T00:47:53.362Z"}
{"level":"info","message":"⌛ Building environment","timeElapsed":286,"timestamp":"2026-06-14T00:47:53.651Z"}
{"level":"info","message":"⌛ Building environment","timeElapsed":249,"timestamp":"2026-06-14T00:47:53.927Z"}
{"level":"info","message":"⌛ Building environment","timeElapsed":243,"timestamp":"2026-06-14T00:47:54.170Z"}
{"level":"info","message":"⌛ Building environment","timeElapsed":235,"timestamp":"2026-06-14T00:47:54.427Z"}
{"level":"info","message":"⌛ Building environment","timeElapsed":337,"timestamp":"2026-06-14T00:47:54.771Z"}
{"level":"info","message":"⌛ Building environment","timeElapsed":215,"timestamp":"2026-06-14T00:47:55.002Z"}
{"level":"info","message":"⌛ Building environment","timeElapsed":209,"timestamp":"2026-06-14T00:47:55.215Z"}
{"level":"info","message":"⌛ Building environment","timeElapsed":179,"timestamp":"2026-06-14T00:47:55.418Z"}
{"level":"info","message":"⌛ Building environment","timeElapsed":183,"timestamp":"2026-06-14T00:47:55.604Z"}
{"level":"info","message":"⌛ Building environment","timeElapsed":166,"timestamp":"2026-06-14T00:47:55.794Z"}
{"level":"info","message":"⌛ Building environment","timeElapsed":184,"timestamp":"2026-06-14T00:47:55.982Z"}
{"level":"info","message":"⌛ Building environment","timeElapsed":170,"timestamp":"2026-06-14T00:47:56.175Z"}
{"level":"info","message":"⌛ Building environment","timeElapsed":182,"timestamp":"2026-06-14T00:47:56.380Z"}
{"level":"info","message":"⌛ Building environment","timeElapsed":185,"timestamp":"2026-06-14T00:47:56.566Z"}
{"level":"info","message":"⌛ Building environment","timeElapsed":182,"timestamp":"2026-06-14T00:47:56.751Z"}
{"level":"info","message":"⌛ Building environment","timeElapsed":161,"timestamp":"2026-06-14T00:47:56.943Z"}
{"level":"info","message":"⌛ Validating game.wlk","timeElapsed":211,"timestamp":"2026-06-14T00:47:57.186Z"}
{"level":"info","message":"⌛ Validating game.wlk","timeElapsed":298,"timestamp":"2026-06-14T00:47:57.500Z"}
{"level":"info","message":"⌛ Validating game.wlk","timeElapsed":218,"timestamp":"2026-06-14T00:47:57.719Z"}
{"level":"info","message":"⌛ Validating game.wlk","timeElapsed":273,"timestamp":"2026-06-14T00:47:57.995Z"}
{"level":"info","message":"⌛ Validating game.wlk","timeElapsed":309,"timestamp":"2026-06-14T00:47:58.307Z"}
{"level":"info","message":"⌛ Validating game.wlk","timeElapsed":633,"timestamp":"2026-06-14T00:47:58.943Z"}
{"level":"info","message":"⌛ Validating game.wlk","timeElapsed":456,"timestamp":"2026-06-14T00:47:59.402Z"}
{"level":"info","message":"⌛ Validating game.wlk","timeElapsed":293,"timestamp":"2026-06-14T00:47:59.707Z"}
{"level":"info","message":"⌛ Validating game.wlk","timeElapsed":253,"timestamp":"2026-06-14T00:47:59.961Z"}
{"level":"info","message":"⌛ Validating game.wlk","timeElapsed":270,"timestamp":"2026-06-14T00:48:00.232Z"}
{"level":"info","message":"⌛ Validating game.wlk","timeElapsed":298,"timestamp":"2026-06-14T00:48:00.531Z"}
{"level":"info","message":"⌛ Validating game.wlk","timeElapsed":213,"timestamp":"2026-06-14T00:48:00.796Z"}
{"level":"info","message":"⌛ Validating game.wlk","timeElapsed":239,"timestamp":"2026-06-14T00:48:01.038Z"}
{"level":"info","message":"⌛ Validating game.wlk","timeElapsed":273,"timestamp":"2026-06-14T00:48:01.315Z"}
{"level":"info","message":"⌛ Validating game.wlk","timeElapsed":256,"timestamp":"2026-06-14T00:48:01.581Z"}
{"level":"info","message":"⌛ Building environment","timeElapsed":243,"timestamp":"2026-06-14T00:48:01.832Z"}
{"level":"info","message":"⌛ Validating game.wlk","timeElapsed":286,"timestamp":"2026-06-14T00:48:02.130Z"}
{"level":"info","message":"⌛ Building environment","timeElapsed":259,"timestamp":"2026-06-14T00:48:02.394Z"}
{"level":"info","message":"⌛ Building environment","timeElapsed":192,"timestamp":"2026-06-14T00:48:02.607Z"}
{"level":"info","message":"⌛ Building environment","timeElapsed":194,"timestamp":"2026-06-14T00:48:02.805Z"}
{"level":"info","message":"⌛ Validating game.wlk","timeElapsed":160,"timestamp":"2026-06-14T00:48:02.987Z"}
{"level":"info","message":"⌛ Building environment","timeElapsed":186,"timestamp":"2026-06-14T00:48:03.177Z"}
{"level":"info","message":"⌛ Validating game.wlk","timeElapsed":171,"timestamp":"2026-06-14T00:48:03.357Z"}
{"level":"info","message":"⌛ Validating game.wlk","timeElapsed":197,"timestamp":"2026-06-14T00:48:03.572Z"}
{"level":"info","message":"⌛ Validating game.wlk","timeElapsed":200,"timestamp":"2026-06-14T00:48:03.772Z"}
{"level":"info","message":"⌛ Validating game.wlk","timeElapsed":159,"timestamp":"2026-06-14T00:48:03.936Z"}
{"level":"info","message":"⌛ Validating game.wlk","timeElapsed":156,"timestamp":"2026-06-14T00:48:04.095Z"}
{"level":"info","message":"⌛ Validating game.wlk","timeElapsed":163,"timestamp":"2026-06-14T00:48:04.263Z"}
{"level":"info","message":"⌛ Validating game.wlk","timeElapsed":169,"timestamp":"2026-06-14T00:48:04.438Z"}
{"level":"info","message":"⌛ Validating game.wlk","timeElapsed":156,"timestamp":"2026-06-14T00:48:04.596Z"}
{"level":"info","message":"⌛ Building environment","timeElapsed":169,"timestamp":"2026-06-14T00:48:04.769Z"}
{"level":"info","message":"⌛ Building environment","timeElapsed":220,"timestamp":"2026-06-14T00:48:05.023Z"}
{"level":"info","message":"⌛ Validating game.wlk","timeElapsed":291,"timestamp":"2026-06-14T00:48:05.318Z"}
{"level":"info","message":"⌛ Validating game.wlk","timeElapsed":198,"timestamp":"2026-06-14T00:48:05.574Z"}
{"level":"info","message":"⌛ Building environment","timeElapsed":346,"timestamp":"2026-06-14T00:48:05.922Z"}
{"level":"info","message":"⌛ Building environment","timeElapsed":247,"timestamp":"2026-06-14T00:48:06.170Z"}
{"level":"info","message":"⌛ Validating game.wlk","timeElapsed":445,"timestamp":"2026-06-14T00:48:06.626Z"}
{"level":"info","message":"⌛ Building environment","timeElapsed":736,"timestamp":"2026-06-14T00:48:07.371Z"}
{"level":"info","message":"⌛ Building environment","timeElapsed":345,"timestamp":"2026-06-14T00:48:07.753Z"}
{"level":"info","message":"⌛ Building environment","timeElapsed":2662,"timestamp":"2026-06-14T00:48:10.491Z"}
{"level":"info","message":"⌛ Building environment","timeElapsed":430,"timestamp":"2026-06-14T00:48:10.934Z"}
{"level":"info","message":"⌛ Validating game.wlk","timeElapsed":238,"timestamp":"2026-06-14T00:48:11.217Z"}
{"level":"info","message":"⌛ Building environment","timeElapsed":510,"timestamp":"2026-06-14T00:48:11.732Z"}
{"level":"info","message":"⌛ Building environment","timeElapsed":415,"timestamp":"2026-06-14T00:48:12.154Z"}
{"level":"info","message":"⌛ Building environment","timeElapsed":275,"timestamp":"2026-06-14T00:48:12.439Z"}
{"level":"info","message":"⌛ Building environment","timeElapsed":261,"timestamp":"2026-06-14T00:48:12.710Z"}
{"level":"info","message":"⌛ Validating game.wlk","timeElapsed":168,"timestamp":"2026-06-14T00:48:12.882Z"}
{"level":"info","message":"⌛ Validating game.wlk","timeElapsed":154,"timestamp":"2026-06-14T00:48:13.046Z"}
{"level":"info","message":"⌛ Validating game.wlk","timeElapsed":161,"timestamp":"2026-06-14T00:48:13.208Z"}
{"level":"info","message":"⌛ Validating game.wlk","timeElapsed":153,"timestamp":"2026-06-14T00:48:13.365Z"}
{"level":"info","message":"⌛ Building environment","timeElapsed":165,"timestamp":"2026-06-14T00:48:13.533Z"}
{"level":"info","message":"⌛ Building environment","timeElapsed":265,"timestamp":"2026-06-14T00:48:13.803Z"}
{"level":"info","message":"⌛ Validating game.wlk","timeElapsed":228,"timestamp":"2026-06-14T00:48:14.073Z"}
{"level":"info","message":"⌛ Building environment","timeElapsed":165,"timestamp":"2026-06-14T00:48:14.239Z"}
{"level":"info","message":"⌛ Validating game.wlk","timeElapsed":170,"timestamp":"2026-06-14T00:48:14.412Z"}
{"level":"info","message":"⌛ Validating game.wlk","timeElapsed":147,"timestamp":"2026-06-14T00:48:14.571Z"}
{"level":"info","message":"⌛ Validating game.wlk","timeElapsed":150,"timestamp":"2026-06-14T00:48:14.725Z"}
{"level":"info","message":"⌛ Validating game.wlk","timeElapsed":155,"timestamp":"2026-06-14T00:48:14.885Z"}
{"level":"info","message":"⌛ Building environment","timeElapsed":198,"timestamp":"2026-06-14T00:48:15.084Z"}
{"level":"info","message":"⌛ Validating game.wlk","timeElapsed":171,"timestamp":"2026-06-14T00:48:15.275Z"}
{"level":"info","message":"⌛ Building environment","timeElapsed":162,"timestamp":"2026-06-14T00:48:15.438Z"}
{"level":"info","message":"⌛ Building environment","timeElapsed":357,"timestamp":"2026-06-14T00:48:15.798Z"}
{"level":"info","message":"⌛ Validating game.wlk","timeElapsed":314,"timestamp":"2026-06-14T00:48:16.132Z"}
{"level":"info","message":"⌛ Validating game.wlk","timeElapsed":149,"timestamp":"2026-06-14T00:48:16.294Z"}
{"level":"info","message":"⌛ Building environment","timeElapsed":165,"timestamp":"2026-06-14T00:48:16.460Z"}
{"level":"info","message":"⌛ Building environment","timeElapsed":172,"timestamp":"2026-06-14T00:48:16.636Z"}
{"level":"info","message":"⌛ Building environment","timeElapsed":166,"timestamp":"2026-06-14T00:48:16.817Z"}
{"level":"info","message":"⌛ Building environment","timeElapsed":181,"timestamp":"2026-06-14T00:48:17.022Z"}
{"level":"info","message":"⌛ Validating game.wlk","timeElapsed":194,"timestamp":"2026-06-14T00:48:17.223Z"}
{"level":"info","message":"⌛ Building environment","timeElapsed":192,"timestamp":"2026-06-14T00:48:17.420Z"}
{"level":"info","message":"⌛ Building environment","timeElapsed":269,"timestamp":"2026-06-14T00:48:17.695Z"}
{"level":"info","message":"⌛ Building environment","timeElapsed":174,"timestamp":"2026-06-14T00:48:17.873Z"}
{"level":"info","message":"⌛ Validating game.wlk","timeElapsed":167,"timestamp":"2026-06-14T00:48:18.044Z"}
{"level":"info","message":"⌛ Building environment","timeElapsed":521,"timestamp":"2026-06-14T00:48:18.569Z"}
{"level":"info","message":"⌛ Validating game.wlk","timeElapsed":320,"timestamp":"2026-06-14T00:48:18.905Z"}
{"level":"info","message":"⌛ Building environment","timeElapsed":210,"timestamp":"2026-06-14T00:48:19.117Z"}
{"level":"info","message":"⌛ Validating game.wlk","timeElapsed":336,"timestamp":"2026-06-14T00:48:19.462Z"}
{"level":"info","message":"⌛ Validating game.wlk","timeElapsed":210,"timestamp":"2026-06-14T00:48:19.673Z"}
{"level":"info","message":"⌛ Validating game.wlk","timeElapsed":201,"timestamp":"2026-06-14T00:48:19.875Z"}
{"level":"info","message":"⌛ Validating game.wlk","timeElapsed":267,"timestamp":"2026-06-14T00:48:20.145Z"}
{"level":"info","message":"⌛ Validating game.wlk","timeElapsed":294,"timestamp":"2026-06-14T00:48:20.440Z"}
{"level":"info","message":"⌛ Validating game.wlk","timeElapsed":242,"timestamp":"2026-06-14T00:48:20.684Z"}
{"level":"info","message":"⌛ Validating game.wlk","timeElapsed":287,"timestamp":"2026-06-14T00:48:20.974Z"}
{"level":"info","message":"⌛ Validating game.wlk","timeElapsed":282,"timestamp":"2026-06-14T00:48:21.258Z"}
{"level":"info","message":"⌛ Validating game.wlk","timeElapsed":267,"timestamp":"2026-06-14T00:48:21.526Z"}
{"level":"info","message":"⌛ Validating game.wlk","timeElapsed":201,"timestamp":"2026-06-14T00:48:21.726Z"}
{"level":"info","message":"⌛ Validating game.wlk","timeElapsed":249,"timestamp":"2026-06-14T00:48:21.976Z"}
{"level":"info","message":"⌛ Validating game.wlk","timeElapsed":211,"timestamp":"2026-06-14T00:48:22.188Z"}
{"level":"info","message":"⌛ Validating game.wlk","timeElapsed":283,"timestamp":"2026-06-14T00:48:22.473Z"}
{"level":"info","message":"⌛ Validating game.wlk","timeElapsed":266,"timestamp":"2026-06-14T00:48:22.740Z"}
{"level":"info","message":"⌛ Validating game.wlk","timeElapsed":229,"timestamp":"2026-06-14T00:48:22.970Z"}
{"level":"info","message":"⌛ Validating game.wlk","timeElapsed":205,"timestamp":"2026-06-14T00:48:23.176Z"}
{"level":"info","message":"⌛ Validating game.wlk","timeElapsed":233,"timestamp":"2026-06-14T00:48:23.410Z"}
{"level":"info","message":"⌛ Building environment","timeElapsed":200,"timestamp":"2026-06-14T00:48:23.624Z"}
{"level":"info","message":"⌛ Building environment","timeElapsed":313,"timestamp":"2026-06-14T00:48:23.944Z"}
{"level":"info","message":"⌛ Building environment","timeElapsed":305,"timestamp":"2026-06-14T00:48:24.274Z"}
{"level":"info","message":"⌛ Building environment","timeElapsed":283,"timestamp":"2026-06-14T00:48:24.581Z"}
{"level":"info","message":"⌛ Building environment","timeElapsed":322,"timestamp":"2026-06-14T00:48:24.904Z"}
{"level":"info","message":"⌛ Building environment","timeElapsed":309,"timestamp":"2026-06-14T00:48:25.213Z"}
{"level":"info","message":"⌛ Building environment","timeElapsed":278,"timestamp":"2026-06-14T00:48:25.529Z"}
{"level":"info","message":"⌛ Validating game.wlk","timeElapsed":371,"timestamp":"2026-06-14T00:48:26.092Z"}
{"level":"info","message":"⌛ Validating game.wlk","timeElapsed":266,"timestamp":"2026-06-14T00:48:26.367Z"}
{"level":"info","message":"⌛ Validating game.wlk","timeElapsed":393,"timestamp":"2026-06-14T00:48:26.768Z"}
{"level":"info","message":"⌛ Validating game.wlk","timeElapsed":314,"timestamp":"2026-06-14T00:48:27.082Z"}
{"level":"info","message":"⌛ Validating game.wlk","timeElapsed":249,"timestamp":"2026-06-14T00:48:27.332Z"}
{"level":"info","message":"⌛ Validating game.wlk","timeElapsed":247,"timestamp":"2026-06-14T00:48:27.598Z"}
{"level":"info","message":"⌛ Validating game.wlk","timeElapsed":222,"timestamp":"2026-06-14T00:48:27.835Z"}
{"level":"info","message":"⌛ Validating game.wlk","timeElapsed":305,"timestamp":"2026-06-14T00:48:28.217Z"}
{"level":"info","message":"⌛ Validating game.wlk","timeElapsed":317,"timestamp":"2026-06-14T00:48:28.534Z"}
{"level":"info","message":"⌛ Validating game.wlk","timeElapsed":354,"timestamp":"2026-06-14T00:48:28.898Z"}
{"level":"info","message":"⌛ Validating game.wlk","timeElapsed":315,"timestamp":"2026-06-14T00:48:29.213Z"}
{"level":"info","message":"⌛ Validating game.wlk","timeElapsed":236,"timestamp":"2026-06-14T00:48:29.450Z"}
{"level":"info","message":"⌛ Validating game.wlk","timeElapsed":247,"timestamp":"2026-06-14T00:48:29.698Z"}
{"level":"info","message":"⌛ Validating game.wlk","timeElapsed":203,"timestamp":"2026-06-14T00:48:29.917Z"}
{"level":"info","message":"⌛ Validating game.wlk","timeElapsed":227,"timestamp":"2026-06-14T00:48:30.144Z"}
{"level":"info","message":"⌛ Validating game.wlk","timeElapsed":259,"timestamp":"2026-06-14T00:48:30.407Z"}
{"level":"info","message":"⌛ Validating game.wlk","timeElapsed":191,"timestamp":"2026-06-14T00:48:30.601Z"}
{"level":"info","message":"⌛ Validating game.wlk","timeElapsed":309,"timestamp":"2026-06-14T00:48:30.929Z"}
{"level":"info","message":"⌛ Validating game.wlk","timeElapsed":327,"timestamp":"2026-06-14T00:48:31.278Z"}
{"level":"info","message":"⌛ Validating game.wlk","timeElapsed":265,"timestamp":"2026-06-14T00:48:31.544Z"}
{"level":"info","message":"⌛ Validating game.wlk","timeElapsed":272,"timestamp":"2026-06-14T00:48:31.825Z"}
{"level":"info","message":"⌛ Validating game.wlk","timeElapsed":284,"timestamp":"2026-06-14T00:48:32.119Z"}
{"level":"info","message":"⌛ Validating game.wlk","timeElapsed":286,"timestamp":"2026-06-14T00:48:32.416Z"}
{"level":"info","message":"⌛ Validating game.wlk","timeElapsed":328,"timestamp":"2026-06-14T00:48:32.744Z"}
{"level":"info","message":"⌛ Validating game.wlk","timeElapsed":353,"timestamp":"2026-06-14T00:48:33.105Z"}
{"level":"info","message":"⌛ Validating game.wlk","timeElapsed":346,"timestamp":"2026-06-14T00:48:33.460Z"}
{"level":"info","message":"⌛ Validating game.wlk","timeElapsed":384,"timestamp":"2026-06-14T00:48:33.845Z"}
{"level":"info","message":"⌛ Validating game.wlk","timeElapsed":247,"timestamp":"2026-06-14T00:48:34.092Z"}
{"level":"info","message":"⌛ Validating game.wlk","timeElapsed":305,"timestamp":"2026-06-14T00:48:34.405Z"}
{"level":"info","message":"⌛ Validating game.wlk","timeElapsed":324,"timestamp":"2026-06-14T00:48:34.776Z"}
{"level":"info","message":"⌛ Building environment","timeElapsed":232,"timestamp":"2026-06-14T00:48:35.015Z"}
{"level":"info","message":"⌛ Building environment","timeElapsed":300,"timestamp":"2026-06-14T00:48:35.316Z"}
{"level":"info","message":"⌛ Building environment","timeElapsed":272,"timestamp":"2026-06-14T00:48:35.589Z"}
{"level":"info","message":"⌛ Validating game.wlk","timeElapsed":280,"timestamp":"2026-06-14T00:48:35.877Z"}
{"level":"info","message":"⌛ Validating game.wlk","timeElapsed":364,"timestamp":"2026-06-14T00:48:36.251Z"}
{"level":"info","message":"⌛ Building environment","timeElapsed":262,"timestamp":"2026-06-14T00:48:36.514Z"}
{"level":"info","message":"⌛ Building environment","timeElapsed":261,"timestamp":"2026-06-14T00:48:36.776Z"}
{"level":"info","message":"⌛ Building environment","timeElapsed":287,"timestamp":"2026-06-14T00:48:37.080Z"}
{"level":"info","message":"⌛ Building environment","timeElapsed":391,"timestamp":"2026-06-14T00:48:37.472Z"}
{"level":"info","message":"⌛ Building environment","timeElapsed":337,"timestamp":"2026-06-14T00:48:37.810Z"}
{"level":"info","message":"⌛ Building environment","timeElapsed":264,"timestamp":"2026-06-14T00:48:38.075Z"}
{"level":"info","message":"⌛ Building environment","timeElapsed":282,"timestamp":"2026-06-14T00:48:38.359Z"}
{"level":"info","message":"⌛ Building environment","timeElapsed":304,"timestamp":"2026-06-14T00:48:38.663Z"}
{"level":"info","message":"⌛ Building environment","timeElapsed":1180,"timestamp":"2026-06-14T00:48:39.851Z"}
{"level":"info","message":"⌛ Building environment","timeElapsed":1520,"timestamp":"2026-06-14T00:48:41.373Z"}
{"level":"info","message":"⌛ Building environment","timeElapsed":221,"timestamp":"2026-06-14T00:48:41.598Z"}
{"level":"info","message":"⌛ Building environment","timeElapsed":1087,"timestamp":"2026-06-14T00:48:42.703Z"}
{"level":"info","message":"⌛ Building environment","timeElapsed":178,"timestamp":"2026-06-14T00:48:42.885Z"}
{"level":"info","message":"⌛ Building environment","timeElapsed":652,"timestamp":"2026-06-14T00:48:43.568Z"}
{"level":"info","message":"⌛ Building environment","timeElapsed":270,"timestamp":"2026-06-14T00:48:43.842Z"}
{"level":"info","message":"⌛ Building environment","timeElapsed":191,"timestamp":"2026-06-14T00:48:44.072Z"}
{"level":"info","message":"⌛ Building environment","timeElapsed":187,"timestamp":"2026-06-14T00:48:44.268Z"}
{"level":"info","message":"⌛ Validating game.wlk","timeElapsed":226,"timestamp":"2026-06-14T00:48:44.561Z"}
{"level":"info","message":"⌛ Building environment","timeElapsed":235,"timestamp":"2026-06-14T00:48:44.805Z"}
{"level":"info","message":"⌛ Validating game.wlk","timeElapsed":194,"timestamp":"2026-06-14T00:48:45.006Z"}
{"level":"info","message":"⌛ Building environment","timeElapsed":201,"timestamp":"2026-06-14T00:48:45.219Z"}
{"level":"info","message":"⌛ Validating game.wlk","timeElapsed":179,"timestamp":"2026-06-14T00:48:45.398Z"}
{"level":"info","message":"⌛ Validating game.wlk","timeElapsed":161,"timestamp":"2026-06-14T00:48:45.582Z"}
{"level":"info","message":"⌛ Building environment","timeElapsed":162,"timestamp":"2026-06-14T00:48:45.746Z"}
{"level":"info","message":"⌛ Validating game.wlk","timeElapsed":178,"timestamp":"2026-06-14T00:48:45.929Z"}
{"level":"info","message":"⌛ Validating game.wlk","timeElapsed":156,"timestamp":"2026-06-14T00:48:46.097Z"}
{"level":"info","message":"⌛ Building environment","timeElapsed":168,"timestamp":"2026-06-14T00:48:46.267Z"}
{"level":"info","message":"⌛ Validating game.wlk","timeElapsed":161,"timestamp":"2026-06-14T00:48:46.431Z"}
{"level":"info","message":"⌛ Building environment","timeElapsed":174,"timestamp":"2026-06-14T00:48:46.608Z"}
{"level":"info","message":"⌛ Building environment","timeElapsed":175,"timestamp":"2026-06-14T00:48:46.786Z"}
{"level":"info","message":"⌛ Building environment","timeElapsed":163,"timestamp":"2026-06-14T00:48:46.973Z"}
{"level":"info","message":"⌛ Building environment","timeElapsed":170,"timestamp":"2026-06-14T00:48:47.147Z"}
{"level":"info","message":"⌛ Building environment","timeElapsed":166,"timestamp":"2026-06-14T00:48:47.343Z"}
{"level":"info","message":"⌛ Building environment","timeElapsed":164,"timestamp":"2026-06-14T00:48:47.509Z"}
{"level":"info","message":"⌛ Building environment","timeElapsed":211,"timestamp":"2026-06-14T00:48:47.739Z"}
{"level":"info","message":"⌛ Building environment","timeElapsed":166,"timestamp":"2026-06-14T00:48:47.908Z"}
{"level":"info","message":"⌛ Building environment","timeElapsed":165,"timestamp":"2026-06-14T00:48:48.092Z"}
{"level":"info","message":"⌛ Building environment","timeElapsed":170,"timestamp":"2026-06-14T00:48:48.265Z"}
{"level":"info","message":"⌛ Building environment","timeElapsed":161,"timestamp":"2026-06-14T00:48:48.449Z"}
{"level":"info","message":"⌛ Building environment","timeElapsed":171,"timestamp":"2026-06-14T00:48:48.624Z"}
{"level":"info","message":"⌛ Building environment","timeElapsed":164,"timestamp":"2026-06-14T00:48:48.817Z"}
{"level":"info","message":"⌛ Building environment","timeElapsed":170,"timestamp":"2026-06-14T00:48:48.990Z"}
{"level":"info","message":"⌛ Building environment","timeElapsed":163,"timestamp":"2026-06-14T00:48:49.188Z"}
{"level":"info","message":"⌛ Building environment","timeElapsed":248,"timestamp":"2026-06-14T00:48:49.458Z"}
{"level":"info","message":"⌛ Building environment","timeElapsed":171,"timestamp":"2026-06-14T00:48:49.639Z"}
{"level":"info","message":"⌛ Building environment","timeElapsed":192,"timestamp":"2026-06-14T00:48:49.839Z"}
{"level":"info","message":"⌛ Building environment","timeElapsed":231,"timestamp":"2026-06-14T00:48:50.081Z"}
{"level":"info","message":"⌛ Building environment","timeElapsed":219,"timestamp":"2026-06-14T00:48:50.359Z"}
{"level":"info","message":"⌛ Building environment","timeElapsed":214,"timestamp":"2026-06-14T00:48:50.576Z"}
{"level":"info","message":"⌛ Building environment","timeElapsed":179,"timestamp":"2026-06-14T00:48:50.780Z"}
{"level":"info","message":"⌛ Building environment","timeElapsed":303,"timestamp":"2026-06-14T00:48:51.108Z"}
{"level":"info","message":"⌛ Building environment","timeElapsed":655,"timestamp":"2026-06-14T00:48:51.932Z"}
{"level":"info","message":"⌛ Building environment","timeElapsed":255,"timestamp":"2026-06-14T00:48:52.195Z"}
{"level":"info","message":"⌛ Building environment","timeElapsed":194,"timestamp":"2026-06-14T00:48:52.391Z"}
{"level":"info","message":"⌛ Building environment","timeElapsed":215,"timestamp":"2026-06-14T00:48:52.610Z"}
{"level":"info","message":"⌛ Building environment","timeElapsed":171,"timestamp":"2026-06-14T00:48:52.807Z"}
{"level":"info","message":"⌛ Building environment","timeElapsed":167,"timestamp":"2026-06-14T00:48:52.977Z"}
{"level":"info","message":"⌛ Building environment","timeElapsed":165,"timestamp":"2026-06-14T00:48:53.164Z"}
{"level":"info","message":"⌛ Building environment","timeElapsed":163,"timestamp":"2026-06-14T00:48:53.340Z"}
{"level":"info","message":"⌛ Building environment","timeElapsed":183,"timestamp":"2026-06-14T00:48:53.546Z"}
{"level":"info","message":"⌛ Building environment","timeElapsed":228,"timestamp":"2026-06-14T00:48:53.779Z"}
{"level":"info","message":"⌛ Building environment","timeElapsed":161,"timestamp":"2026-06-14T00:48:53.965Z"}
{"level":"info","message":"⌛ Building environment","timeElapsed":237,"timestamp":"2026-06-14T00:48:54.205Z"}
{"level":"info","message":"⌛ Building environment","timeElapsed":169,"timestamp":"2026-06-14T00:48:54.399Z"}
{"level":"info","message":"⌛ Building environment","timeElapsed":578,"timestamp":"2026-06-14T00:48:54.987Z"}
{"level":"info","message":"⌛ Building environment","timeElapsed":245,"timestamp":"2026-06-14T00:48:55.256Z"}
{"level":"info","message":"⌛ Building environment","timeElapsed":204,"timestamp":"2026-06-14T00:48:55.487Z"}
{"level":"info","message":"⌛ Building environment","timeElapsed":218,"timestamp":"2026-06-14T00:48:55.737Z"}
{"level":"info","message":"⌛ Building environment","timeElapsed":169,"timestamp":"2026-06-14T00:48:55.910Z"}
{"level":"info","message":"⌛ Building environment","timeElapsed":225,"timestamp":"2026-06-14T00:48:56.159Z"}
{"level":"info","message":"⌛ Building environment","timeElapsed":204,"timestamp":"2026-06-14T00:48:56.366Z"}
{"level":"info","message":"⌛ Building environment","timeElapsed":183,"timestamp":"2026-06-14T00:48:56.587Z"}
{"level":"info","message":"⌛ Building environment","timeElapsed":225,"timestamp":"2026-06-14T00:48:56.835Z"}
{"level":"info","message":"⌛ Building environment","timeElapsed":178,"timestamp":"2026-06-14T00:48:57.017Z"}
{"level":"info","message":"⌛ Building environment","timeElapsed":334,"timestamp":"2026-06-14T00:48:57.355Z"}
{"level":"info","message":"⌛ Building environment","timeElapsed":239,"timestamp":"2026-06-14T00:48:57.598Z"}
{"level":"info","message":"⌛ Building environment","timeElapsed":225,"timestamp":"2026-06-14T00:48:57.838Z"}
{"level":"info","message":"⌛ Validating game.wlk","timeElapsed":348,"timestamp":"2026-06-14T00:48:58.208Z"}
{"level":"info","message":"⌛ Validating game.wlk","timeElapsed":291,"timestamp":"2026-06-14T00:48:58.500Z"}
{"level":"info","message":"⌛ Validating game.wlk","timeElapsed":206,"timestamp":"2026-06-14T00:48:58.707Z"}
{"level":"info","message":"⌛ Validating game.wlk","timeElapsed":174,"timestamp":"2026-06-14T00:48:58.884Z"}
{"level":"info","message":"⌛ Validating game.wlk","timeElapsed":268,"timestamp":"2026-06-14T00:48:59.153Z"}
{"level":"info","message":"⌛ Validating game.wlk","timeElapsed":346,"timestamp":"2026-06-14T00:48:59.499Z"}
{"level":"info","message":"⌛ Validating game.wlk","timeElapsed":781,"timestamp":"2026-06-14T00:49:00.282Z"}
{"level":"info","message":"⌛ Validating game.wlk","timeElapsed":334,"timestamp":"2026-06-14T00:49:00.619Z"}
{"level":"info","message":"⌛ Validating game.wlk","timeElapsed":557,"timestamp":"2026-06-14T00:49:01.178Z"}
{"level":"info","message":"⌛ Validating game.wlk","timeElapsed":162,"timestamp":"2026-06-14T00:49:01.348Z"}
{"level":"info","message":"⌛ Building environment","timeElapsed":180,"timestamp":"2026-06-14T00:49:01.535Z"}
{"level":"info","message":"⌛ Building environment","timeElapsed":279,"timestamp":"2026-06-14T00:49:01.882Z"}
{"level":"info","message":"⌛ Validating game.wlk","timeElapsed":187,"timestamp":"2026-06-14T00:49:02.149Z"}
{"level":"info","message":"⌛ Building environment","timeElapsed":215,"timestamp":"2026-06-14T00:49:02.377Z"}
{"level":"info","message":"⌛ Validating game.wlk","timeElapsed":150,"timestamp":"2026-06-14T00:49:02.602Z"}
{"level":"info","message":"⌛ Validating game.wlk","timeElapsed":210,"timestamp":"2026-06-14T00:49:02.831Z"}
{"level":"info","message":"⌛ Validating game.wlk","timeElapsed":503,"timestamp":"2026-06-14T00:49:03.334Z"}
{"level":"info","message":"⌛ Validating game.wlk","timeElapsed":288,"timestamp":"2026-06-14T00:49:04.020Z"}
{"level":"info","message":"⌛ Validating game.wlk","timeElapsed":164,"timestamp":"2026-06-14T00:49:04.187Z"}
{"level":"info","message":"⌛ Validating game.wlk","timeElapsed":315,"timestamp":"2026-06-14T00:49:04.509Z"}
{"level":"info","message":"⌛ Validating game.wlk","timeElapsed":156,"timestamp":"2026-06-14T00:49:04.670Z"}
{"level":"info","message":"⌛ Validating game.wlk","timeElapsed":157,"timestamp":"2026-06-14T00:49:04.837Z"}
{"level":"info","message":"⌛ Validating game.wlk","timeElapsed":210,"timestamp":"2026-06-14T00:49:05.059Z"}
{"level":"info","message":"⌛ Validating game.wlk","timeElapsed":864,"timestamp":"2026-06-14T00:49:05.928Z"}
{"level":"info","message":"⌛ Validating game.wlk","timeElapsed":321,"timestamp":"2026-06-14T00:49:06.261Z"}
{"level":"info","message":"⌛ Validating game.wlk","timeElapsed":492,"timestamp":"2026-06-14T00:49:06.767Z"}
{"level":"info","message":"⌛ Validating game.wlk","timeElapsed":855,"timestamp":"2026-06-14T00:49:07.640Z"}
{"level":"info","message":"⌛ Validating game.wlk","timeElapsed":435,"timestamp":"2026-06-14T00:49:08.083Z"}
{"level":"info","message":"⌛ Validating game.wlk","timeElapsed":310,"timestamp":"2026-06-14T00:49:08.431Z"}
{"level":"info","message":"⌛ Validating game.wlk","timeElapsed":243,"timestamp":"2026-06-14T00:49:08.674Z"}
{"level":"info","message":"⌛ Validating game.wlk","timeElapsed":162,"timestamp":"2026-06-14T00:49:08.842Z"}
{"level":"info","message":"⌛ Validating game.wlk","timeElapsed":228,"timestamp":"2026-06-14T00:49:09.076Z"}
{"level":"info","message":"⌛ Validating game.wlk","timeElapsed":232,"timestamp":"2026-06-14T00:49:09.308Z"}
{"level":"info","message":"⌛ Validating game.wlk","timeElapsed":227,"timestamp":"2026-06-14T00:49:09.538Z"}
{"level":"info","message":"⌛ Validating game.wlk","timeElapsed":177,"timestamp":"2026-06-14T00:49:09.721Z"}
{"level":"info","message":"⌛ Validating game.wlk","timeElapsed":152,"timestamp":"2026-06-14T00:49:09.873Z"}
{"level":"info","message":"⌛ Validating game.wlk","timeElapsed":155,"timestamp":"2026-06-14T00:49:10.030Z"}
{"level":"info","message":"⌛ Validating game.wlk","timeElapsed":169,"timestamp":"2026-06-14T00:49:10.207Z"}
{"level":"info","message":"⌛ Validating game.wlk","timeElapsed":160,"timestamp":"2026-06-14T00:49:10.369Z"}
{"level":"info","message":"⌛ Validating game.wlk","timeElapsed":157,"timestamp":"2026-06-14T00:49:10.531Z"}
{"level":"info","message":"⌛ Validating game.wlk","timeElapsed":182,"timestamp":"2026-06-14T00:49:10.722Z"}
{"level":"info","message":"⌛ Validating game.wlk","timeElapsed":200,"timestamp":"2026-06-14T00:49:10.943Z"}
{"level":"info","message":"⌛ Validating game.wlk","timeElapsed":144,"timestamp":"2026-06-14T00:49:11.094Z"}
{"level":"info","message":"⌛ Validating game.wlk","timeElapsed":144,"timestamp":"2026-06-14T00:49:11.244Z"}
{"level":"info","message":"⌛ Validating game.wlk","timeElapsed":150,"timestamp":"2026-06-14T00:49:11.400Z"}
{"level":"info","message":"⌛ Validating game.wlk","timeElapsed":594,"timestamp":"2026-06-14T00:49:12.040Z"}
{"level":"info","message":"⌛ Validating game.wlk","timeElapsed":158,"timestamp":"2026-06-14T00:49:12.202Z"}
{"level":"info","message":"⌛ Validating game.wlk","timeElapsed":144,"timestamp":"2026-06-14T00:49:12.352Z"}
{"level":"info","message":"⌛ Validating game.wlk","timeElapsed":146,"timestamp":"2026-06-14T00:49:12.502Z"}
{"level":"info","message":"⌛ Validating game.wlk","timeElapsed":148,"timestamp":"2026-06-14T00:49:12.655Z"}
{"level":"info","message":"⌛ Validating game.wlk","timeElapsed":153,"timestamp":"2026-06-14T00:49:12.812Z"}
{"level":"info","message":"⌛ Validating game.wlk","timeElapsed":159,"timestamp":"2026-06-14T00:49:12.976Z"}
{"level":"info","message":"⌛ Validating game.wlk","timeElapsed":151,"timestamp":"2026-06-14T00:49:13.139Z"}
{"level":"info","message":"⌛ Validating game.wlk","timeElapsed":153,"timestamp":"2026-06-14T00:49:13.298Z"}
{"level":"info","message":"⌛ Validating game.wlk","timeElapsed":164,"timestamp":"2026-06-14T00:49:13.467Z"}
{"level":"info","message":"⌛ Validating game.wlk","timeElapsed":148,"timestamp":"2026-06-14T00:49:13.619Z"}
{"level":"info","message":"⌛ Validating game.wlk","timeElapsed":153,"timestamp":"2026-06-14T00:49:13.777Z"}
{"level":"info","message":"⌛ Validating game.wlk","timeElapsed":145,"timestamp":"2026-06-14T00:49:13.928Z"}
{"level":"info","message":"⌛ Validating game.wlk","timeElapsed":146,"timestamp":"2026-06-14T00:49:14.080Z"}
{"level":"info","message":"⌛ Validating game.wlk","timeElapsed":150,"timestamp":"2026-06-14T00:49:14.236Z"}
{"level":"info","message":"⌛ Validating game.wlk","timeElapsed":149,"timestamp":"2026-06-14T00:49:14.391Z"}
{"level":"info","message":"⌛ Validating game.wlk","timeElapsed":144,"timestamp":"2026-06-14T00:49:14.540Z"}
{"level":"info","message":"⌛ Validating game.wlk","timeElapsed":143,"timestamp":"2026-06-14T00:49:14.690Z"}
{"level":"info","message":"⌛ Validating game.wlk","timeElapsed":147,"timestamp":"2026-06-14T00:49:14.842Z"}
{"level":"info","message":"⌛ Validating game.wlk","timeElapsed":150,"timestamp":"2026-06-14T00:49:14.997Z"}
{"level":"info","message":"⌛ Validating game.wlk","timeElapsed":146,"timestamp":"2026-06-14T00:49:15.147Z"}
{"level":"info","message":"⌛ Validating game.wlk","timeElapsed":146,"timestamp":"2026-06-14T00:49:15.296Z"}
{"level":"info","message":"⌛ Validating game.wlk","timeElapsed":153,"timestamp":"2026-06-14T00:49:15.454Z"}
{"level":"info","message":"⌛ Validating game.wlk","timeElapsed":148,"timestamp":"2026-06-14T00:49:15.604Z"}
{"level":"info","message":"⌛ Validating game.wlk","timeElapsed":142,"timestamp":"2026-06-14T00:49:15.751Z"}
{"level":"info","message":"⌛ Validating game.wlk","timeElapsed":143,"timestamp":"2026-06-14T00:49:15.901Z"}
{"level":"info","message":"⌛ Validating game.wlk","timeElapsed":145,"timestamp":"2026-06-14T00:49:16.051Z"}
{"level":"info","message":"⌛ Validating game.wlk","timeElapsed":150,"timestamp":"2026-06-14T00:49:16.206Z"}
{"level":"info","message":"⌛ Validating game.wlk","timeElapsed":146,"timestamp":"2026-06-14T00:49:16.357Z"}
{"level":"info","message":"⌛ Validating game.wlk","timeElapsed":146,"timestamp":"2026-06-14T00:49:16.508Z"}
{"level":"info","message":"⌛ Validating game.wlk","timeElapsed":146,"timestamp":"2026-06-14T00:49:16.661Z"}
{"level":"info","message":"⌛ Validating game.wlk","timeElapsed":138,"timestamp":"2026-06-14T00:49:16.841Z"}
{"level":"info","message":"⌛ Validating game.wlk","timeElapsed":151,"timestamp":"2026-06-14T00:49:17.006Z"}
{"level":"info","message":"⌛ Validating game.wlk","timeElapsed":144,"timestamp":"2026-06-14T00:49:17.151Z"}
{"level":"info","message":"⌛ Building environment","timeElapsed":376,"timestamp":"2026-06-14T01:06:46.079Z"}
{"level":"info","message":"⌛ Validating game.wlk","timeElapsed":288,"timestamp":"2026-06-14T01:06:46.465Z"}
{"level":"info","message":"⌛ Building environment","timeElapsed":380,"timestamp":"2026-06-14T01:06:47.116Z"}
{"level":"info","message":"⌛ Building environment","timeElapsed":316,"timestamp":"2026-06-14T01:06:47.433Z"}
{"level":"info","message":"⌛ Building environment","timeElapsed":481,"timestamp":"2026-06-14T01:06:48.266Z"}
{"level":"info","message":"⌛ Validating game.wlk","timeElapsed":406,"timestamp":"2026-06-14T01:06:48.673Z"}
{"level":"info","message":"⌛ Building environment","timeElapsed":438,"timestamp":"2026-06-14T01:06:49.113Z"}
{"level":"info","message":"⌛ Building environment","timeElapsed":320,"timestamp":"2026-06-14T01:06:49.435Z"}
{"level":"info","message":"⌛ Building environment","timeElapsed":347,"timestamp":"2026-06-14T01:06:49.782Z"}
{"level":"info","message":"⌛ Building environment","timeElapsed":513,"timestamp":"2026-06-14T01:06:50.319Z"}
{"level":"info","message":"⌛ Building environment","timeElapsed":451,"timestamp":"2026-06-14T01:06:50.775Z"}
{"level":"info","message":"⌛ Building environment","timeElapsed":306,"timestamp":"2026-06-14T01:06:51.101Z"}
{"level":"info","message":"⌛ Building environment","timeElapsed":269,"timestamp":"2026-06-14T01:06:51.371Z"}
{"level":"info","message":"⌛ Building environment","timeElapsed":245,"timestamp":"2026-06-14T01:06:51.655Z"}
{"level":"info","message":"⌛ Building environment","timeElapsed":735,"timestamp":"2026-06-14T01:06:52.392Z"}
{"level":"info","message":"⌛ Building environment","timeElapsed":356,"timestamp":"2026-06-14T01:06:52.840Z"}
{"level":"info","message":"⌛ Validating game.wlk","timeElapsed":413,"timestamp":"2026-06-14T01:06:53.255Z"}
{"level":"info","message":"⌛ Building environment","timeElapsed":292,"timestamp":"2026-06-14T01:06:53.547Z"}
{"level":"info","message":"⌛ Building environment","timeElapsed":332,"timestamp":"2026-06-14T01:06:53.946Z"}
{"level":"info","message":"⌛ Building environment","timeElapsed":269,"timestamp":"2026-06-14T01:06:54.216Z"}
{"level":"info","message":"⌛ Building environment","timeElapsed":287,"timestamp":"2026-06-14T01:06:54.504Z"}
{"level":"info","message":"⌛ Building environment","timeElapsed":415,"timestamp":"2026-06-14T01:06:54.952Z"}
{"level":"info","message":"⌛ Building environment","timeElapsed":295,"timestamp":"2026-06-14T01:06:55.273Z"}
{"level":"info","message":"⌛ Building environment","timeElapsed":254,"timestamp":"2026-06-14T01:06:55.550Z"}
{"level":"info","message":"⌛ Building environment","timeElapsed":277,"timestamp":"2026-06-14T01:06:55.832Z"}
{"level":"info","message":"⌛ Building environment","timeElapsed":336,"timestamp":"2026-06-14T01:06:56.178Z"}
{"level":"info","message":"⌛ Building environment","timeElapsed":449,"timestamp":"2026-06-14T01:06:56.629Z"}
{"level":"info","message":"⌛ Building environment","timeElapsed":748,"timestamp":"2026-06-14T01:06:57.378Z"}
{"level":"info","message":"⌛ Building environment","timeElapsed":332,"timestamp":"2026-06-14T01:06:57.715Z"}
{"level":"info","message":"⌛ Building environment","timeElapsed":630,"timestamp":"2026-06-14T01:06:58.376Z"}
{"level":"info","message":"⌛ Building environment","timeElapsed":235,"timestamp":"2026-06-14T01:06:58.612Z"}
{"level":"info","message":"⌛ Building environment","timeElapsed":470,"timestamp":"2026-06-14T01:06:59.108Z"}
{"level":"info","message":"⌛ Building environment","timeElapsed":268,"timestamp":"2026-06-14T01:06:59.382Z"}
{"level":"info","message":"⌛ Building environment","timeElapsed":348,"timestamp":"2026-06-14T01:06:59.746Z"}
{"level":"info","message":"⌛ Validating game.wlk","timeElapsed":184,"timestamp":"2026-06-14T01:06:59.977Z"}
{"level":"info","message":"⌛ Validating game.wlk","timeElapsed":247,"timestamp":"2026-06-14T01:07:00.227Z"}
{"level":"info","message":"⌛ Validating game.wlk","timeElapsed":236,"timestamp":"2026-06-14T01:07:00.464Z"}
{"level":"info","message":"⌛ Validating game.wlk","timeElapsed":182,"timestamp":"2026-06-14T01:07:00.649Z"}
{"level":"info","message":"⌛ Validating game.wlk","timeElapsed":195,"timestamp":"2026-06-14T01:07:00.848Z"}
{"level":"info","message":"⌛ Validating game.wlk","timeElapsed":163,"timestamp":"2026-06-14T01:07:01.013Z"}
{"level":"info","message":"⌛ Validating game.wlk","timeElapsed":415,"timestamp":"2026-06-14T01:07:01.439Z"}
{"level":"info","message":"⌛ Validating game.wlk","timeElapsed":372,"timestamp":"2026-06-14T01:07:01.813Z"}
{"level":"info","message":"⌛ Validating game.wlk","timeElapsed":198,"timestamp":"2026-06-14T01:07:02.011Z"}
{"level":"info","message":"⌛ Validating game.wlk","timeElapsed":509,"timestamp":"2026-06-14T01:07:02.522Z"}
{"level":"info","message":"⌛ Validating game.wlk","timeElapsed":252,"timestamp":"2026-06-14T01:07:02.810Z"}
{"level":"info","message":"⌛ Validating game.wlk","timeElapsed":232,"timestamp":"2026-06-14T01:07:03.048Z"}
{"level":"info","message":"⌛ Validating game.wlk","timeElapsed":186,"timestamp":"2026-06-14T01:07:03.242Z"}
{"level":"info","message":"⌛ Validating game.wlk","timeElapsed":142,"timestamp":"2026-06-14T01:07:03.387Z"}
{"level":"info","message":"⌛ Validating game.wlk","timeElapsed":171,"timestamp":"2026-06-14T01:07:03.564Z"}
{"level":"info","message":"⌛ Validating game.wlk","timeElapsed":644,"timestamp":"2026-06-14T01:07:04.220Z"}
{"level":"info","message":"⌛ Validating game.wlk","timeElapsed":459,"timestamp":"2026-06-14T01:07:04.690Z"}
{"level":"info","message":"⌛ Validating game.wlk","timeElapsed":360,"timestamp":"2026-06-14T01:07:05.066Z"}
{"level":"info","message":"⌛ Validating game.wlk","timeElapsed":310,"timestamp":"2026-06-14T01:07:05.379Z"}
{"level":"info","message":"⌛ Validating game.wlk","timeElapsed":236,"timestamp":"2026-06-14T01:07:05.622Z"}
{"level":"info","message":"⌛ Validating game.wlk","timeElapsed":400,"timestamp":"2026-06-14T01:07:06.026Z"}
{"level":"info","message":"⌛ Validating game.wlk","timeElapsed":158,"timestamp":"2026-06-14T01:07:06.228Z"}
{"level":"info","message":"⌛ Validating game.wlk","timeElapsed":145,"timestamp":"2026-06-14T01:07:06.378Z"}
{"level":"info","message":"⌛ Validating game.wlk","timeElapsed":148,"timestamp":"2026-06-14T01:07:06.531Z"}
{"level":"info","message":"⌛ Validating game.wlk","timeElapsed":149,"timestamp":"2026-06-14T01:07:06.687Z"}
{"level":"info","message":"⌛ Validating game.wlk","timeElapsed":195,"timestamp":"2026-06-14T01:07:06.889Z"}
{"level":"info","message":"⌛ Validating game.wlk","timeElapsed":174,"timestamp":"2026-06-14T01:07:07.068Z"}
{"level":"info","message":"⌛ Validating game.wlk","timeElapsed":181,"timestamp":"2026-06-14T01:07:07.256Z"}
{"level":"info","message":"⌛ Building environment","timeElapsed":184,"timestamp":"2026-06-14T01:07:14.233Z"}
{"level":"info","message":"⌛ Validating mainExample.wpgm","timeElapsed":243,"timestamp":"2026-06-14T01:07:14.481Z"}
{"level":"info","message":"⌛ Building environment","timeElapsed":215,"timestamp":"2026-06-14T01:07:15.711Z"}
{"level":"info","message":"⌛ Building environment","timeElapsed":230,"timestamp":"2026-06-14T01:07:16.012Z"}
{"level":"info","message":"⌛ Building environment","timeElapsed":130,"timestamp":"2026-06-14T01:07:16.226Z"}
{"level":"info","message":"⌛ Validating mainExample.wpgm","timeElapsed":320,"timestamp":"2026-06-14T01:07:16.562Z"}
{"level":"info","message":"⌛ Building environment","timeElapsed":191,"timestamp":"2026-06-14T01:07:16.764Z"}
{"level":"info","message":"⌛ Building environment","timeElapsed":210,"timestamp":"2026-06-14T01:07:16.995Z"}
{"level":"info","message":"⌛ Validating mainExample.wpgm","timeElapsed":324,"timestamp":"2026-06-14T01:07:17.352Z"}
{"level":"info","message":"⌛ Building environment","timeElapsed":189,"timestamp":"2026-06-14T01:07:17.592Z"}
{"level":"info","message":"⌛ Building environment","timeElapsed":161,"timestamp":"2026-06-14T01:07:17.794Z"}
{"level":"info","message":"⌛ Building environment","timeElapsed":307,"timestamp":"2026-06-14T01:07:18.122Z"}
{"level":"info","message":"⌛ Validating mainExample.wpgm","timeElapsed":389,"timestamp":"2026-06-14T01:07:18.539Z"}
{"level":"info","message":"⌛ Validating mainExample.wpgm","timeElapsed":266,"timestamp":"2026-06-14T01:07:18.805Z"}
{"level":"info","message":"⌛ Validating mainExample.wpgm","timeElapsed":297,"timestamp":"2026-06-14T01:07:19.103Z"}
{"level":"info","message":"⌛ Validating mainExample.wpgm","timeElapsed":301,"timestamp":"2026-06-14T01:07:19.407Z"}
{"level":"info","message":"⌛ Validating mainExample.wpgm","timeElapsed":386,"timestamp":"2026-06-14T01:07:19.795Z"}
{"level":"info","message":"⌛ Building environment","timeElapsed":760,"timestamp":"2026-06-14T01:07:20.555Z"}
{"level":"info","message":"⌛ Validating mainExample.wpgm","timeElapsed":368,"timestamp":"2026-06-14T01:07:20.947Z"}
{"level":"info","message":"⌛ Building environment","timeElapsed":256,"timestamp":"2026-06-14T01:07:21.207Z"}
{"level":"info","message":"⌛ Building environment","timeElapsed":258,"timestamp":"2026-06-14T01:07:21.518Z"}
{"level":"info","message":"⌛ Building environment","timeElapsed":191,"timestamp":"2026-06-14T01:07:21.754Z"}
{"level":"info","message":"⌛ Building environment","timeElapsed":263,"timestamp":"2026-06-14T01:07:22.067Z"}
{"level":"info","message":"⌛ Building environment","timeElapsed":611,"timestamp":"2026-06-14T01:07:22.722Z"}
{"level":"info","message":"⌛ Building environment","timeElapsed":250,"timestamp":"2026-06-14T01:07:23.002Z"}
{"level":"info","message":"⌛ Building environment","timeElapsed":234,"timestamp":"2026-06-14T01:07:23.258Z"}
{"level":"info","message":"⌛ Validating mainExample.wpgm","timeElapsed":352,"timestamp":"2026-06-14T01:07:23.625Z"}
{"level":"info","message":"⌛ Validating mainExample.wpgm","timeElapsed":297,"timestamp":"2026-06-14T01:07:23.923Z"}
{"level":"info","message":"⌛ Validating mainExample.wpgm","timeElapsed":227,"timestamp":"2026-06-14T01:07:24.150Z"}
{"level":"info","message":"⌛ Validating mainExample.wpgm","timeElapsed":216,"timestamp":"2026-06-14T01:07:24.373Z"}
{"level":"info","message":"⌛ Building environment","timeElapsed":146,"timestamp":"2026-06-14T01:07:24.519Z"}
{"level":"info","message":"⌛ Building environment","timeElapsed":221,"timestamp":"2026-06-14T01:07:24.743Z"}
{"level":"info","message":"⌛ Building environment","timeElapsed":231,"timestamp":"2026-06-14T01:07:24.975Z"}
{"level":"info","message":"⌛ Validating mainExample.wpgm","timeElapsed":246,"timestamp":"2026-06-14T01:07:25.222Z"}
{"level":"info","message":"⌛ Building environment","timeElapsed":385,"timestamp":"2026-06-14T01:07:25.608Z"}
{"level":"info","message":"⌛ Building environment","timeElapsed":210,"timestamp":"2026-06-14T01:07:25.830Z"}
{"level":"info","message":"⌛ Building environment","timeElapsed":193,"timestamp":"2026-06-14T01:07:26.030Z"}
{"level":"info","message":"⌛ Building environment","timeElapsed":184,"timestamp":"2026-06-14T01:07:26.216Z"}
{"level":"info","message":"⌛ Validating mainExample.wpgm","timeElapsed":237,"timestamp":"2026-06-14T01:07:26.463Z"}
{"level":"info","message":"⌛ Validating mainExample.wpgm","timeElapsed":294,"timestamp":"2026-06-14T01:07:26.807Z"}
{"level":"info","message":"⌛ Validating mainExample.wpgm","timeElapsed":196,"timestamp":"2026-06-14T01:07:27.003Z"}
{"level":"info","message":"⌛ Validating mainExample.wpgm","timeElapsed":166,"timestamp":"2026-06-14T01:07:27.170Z"}
{"level":"info","message":"⌛ Validating mainExample.wpgm","timeElapsed":180,"timestamp":"2026-06-14T01:07:27.352Z"}
{"level":"info","message":"⌛ Validating mainExample.wpgm","timeElapsed":161,"timestamp":"2026-06-14T01:07:27.519Z"}
{"level":"info","message":"⌛ Validating mainExample.wpgm","timeElapsed":153,"timestamp":"2026-06-14T01:07:27.672Z"}
{"level":"info","message":"⌛ Validating mainExample.wpgm","timeElapsed":182,"timestamp":"2026-06-14T01:07:27.856Z"}
{"level":"info","message":"⌛ Validating mainExample.wpgm","timeElapsed":279,"timestamp":"2026-06-14T01:07:28.145Z"}
{"level":"info","message":"⌛ Validating mainExample.wpgm","timeElapsed":213,"timestamp":"2026-06-14T01:07:28.360Z"}
{"level":"info","message":"⌛ Building environment","timeElapsed":170,"timestamp":"2026-06-14T01:07:28.536Z"}
{"level":"info","message":"⌛ Validating mainExample.wpgm","timeElapsed":354,"timestamp":"2026-06-14T01:07:28.987Z"}
{"level":"info","message":"⌛ Building environment","timeElapsed":155,"timestamp":"2026-06-14T01:07:32.948Z"}
{"level":"info","message":"⌛ Validating mainExample.wpgm","timeElapsed":214,"timestamp":"2026-06-14T01:07:33.188Z"}
{"level":"info","message":"⌛ Building environment","timeElapsed":469,"timestamp":"2026-06-14T01:07:52.083Z"}
{"level":"info","message":"⌛ Building environment","timeElapsed":306,"timestamp":"2026-06-14T01:07:52.393Z"}
{"level":"info","message":"⌛ Validating mainExample.wpgm","timeElapsed":278,"timestamp":"2026-06-14T01:07:52.704Z"}
{"level":"info","message":"⌛ Validating mainExample.wpgm","timeElapsed":310,"timestamp":"2026-06-14T01:07:53.014Z"}
{"level":"info","message":"⌛ Building environment","timeElapsed":277,"timestamp":"2026-06-14T01:07:53.292Z"}
{"level":"info","message":"⌛ Building environment","timeElapsed":257,"timestamp":"2026-06-14T01:07:53.565Z"}
{"level":"info","message":"⌛ Building environment","timeElapsed":252,"timestamp":"2026-06-14T01:07:53.854Z"}
{"level":"info","message":"⌛ Validating mainExample.wpgm","timeElapsed":278,"timestamp":"2026-06-14T01:07:54.171Z"}
{"level":"info","message":"⌛ Building environment","timeElapsed":805,"timestamp":"2026-06-14T01:07:55.012Z"}
{"level":"info","message":"⌛ Validating mainExample.wpgm","timeElapsed":272,"timestamp":"2026-06-14T01:07:55.314Z"}
{"level":"info","message":"⌛ Building environment","timeElapsed":286,"timestamp":"2026-06-14T01:07:55.615Z"}
{"level":"info","message":"⌛ Validating mainExample.wpgm","timeElapsed":311,"timestamp":"2026-06-14T01:07:55.936Z"}
{"level":"info","message":"⌛ Building environment","timeElapsed":223,"timestamp":"2026-06-14T01:07:56.160Z"}
{"level":"info","message":"⌛ Building environment","timeElapsed":157,"timestamp":"2026-06-14T01:07:56.341Z"}
{"level":"info","message":"⌛ Building environment","timeElapsed":235,"timestamp":"2026-06-14T01:07:56.621Z"}
{"level":"info","message":"⌛ Validating mainExample.wpgm","timeElapsed":280,"timestamp":"2026-06-14T01:07:56.918Z"}
{"level":"info","message":"⌛ Building environment","timeElapsed":275,"timestamp":"2026-06-14T01:07:57.195Z"}
{"level":"info","message":"⌛ Building environment","timeElapsed":261,"timestamp":"2026-06-14T01:07:57.518Z"}
{"level":"info","message":"⌛ Building environment","timeElapsed":301,"timestamp":"2026-06-14T01:07:57.861Z"}
{"level":"info","message":"⌛ Building environment","timeElapsed":197,"timestamp":"2026-06-14T01:07:58.082Z"}
{"level":"info","message":"⌛ Building environment","timeElapsed":183,"timestamp":"2026-06-14T01:07:58.287Z"}
{"level":"info","message":"⌛ Validating mainExample.wpgm","timeElapsed":242,"timestamp":"2026-06-14T01:07:58.608Z"}
{"level":"info","message":"⌛ Validating mainExample.wpgm","timeElapsed":276,"timestamp":"2026-06-14T01:07:58.886Z"}
{"level":"info","message":"⌛ Validating mainExample.wpgm","timeElapsed":322,"timestamp":"2026-06-14T01:07:59.208Z"}
{"level":"info","message":"⌛ Building environment","timeElapsed":226,"timestamp":"2026-06-14T01:07:59.434Z"}
{"level":"info","message":"⌛ Validating mainExample.wpgm","timeElapsed":223,"timestamp":"2026-06-14T01:07:59.674Z"}
{"level":"info","message":"⌛ Building environment","timeElapsed":260,"timestamp":"2026-06-14T01:07:59.946Z"}
{"level":"info","message":"⌛ Building environment","timeElapsed":279,"timestamp":"2026-06-14T01:08:00.237Z"}
{"level":"info","message":"⌛ Validating mainExample.wpgm","timeElapsed":238,"timestamp":"2026-06-14T01:08:00.502Z"}
{"level":"info","message":"⌛ Building environment","timeElapsed":129,"timestamp":"2026-06-14T01:08:00.633Z"}
{"level":"info","message":"⌛ Building environment","timeElapsed":151,"timestamp":"2026-06-14T01:08:00.807Z"}
{"level":"info","message":"⌛ Validating mainExample.wpgm","timeElapsed":151,"timestamp":"2026-06-14T01:08:00.987Z"}
{"level":"info","message":"⌛ Building environment","timeElapsed":430,"timestamp":"2026-06-14T01:08:01.420Z"}
{"level":"info","message":"⌛ Building environment","timeElapsed":190,"timestamp":"2026-06-14T01:08:01.634Z"}
{"level":"info","message":"⌛ Validating mainExample.wpgm","timeElapsed":244,"timestamp":"2026-06-14T01:08:01.910Z"}
{"level":"info","message":"⌛ Building environment","timeElapsed":190,"timestamp":"2026-06-14T01:08:02.101Z"}
{"level":"info","message":"⌛ Validating mainExample.wpgm","timeElapsed":176,"timestamp":"2026-06-14T01:08:02.308Z"}
{"level":"info","message":"⌛ Validating mainExample.wpgm","timeElapsed":209,"timestamp":"2026-06-14T01:08:02.518Z"}
{"level":"info","message":"⌛ Building environment","timeElapsed":150,"timestamp":"2026-06-14T01:08:02.670Z"}
{"level":"info","message":"⌛ Building environment","timeElapsed":140,"timestamp":"2026-06-14T01:08:02.834Z"}
{"level":"info","message":"⌛ Building environment","timeElapsed":166,"timestamp":"2026-06-14T01:08:03.028Z"}
{"level":"info","message":"⌛ Building environment","timeElapsed":602,"timestamp":"2026-06-14T01:08:03.688Z"}
{"level":"info","message":"⌛ Building environment","timeElapsed":415,"timestamp":"2026-06-14T01:08:04.142Z"}
{"level":"info","message":"⌛ Validating mainExample.wpgm","timeElapsed":219,"timestamp":"2026-06-14T01:08:04.396Z"}
{"level":"info","message":"⌛ Validating mainExample.wpgm","timeElapsed":340,"timestamp":"2026-06-14T01:08:04.763Z"}
{"level":"info","message":"⌛ Validating mainExample.wpgm","timeElapsed":155,"timestamp":"2026-06-14T01:08:04.921Z"}
{"level":"info","message":"⌛ Validating mainExample.wpgm","timeElapsed":146,"timestamp":"2026-06-14T01:08:05.074Z"}
{"level":"info","message":"⌛ Validating mainExample.wpgm","timeElapsed":335,"timestamp":"2026-06-14T01:08:05.412Z"}
{"level":"info","message":"⌛ Validating mainExample.wpgm","timeElapsed":650,"timestamp":"2026-06-14T01:08:06.063Z"}
{"level":"info","message":"⌛ Validating mainExample.wpgm","timeElapsed":250,"timestamp":"2026-06-14T01:08:06.314Z"}
{"level":"info","message":"⌛ Validating mainExample.wpgm","timeElapsed":208,"timestamp":"2026-06-14T01:08:06.528Z"}
{"level":"info","message":"⌛ Validating mainExample.wpgm","timeElapsed":197,"timestamp":"2026-06-14T01:08:06.727Z"}
{"level":"info","message":"⌛ Validating mainExample.wpgm","timeElapsed":219,"timestamp":"2026-06-14T01:08:06.947Z"}
{"level":"info","message":"⌛ Validating mainExample.wpgm","timeElapsed":230,"timestamp":"2026-06-14T01:08:07.178Z"}
{"level":"info","message":"⌛ Building environment","timeElapsed":293,"timestamp":"2026-06-14T01:08:07.472Z"}
{"level":"info","message":"⌛ Validating mainExample.wpgm","timeElapsed":187,"timestamp":"2026-06-14T01:08:07.664Z"}
{"level":"info","message":"⌛ Validating mainExample.wpgm","timeElapsed":173,"timestamp":"2026-06-14T01:08:07.847Z"}
{"level":"info","message":"⌛ Building environment","timeElapsed":198,"timestamp":"2026-06-14T01:08:08.046Z"}
{"level":"info","message":"⌛ Validating mainExample.wpgm","timeElapsed":270,"timestamp":"2026-06-14T01:08:08.384Z"}
{"level":"info","message":"⌛ Validating mainExample.wpgm","timeElapsed":244,"timestamp":"2026-06-14T01:08:08.627Z"}
{"level":"info","message":"⌛ Building environment","timeElapsed":215,"timestamp":"2026-06-14T01:08:27.795Z"}
{"level":"info","message":"⌛ Building environment","timeElapsed":234,"timestamp":"2026-06-14T01:08:28.033Z"}
{"level":"info","message":"⌛ Validating mainExample.wpgm","timeElapsed":273,"timestamp":"2026-06-14T01:08:28.308Z"}
{"level":"info","message":"⌛ Building environment","timeElapsed":181,"timestamp":"2026-06-14T01:08:28.490Z"}
{"level":"info","message":"⌛ Validating mainExample.wpgm","timeElapsed":317,"timestamp":"2026-06-14T01:08:28.808Z"}
{"level":"info","message":"⌛ Building environment","timeElapsed":430,"timestamp":"2026-06-14T01:08:29.239Z"}
{"level":"info","message":"⌛ Validating mainExample.wpgm","timeElapsed":273,"timestamp":"2026-06-14T01:08:29.535Z"}
{"level":"info","message":"⌛ Validating mainExample.wpgm","timeElapsed":240,"timestamp":"2026-06-14T01:08:29.776Z"}
{"level":"info","message":"⌛ Building environment","timeElapsed":264,"timestamp":"2026-06-14T01:09:24.956Z"}
{"level":"info","message":"⌛ Building environment","timeElapsed":500,"timestamp":"2026-06-14T01:09:25.558Z"}
{"level":"info","message":"⌛ Building environment","timeElapsed":330,"timestamp":"2026-06-14T01:09:25.888Z"}
{"level":"info","message":"⌛ Validating game.wlk","timeElapsed":253,"timestamp":"2026-06-14T01:09:26.170Z"}
{"level":"info","message":"⌛ Building environment","timeElapsed":241,"timestamp":"2026-06-14T01:09:26.421Z"}
{"level":"info","message":"⌛ Validating game.wlk","timeElapsed":316,"timestamp":"2026-06-14T01:09:26.737Z"}
{"level":"info","message":"⌛ Building environment","timeElapsed":379,"timestamp":"2026-06-14T01:09:27.143Z"}
{"level":"info","message":"⌛ Validating game.wlk","timeElapsed":304,"timestamp":"2026-06-14T01:09:27.483Z"}
{"level":"info","message":"⌛ Building environment","timeElapsed":701,"timestamp":"2026-06-14T01:09:28.186Z"}
{"level":"info","message":"⌛ Building environment","timeElapsed":572,"timestamp":"2026-06-14T01:09:28.759Z"}
{"level":"info","message":"⌛ Building environment","timeElapsed":304,"timestamp":"2026-06-14T01:09:29.064Z"}
{"level":"info","message":"⌛ Validating game.wlk","timeElapsed":241,"timestamp":"2026-06-14T01:09:29.305Z"}
{"level":"info","message":"⌛ Building environment","timeElapsed":373,"timestamp":"2026-06-14T01:09:29.678Z"}
{"level":"info","message":"⌛ Validating game.wlk","timeElapsed":206,"timestamp":"2026-06-14T01:09:29.917Z"}
{"level":"info","message":"⌛ Building environment","timeElapsed":645,"timestamp":"2026-06-14T01:09:30.563Z"}
{"level":"info","message":"⌛ Building environment","timeElapsed":304,"timestamp":"2026-06-14T01:09:30.868Z"}
{"level":"info","message":"⌛ Building environment","timeElapsed":279,"timestamp":"2026-06-14T01:09:31.148Z"}
{"level":"info","message":"⌛ Building environment","timeElapsed":343,"timestamp":"2026-06-14T01:09:31.498Z"}
{"level":"info","message":"⌛ Validating game.wlk","timeElapsed":336,"timestamp":"2026-06-14T01:09:31.877Z"}
{"level":"info","message":"⌛ Building environment","timeElapsed":263,"timestamp":"2026-06-14T01:09:32.141Z"}
{"level":"info","message":"⌛ Building environment","timeElapsed":316,"timestamp":"2026-06-14T01:09:32.458Z"}
{"level":"info","message":"⌛ Building environment","timeElapsed":371,"timestamp":"2026-06-14T01:09:32.851Z"}
{"level":"info","message":"⌛ Validating game.wlk","timeElapsed":327,"timestamp":"2026-06-14T01:09:33.188Z"}
{"level":"info","message":"⌛ Validating game.wlk","timeElapsed":234,"timestamp":"2026-06-14T01:09:33.423Z"}
{"level":"info","message":"⌛ Building environment","timeElapsed":243,"timestamp":"2026-06-14T01:09:33.666Z"}
{"level":"info","message":"⌛ Building environment","timeElapsed":313,"timestamp":"2026-06-14T01:09:34.020Z"}
{"level":"info","message":"⌛ Building environment","timeElapsed":260,"timestamp":"2026-06-14T01:09:34.282Z"}
{"level":"info","message":"⌛ Validating game.wlk","timeElapsed":249,"timestamp":"2026-06-14T01:09:34.531Z"}
{"level":"info","message":"⌛ Building environment","timeElapsed":221,"timestamp":"2026-06-14T01:09:34.770Z"}
{"level":"info","message":"⌛ Validating game.wlk","timeElapsed":226,"timestamp":"2026-06-14T01:09:35.024Z"}
{"level":"info","message":"⌛ Validating game.wlk","timeElapsed":243,"timestamp":"2026-06-14T01:09:35.279Z"}
{"level":"info","message":"⌛ Validating game.wlk","timeElapsed":186,"timestamp":"2026-06-14T01:09:35.477Z"}
{"level":"info","message":"⌛ Validating game.wlk","timeElapsed":177,"timestamp":"2026-06-14T01:09:35.657Z"}
{"level":"info","message":"⌛ Building environment","timeElapsed":182,"timestamp":"2026-06-14T01:09:35.840Z"}
{"level":"info","message":"⌛ Validating game.wlk","timeElapsed":177,"timestamp":"2026-06-14T01:09:36.031Z"}
{"level":"info","message":"⌛ Building environment","timeElapsed":164,"timestamp":"2026-06-14T01:09:36.196Z"}
{"level":"info","message":"⌛ Validating game.wlk","timeElapsed":147,"timestamp":"2026-06-14T01:09:36.362Z"}
{"level":"info","message":"⌛ Building environment","timeElapsed":191,"timestamp":"2026-06-14T01:09:36.554Z"}
{"level":"info","message":"⌛ Building environment","timeElapsed":168,"timestamp":"2026-06-14T01:09:36.725Z"}
{"level":"info","message":"⌛ Building environment","timeElapsed":343,"timestamp":"2026-06-14T01:09:37.090Z"}
{"level":"info","message":"⌛ Building environment","timeElapsed":697,"timestamp":"2026-06-14T01:09:37.790Z"}
{"level":"info","message":"⌛ Validating game.wlk","timeElapsed":164,"timestamp":"2026-06-14T01:09:37.976Z"}
{"level":"info","message":"⌛ Validating game.wlk","timeElapsed":152,"timestamp":"2026-06-14T01:09:38.149Z"}
{"level":"info","message":"⌛ Validating game.wlk","timeElapsed":317,"timestamp":"2026-06-14T01:09:38.473Z"}
{"level":"info","message":"⌛ Validating game.wlk","timeElapsed":202,"timestamp":"2026-06-14T01:09:38.680Z"}
{"level":"info","message":"⌛ Validating game.wlk","timeElapsed":143,"timestamp":"2026-06-14T01:09:38.828Z"}
{"level":"info","message":"⌛ Validating game.wlk","timeElapsed":155,"timestamp":"2026-06-14T01:09:38.989Z"}
{"level":"info","message":"⌛ Validating game.wlk","timeElapsed":145,"timestamp":"2026-06-14T01:09:39.139Z"}
{"level":"info","message":"⌛ Validating game.wlk","timeElapsed":148,"timestamp":"2026-06-14T01:09:39.292Z"}
{"level":"info","message":"⌛ Validating game.wlk","timeElapsed":254,"timestamp":"2026-06-14T01:09:39.553Z"}
{"level":"info","message":"⌛ Validating game.wlk","timeElapsed":515,"timestamp":"2026-06-14T01:09:40.071Z"}
{"level":"info","message":"⌛ Validating game.wlk","timeElapsed":146,"timestamp":"2026-06-14T01:09:40.222Z"}
{"level":"info","message":"⌛ Building environment","timeElapsed":295,"timestamp":"2026-06-14T01:09:43.598Z"}
{"level":"info","message":"⌛ Building environment","timeElapsed":391,"timestamp":"2026-06-14T01:09:43.990Z"}
{"level":"info","message":"⌛ Building environment","timeElapsed":511,"timestamp":"2026-06-14T01:09:44.507Z"}
{"level":"info","message":"⌛ Validating game.wlk","timeElapsed":278,"timestamp":"2026-06-14T01:09:44.787Z"}
{"level":"info","message":"⌛ Building environment","timeElapsed":690,"timestamp":"2026-06-14T01:09:45.482Z"}
{"level":"info","message":"⌛ Building environment","timeElapsed":285,"timestamp":"2026-06-14T01:09:45.768Z"}
{"level":"info","message":"⌛ Validating game.wlk","timeElapsed":288,"timestamp":"2026-06-14T01:09:46.079Z"}
{"level":"info","message":"⌛ Building environment","timeElapsed":306,"timestamp":"2026-06-14T01:09:46.386Z"}
{"level":"info","message":"⌛ Building environment","timeElapsed":340,"timestamp":"2026-06-14T01:09:46.727Z"}
{"level":"info","message":"⌛ Validating game.wlk","timeElapsed":229,"timestamp":"2026-06-14T01:09:46.997Z"}
{"level":"info","message":"⌛ Building environment","timeElapsed":358,"timestamp":"2026-06-14T01:09:47.360Z"}
{"level":"info","message":"⌛ Building environment","timeElapsed":271,"timestamp":"2026-06-14T01:09:47.666Z"}
{"level":"info","message":"⌛ Validating game.wlk","timeElapsed":191,"timestamp":"2026-06-14T01:09:47.861Z"}
{"level":"info","message":"⌛ Building environment","timeElapsed":334,"timestamp":"2026-06-14T01:09:48.195Z"}
{"level":"info","message":"⌛ Building environment","timeElapsed":353,"timestamp":"2026-06-14T01:09:48.553Z"}
{"level":"info","message":"⌛ Validating game.wlk","timeElapsed":432,"timestamp":"2026-06-14T01:09:48.987Z"}
{"level":"info","message":"⌛ Building environment","timeElapsed":471,"timestamp":"2026-06-14T01:09:49.460Z"}
{"level":"info","message":"⌛ Building environment","timeElapsed":303,"timestamp":"2026-06-14T01:09:49.770Z"}
{"level":"info","message":"⌛ Validating game.wlk","timeElapsed":330,"timestamp":"2026-06-14T01:09:50.122Z"}
{"level":"info","message":"⌛ Building environment","timeElapsed":846,"timestamp":"2026-06-14T01:09:51.059Z"}
{"level":"info","message":"⌛ Validating game.wlk","timeElapsed":402,"timestamp":"2026-06-14T01:09:51.679Z"}
{"level":"info","message":"⌛ Validating game.wlk","timeElapsed":297,"timestamp":"2026-06-14T01:09:52.003Z"}
{"level":"info","message":"⌛ Validating game.wlk","timeElapsed":311,"timestamp":"2026-06-14T01:09:52.314Z"}
{"level":"info","message":"⌛ Building environment","timeElapsed":422,"timestamp":"2026-06-14T01:09:52.737Z"}
{"level":"info","message":"⌛ Building environment","timeElapsed":368,"timestamp":"2026-06-14T01:09:53.144Z"}
{"level":"info","message":"⌛ Validating game.wlk","timeElapsed":255,"timestamp":"2026-06-14T01:09:53.400Z"}
{"level":"info","message":"⌛ Building environment","timeElapsed":311,"timestamp":"2026-06-14T01:09:53.712Z"}
{"level":"info","message":"⌛ Validating game.wlk","timeElapsed":315,"timestamp":"2026-06-14T01:09:54.028Z"}
{"level":"info","message":"⌛ Building environment","timeElapsed":344,"timestamp":"2026-06-14T01:09:54.441Z"}
{"level":"info","message":"⌛ Building environment","timeElapsed":345,"timestamp":"2026-06-14T01:09:54.844Z"}
{"level":"info","message":"⌛ Building environment","timeElapsed":293,"timestamp":"2026-06-14T01:09:55.138Z"}
{"level":"info","message":"⌛ Building environment","timeElapsed":567,"timestamp":"2026-06-14T01:09:55.743Z"}
{"level":"info","message":"⌛ Building environment","timeElapsed":277,"timestamp":"2026-06-14T01:09:56.026Z"}
{"level":"info","message":"⌛ Building environment","timeElapsed":258,"timestamp":"2026-06-14T01:09:56.309Z"}
{"level":"info","message":"⌛ Building environment","timeElapsed":358,"timestamp":"2026-06-14T01:09:56.669Z"}
{"level":"info","message":"⌛ Building environment","timeElapsed":283,"timestamp":"2026-06-14T01:09:57.020Z"}
{"level":"info","message":"⌛ Building environment","timeElapsed":318,"timestamp":"2026-06-14T01:09:57.387Z"}
{"level":"info","message":"⌛ Building environment","timeElapsed":303,"timestamp":"2026-06-14T01:09:57.698Z"}
{"level":"info","message":"⌛ Validating game.wlk","timeElapsed":186,"timestamp":"2026-06-14T01:09:57.889Z"}
{"level":"info","message":"⌛ Validating game.wlk","timeElapsed":213,"timestamp":"2026-06-14T01:09:58.127Z"}
{"level":"info","message":"⌛ Validating game.wlk","timeElapsed":165,"timestamp":"2026-06-14T01:09:58.293Z"}
{"level":"info","message":"⌛ Building environment","timeElapsed":375,"timestamp":"2026-06-14T01:09:58.670Z"}
{"level":"info","message":"⌛ Building environment","timeElapsed":303,"timestamp":"2026-06-14T01:09:59.017Z"}
{"level":"info","message":"⌛ Building environment","timeElapsed":401,"timestamp":"2026-06-14T01:09:59.420Z"}
{"level":"info","message":"⌛ Validating game.wlk","timeElapsed":198,"timestamp":"2026-06-14T01:09:59.622Z"}
{"level":"info","message":"⌛ Building environment","timeElapsed":267,"timestamp":"2026-06-14T01:09:59.891Z"}
{"level":"info","message":"⌛ Validating game.wlk","timeElapsed":187,"timestamp":"2026-06-14T01:10:00.102Z"}
{"level":"info","message":"⌛ Building environment","timeElapsed":443,"timestamp":"2026-06-14T01:10:00.548Z"}
{"level":"info","message":"⌛ Building environment","timeElapsed":228,"timestamp":"2026-06-14T01:10:00.779Z"}
{"level":"info","message":"⌛ Validating game.wlk","timeElapsed":179,"timestamp":"2026-06-14T01:10:00.961Z"}
{"level":"info","message":"⌛ Building environment","timeElapsed":417,"timestamp":"2026-06-14T01:10:01.399Z"}
{"level":"info","message":"⌛ Building environment","timeElapsed":296,"timestamp":"2026-06-14T01:10:01.702Z"}
{"level":"info","message":"⌛ Validating game.wlk","timeElapsed":179,"timestamp":"2026-06-14T01:10:01.884Z"}
{"level":"info","message":"⌛ Building environment","timeElapsed":296,"timestamp":"2026-06-14T01:10:02.204Z"}
{"level":"info","message":"⌛ Validating game.wlk","timeElapsed":176,"timestamp":"2026-06-14T01:10:02.381Z"}
{"level":"info","message":"⌛ Building environment","timeElapsed":176,"timestamp":"2026-06-14T01:10:02.561Z"}
{"level":"info","message":"⌛ Building environment","timeElapsed":190,"timestamp":"2026-06-14T01:10:02.755Z"}
{"level":"info","message":"⌛ Validating game.wlk","timeElapsed":147,"timestamp":"2026-06-14T01:10:02.909Z"}
{"level":"info","message":"⌛ Validating game.wlk","timeElapsed":143,"timestamp":"2026-06-14T01:10:03.075Z"}
{"level":"info","message":"⌛ Validating game.wlk","timeElapsed":157,"timestamp":"2026-06-14T01:10:03.235Z"}
{"level":"info","message":"⌛ Validating game.wlk","timeElapsed":148,"timestamp":"2026-06-14T01:10:03.385Z"}
{"level":"info","message":"⌛ Validating game.wlk","timeElapsed":149,"timestamp":"2026-06-14T01:10:03.536Z"}
{"level":"info","message":"⌛ Validating game.wlk","timeElapsed":151,"timestamp":"2026-06-14T01:10:03.691Z"}
{"level":"info","message":"⌛ Validating game.wlk","timeElapsed":151,"timestamp":"2026-06-14T01:10:03.844Z"}
{"level":"info","message":"⌛ Validating game.wlk","timeElapsed":149,"timestamp":"2026-06-14T01:10:03.994Z"}
{"level":"info","message":"⌛ Validating game.wlk","timeElapsed":153,"timestamp":"2026-06-14T01:10:04.159Z"}
{"level":"info","message":"⌛ Validating game.wlk","timeElapsed":151,"timestamp":"2026-06-14T01:10:04.313Z"}
{"level":"info","message":"⌛ Validating game.wlk","timeElapsed":145,"timestamp":"2026-06-14T01:10:04.460Z"}
{"level":"info","message":"⌛ Validating game.wlk","timeElapsed":156,"timestamp":"2026-06-14T01:10:04.626Z"}
{"level":"info","message":"⌛ Validating game.wlk","timeElapsed":147,"timestamp":"2026-06-14T01:10:04.783Z"}
{"level":"info","message":"⌛ Validating game.wlk","timeElapsed":147,"timestamp":"2026-06-14T01:10:04.934Z"}
{"level":"info","message":"⌛ Validating game.wlk","timeElapsed":149,"timestamp":"2026-06-14T01:10:05.095Z"}
{"level":"info","message":"⌛ Validating game.wlk","timeElapsed":162,"timestamp":"2026-06-14T01:10:05.259Z"}
{"level":"info","message":"⌛ Validating game.wlk","timeElapsed":537,"timestamp":"2026-06-14T01:10:05.804Z"}
{"level":"info","message":"⌛ Validating game.wlk","timeElapsed":155,"timestamp":"2026-06-14T01:10:05.962Z"}
{"level":"info","message":"⌛ Validating game.wlk","timeElapsed":140,"timestamp":"2026-06-14T01:10:06.120Z"}
{"level":"info","message":"⌛ Building environment","timeElapsed":221,"timestamp":"2026-06-14T01:10:07.124Z"}
{"level":"info","message":"⌛ Validating game.wlk","timeElapsed":226,"timestamp":"2026-06-14T01:10:07.375Z"}
{"level":"info","message":"⌛ Building environment","timeElapsed":256,"timestamp":"2026-06-14T01:10:08.631Z"}
{"level":"info","message":"⌛ Building environment","timeElapsed":289,"timestamp":"2026-06-14T01:10:08.922Z"}
{"level":"info","message":"⌛ Validating game.wlk","timeElapsed":252,"timestamp":"2026-06-14T01:10:09.244Z"}
{"level":"info","message":"⌛ Building environment","timeElapsed":236,"timestamp":"2026-06-14T01:10:09.485Z"}
{"level":"info","message":"⌛ Validating game.wlk","timeElapsed":215,"timestamp":"2026-06-14T01:10:09.714Z"}
{"level":"info","message":"⌛ Validating game.wlk","timeElapsed":248,"timestamp":"2026-06-14T01:10:09.969Z"}
{"level":"info","message":"⌛ Building environment","timeElapsed":224,"timestamp":"2026-06-14T01:10:10.350Z"}
{"level":"info","message":"⌛ Validating game.wlk","timeElapsed":192,"timestamp":"2026-06-14T01:10:10.678Z"}
{"level":"info","message":"⌛ Building environment","timeElapsed":233,"timestamp":"2026-06-14T01:10:11.080Z"}
{"level":"info","message":"⌛ Validating game.wlk","timeElapsed":240,"timestamp":"2026-06-14T01:10:11.333Z"}
{"level":"info","message":"⌛ Building environment","timeElapsed":352,"timestamp":"2026-06-14T01:10:11.727Z"}
{"level":"info","message":"⌛ Building environment","timeElapsed":240,"timestamp":"2026-06-14T01:10:11.968Z"}
{"level":"info","message":"⌛ Building environment","timeElapsed":340,"timestamp":"2026-06-14T01:10:12.309Z"}
{"level":"info","message":"⌛ Validating game.wlk","timeElapsed":229,"timestamp":"2026-06-14T01:10:12.540Z"}
{"level":"info","message":"⌛ Validating game.wlk","timeElapsed":231,"timestamp":"2026-06-14T01:10:12.778Z"}
{"level":"info","message":"⌛ Validating game.wlk","timeElapsed":233,"timestamp":"2026-06-14T01:10:13.013Z"}
{"level":"info","message":"⌛ Building environment","timeElapsed":241,"timestamp":"2026-06-14T01:10:13.387Z"}
{"level":"info","message":"⌛ Building environment","timeElapsed":347,"timestamp":"2026-06-14T01:10:13.736Z"}
{"level":"info","message":"⌛ Validating game.wlk","timeElapsed":235,"timestamp":"2026-06-14T01:10:13.985Z"}
{"level":"info","message":"⌛ Building environment","timeElapsed":387,"timestamp":"2026-06-14T01:10:14.467Z"}
{"level":"info","message":"⌛ Building environment","timeElapsed":422,"timestamp":"2026-06-14T01:10:14.891Z"}
{"level":"info","message":"⌛ Validating game.wlk","timeElapsed":353,"timestamp":"2026-06-14T01:10:15.269Z"}
{"level":"info","message":"⌛ Validating game.wlk","timeElapsed":305,"timestamp":"2026-06-14T01:10:15.606Z"}
{"level":"info","message":"⌛ Building environment","timeElapsed":398,"timestamp":"2026-06-14T01:10:16.004Z"}
{"level":"info","message":"⌛ Building environment","timeElapsed":354,"timestamp":"2026-06-14T01:10:16.359Z"}
{"level":"info","message":"⌛ Building environment","timeElapsed":259,"timestamp":"2026-06-14T01:10:16.621Z"}
{"level":"info","message":"⌛ Building environment","timeElapsed":516,"timestamp":"2026-06-14T01:10:17.138Z"}
{"level":"info","message":"⌛ Building environment","timeElapsed":292,"timestamp":"2026-06-14T01:10:17.432Z"}
{"level":"info","message":"⌛ Validating game.wlk","timeElapsed":368,"timestamp":"2026-06-14T01:10:17.800Z"}
{"level":"info","message":"⌛ Building environment","timeElapsed":355,"timestamp":"2026-06-14T01:10:18.156Z"}
{"level":"info","message":"⌛ Building environment","timeElapsed":346,"timestamp":"2026-06-14T01:10:18.506Z"}
{"level":"info","message":"⌛ Building environment","timeElapsed":320,"timestamp":"2026-06-14T01:10:18.843Z"}
{"level":"info","message":"⌛ Building environment","timeElapsed":276,"timestamp":"2026-06-14T01:10:19.128Z"}
{"level":"info","message":"⌛ Building environment","timeElapsed":417,"timestamp":"2026-06-14T01:10:19.552Z"}
{"level":"info","message":"⌛ Building environment","timeElapsed":246,"timestamp":"2026-06-14T01:10:19.799Z"}
{"level":"info","message":"⌛ Building environment","timeElapsed":231,"timestamp":"2026-06-14T01:10:20.035Z"}
{"level":"info","message":"⌛ Validating game.wlk","timeElapsed":291,"timestamp":"2026-06-14T01:10:20.377Z"}
{"level":"info","message":"⌛ Validating game.wlk","timeElapsed":185,"timestamp":"2026-06-14T01:10:20.562Z"}
{"level":"info","message":"⌛ Validating game.wlk","timeElapsed":229,"timestamp":"2026-06-14T01:10:20.795Z"}
{"level":"info","message":"⌛ Validating game.wlk","timeElapsed":215,"timestamp":"2026-06-14T01:10:21.010Z"}
{"level":"info","message":"⌛ Validating game.wlk","timeElapsed":249,"timestamp":"2026-06-14T01:10:21.261Z"}
{"level":"info","message":"⌛ Validating game.wlk","timeElapsed":385,"timestamp":"2026-06-14T01:10:21.660Z"}
{"level":"info","message":"⌛ Validating game.wlk","timeElapsed":580,"timestamp":"2026-06-14T01:10:22.247Z"}
{"level":"info","message":"⌛ Validating game.wlk","timeElapsed":856,"timestamp":"2026-06-14T01:10:23.317Z"}
{"level":"info","message":"⌛ Validating game.wlk","timeElapsed":223,"timestamp":"2026-06-14T01:10:23.549Z"}
{"level":"info","message":"⌛ Validating game.wlk","timeElapsed":262,"timestamp":"2026-06-14T01:10:23.811Z"}
{"level":"info","message":"⌛ Validating game.wlk","timeElapsed":205,"timestamp":"2026-06-14T01:10:24.061Z"}
{"level":"info","message":"⌛ Validating game.wlk","timeElapsed":299,"timestamp":"2026-06-14T01:10:24.367Z"}
{"level":"info","message":"⌛ Building environment","timeElapsed":295,"timestamp":"2026-06-14T01:10:24.718Z"}
{"level":"info","message":"⌛ Building environment","timeElapsed":219,"timestamp":"2026-06-14T01:10:24.972Z"}
{"level":"info","message":"⌛ Building environment","timeElapsed":262,"timestamp":"2026-06-14T01:10:25.275Z"}
{"level":"info","message":"⌛ Building environment","timeElapsed":277,"timestamp":"2026-06-14T01:10:25.558Z"}
{"level":"info","message":"⌛ Building environment","timeElapsed":317,"timestamp":"2026-06-14T01:10:25.881Z"}
{"level":"info","message":"⌛ Building environment","timeElapsed":296,"timestamp":"2026-06-14T01:10:26.180Z"}
{"level":"info","message":"⌛ Building environment","timeElapsed":194,"timestamp":"2026-06-14T01:10:26.377Z"}
{"level":"info","message":"⌛ Building environment","timeElapsed":267,"timestamp":"2026-06-14T01:10:26.649Z"}
{"level":"info","message":"⌛ Building environment","timeElapsed":258,"timestamp":"2026-06-14T01:10:26.924Z"}
{"level":"info","message":"⌛ Building environment","timeElapsed":617,"timestamp":"2026-06-14T01:10:27.543Z"}
{"level":"info","message":"⌛ Building environment","timeElapsed":209,"timestamp":"2026-06-14T01:10:27.780Z"}
{"level":"info","message":"⌛ Building environment","timeElapsed":171,"timestamp":"2026-06-14T01:10:27.967Z"}
{"level":"info","message":"⌛ Building environment","timeElapsed":200,"timestamp":"2026-06-14T01:10:28.193Z"}
{"level":"info","message":"⌛ Building environment","timeElapsed":188,"timestamp":"2026-06-14T01:10:28.385Z"}
{"level":"info","message":"⌛ Building environment","timeElapsed":170,"timestamp":"2026-06-14T01:10:28.574Z"}
{"level":"info","message":"⌛ Building environment","timeElapsed":178,"timestamp":"2026-06-14T01:10:28.755Z"}
{"level":"info","message":"⌛ Building environment","timeElapsed":305,"timestamp":"2026-06-14T01:10:29.083Z"}
{"level":"info","message":"⌛ Building environment","timeElapsed":240,"timestamp":"2026-06-14T01:10:29.323Z"}
{"level":"info","message":"⌛ Building environment","timeElapsed":247,"timestamp":"2026-06-14T01:10:29.595Z"}
{"level":"info","message":"⌛ Building environment","timeElapsed":217,"timestamp":"2026-06-14T01:10:29.825Z"}
{"level":"info","message":"⌛ Building environment","timeElapsed":213,"timestamp":"2026-06-14T01:10:30.068Z"}
{"level":"info","message":"⌛ Building environment","timeElapsed":219,"timestamp":"2026-06-14T01:10:30.291Z"}
{"level":"info","message":"⌛ Building environment","timeElapsed":205,"timestamp":"2026-06-14T01:10:30.524Z"}
{"level":"info","message":"⌛ Building environment","timeElapsed":197,"timestamp":"2026-06-14T01:10:30.722Z"}
{"level":"info","message":"⌛ Building environment","timeElapsed":172,"timestamp":"2026-06-14T01:10:30.917Z"}
{"level":"info","message":"⌛ Building environment","timeElapsed":894,"timestamp":"2026-06-14T01:10:31.855Z"}
{"level":"info","message":"⌛ Building environment","timeElapsed":291,"timestamp":"2026-06-14T01:10:32.167Z"}
{"level":"info","message":"⌛ Building environment","timeElapsed":265,"timestamp":"2026-06-14T01:10:32.432Z"}
{"level":"info","message":"⌛ Building environment","timeElapsed":216,"timestamp":"2026-06-14T01:10:32.670Z"}
{"level":"info","message":"⌛ Building environment","timeElapsed":257,"timestamp":"2026-06-14T01:10:32.931Z"}
{"level":"info","message":"⌛ Building environment","timeElapsed":226,"timestamp":"2026-06-14T01:10:33.196Z"}
{"level":"info","message":"⌛ Building environment","timeElapsed":225,"timestamp":"2026-06-14T01:10:33.422Z"}
{"level":"info","message":"⌛ Building environment","timeElapsed":198,"timestamp":"2026-06-14T01:10:33.655Z"}
{"level":"info","message":"⌛ Building environment","timeElapsed":222,"timestamp":"2026-06-14T01:10:33.899Z"}
{"level":"info","message":"⌛ Building environment","timeElapsed":210,"timestamp":"2026-06-14T01:10:34.139Z"}
{"level":"info","message":"⌛ Building environment","timeElapsed":221,"timestamp":"2026-06-14T01:10:34.363Z"}
{"level":"info","message":"⌛ Building environment","timeElapsed":193,"timestamp":"2026-06-14T01:10:34.579Z"}
{"level":"info","message":"⌛ Building environment","timeElapsed":223,"timestamp":"2026-06-14T01:10:34.803Z"}
{"level":"info","message":"⌛ Building environment","timeElapsed":167,"timestamp":"2026-06-14T01:10:34.995Z"}
{"level":"info","message":"⌛ Building environment","timeElapsed":170,"timestamp":"2026-06-14T01:10:35.170Z"}
{"level":"info","message":"⌛ Building environment","timeElapsed":186,"timestamp":"2026-06-14T01:10:35.389Z"}
{"level":"info","message":"⌛ Building environment","timeElapsed":185,"timestamp":"2026-06-14T01:10:35.613Z"}
{"level":"info","message":"⌛ Building environment","timeElapsed":206,"timestamp":"2026-06-14T01:10:35.819Z"}
{"level":"info","message":"⌛ Building environment","timeElapsed":192,"timestamp":"2026-06-14T01:10:36.014Z"}
{"level":"info","message":"⌛ Validating game.wlk","timeElapsed":174,"timestamp":"2026-06-14T01:10:36.200Z"}
{"level":"info","message":"⌛ Validating game.wlk","timeElapsed":174,"timestamp":"2026-06-14T01:10:36.385Z"}
{"level":"info","message":"⌛ Validating game.wlk","timeElapsed":154,"timestamp":"2026-06-14T01:10:36.542Z"}
{"level":"info","message":"⌛ Validating game.wlk","timeElapsed":152,"timestamp":"2026-06-14T01:10:36.698Z"}
{"level":"info","message":"⌛ Validating game.wlk","timeElapsed":160,"timestamp":"2026-06-14T01:10:36.861Z"}
{"level":"info","message":"⌛ Validating game.wlk","timeElapsed":160,"timestamp":"2026-06-14T01:10:37.022Z"}
{"level":"info","message":"⌛ Validating game.wlk","timeElapsed":147,"timestamp":"2026-06-14T01:10:37.181Z"}
{"level":"info","message":"⌛ Validating game.wlk","timeElapsed":152,"timestamp":"2026-06-14T01:10:37.334Z"}
{"level":"info","message":"⌛ Validating game.wlk","timeElapsed":156,"timestamp":"2026-06-14T01:10:37.492Z"}
{"level":"info","message":"⌛ Validating game.wlk","timeElapsed":163,"timestamp":"2026-06-14T01:10:37.660Z"}
{"level":"info","message":"⌛ Validating game.wlk","timeElapsed":164,"timestamp":"2026-06-14T01:10:37.825Z"}
{"level":"info","message":"⌛ Validating game.wlk","timeElapsed":149,"timestamp":"2026-06-14T01:10:37.977Z"}
{"level":"info","message":"⌛ Validating game.wlk","timeElapsed":150,"timestamp":"2026-06-14T01:10:38.129Z"}
{"level":"info","message":"⌛ Validating game.wlk","timeElapsed":152,"timestamp":"2026-06-14T01:10:38.285Z"}
{"level":"info","message":"⌛ Validating game.wlk","timeElapsed":156,"timestamp":"2026-06-14T01:10:38.443Z"}
{"level":"info","message":"⌛ Validating game.wlk","timeElapsed":151,"timestamp":"2026-06-14T01:10:38.595Z"}
{"level":"info","message":"⌛ Building environment","timeElapsed":179,"timestamp":"2026-06-14T01:10:38.777Z"}
{"level":"info","message":"⌛ Validating game.wlk","timeElapsed":161,"timestamp":"2026-06-14T01:10:38.989Z"}
{"level":"info","message":"⌛ Validating game.wlk","timeElapsed":139,"timestamp":"2026-06-14T01:10:39.146Z"}
{"level":"info","message":"⌛ Validating game.wlk","timeElapsed":216,"timestamp":"2026-06-14T01:10:39.368Z"}
{"level":"info","message":"⌛ Validating game.wlk","timeElapsed":271,"timestamp":"2026-06-14T01:10:39.649Z"}
{"level":"info","message":"⌛ Validating game.wlk","timeElapsed":335,"timestamp":"2026-06-14T01:10:39.988Z"}
{"level":"info","message":"⌛ Validating game.wlk","timeElapsed":276,"timestamp":"2026-06-14T01:10:40.266Z"}
{"level":"info","message":"⌛ Validating game.wlk","timeElapsed":180,"timestamp":"2026-06-14T01:10:40.449Z"}
{"level":"info","message":"⌛ Validating game.wlk","timeElapsed":248,"timestamp":"2026-06-14T01:10:40.699Z"}
{"level":"info","message":"⌛ Validating game.wlk","timeElapsed":286,"timestamp":"2026-06-14T01:10:40.991Z"}
{"level":"info","message":"⌛ Building environment","timeElapsed":292,"timestamp":"2026-06-14T01:10:41.294Z"}
{"level":"info","message":"⌛ Validating game.wlk","timeElapsed":280,"timestamp":"2026-06-14T01:10:41.575Z"}
{"level":"info","message":"⌛ Validating game.wlk","timeElapsed":307,"timestamp":"2026-06-14T01:10:41.889Z"}
{"level":"info","message":"⌛ Validating game.wlk","timeElapsed":233,"timestamp":"2026-06-14T01:10:42.122Z"}
{"level":"info","message":"⌛ Validating game.wlk","timeElapsed":275,"timestamp":"2026-06-14T01:10:42.399Z"}
{"level":"info","message":"⌛ Validating game.wlk","timeElapsed":287,"timestamp":"2026-06-14T01:10:42.687Z"}
{"level":"info","message":"⌛ Validating game.wlk","timeElapsed":228,"timestamp":"2026-06-14T01:10:42.916Z"}
{"level":"info","message":"⌛ Validating game.wlk","timeElapsed":286,"timestamp":"2026-06-14T01:10:43.203Z"}
{"level":"info","message":"⌛ Validating game.wlk","timeElapsed":257,"timestamp":"2026-06-14T01:10:43.461Z"}
{"level":"info","message":"⌛ Validating game.wlk","timeElapsed":318,"timestamp":"2026-06-14T01:10:43.779Z"}
{"level":"info","message":"⌛ Validating game.wlk","timeElapsed":285,"timestamp":"2026-06-14T01:10:44.064Z"}
{"level":"info","message":"⌛ Validating game.wlk","timeElapsed":271,"timestamp":"2026-06-14T01:10:44.337Z"}
{"level":"info","message":"⌛ Validating game.wlk","timeElapsed":339,"timestamp":"2026-06-14T01:10:44.676Z"}
{"level":"info","message":"⌛ Validating game.wlk","timeElapsed":348,"timestamp":"2026-06-14T01:10:45.027Z"}
{"level":"info","message":"⌛ Validating game.wlk","timeElapsed":230,"timestamp":"2026-06-14T01:10:45.258Z"}
{"level":"info","message":"⌛ Validating game.wlk","timeElapsed":178,"timestamp":"2026-06-14T01:10:45.436Z"}
{"level":"info","message":"⌛ Validating game.wlk","timeElapsed":282,"timestamp":"2026-06-14T01:10:45.722Z"}
{"level":"info","message":"⌛ Validating game.wlk","timeElapsed":246,"timestamp":"2026-06-14T01:10:45.970Z"}
{"level":"info","message":"⌛ Validating game.wlk","timeElapsed":246,"timestamp":"2026-06-14T01:10:46.221Z"}
{"level":"info","message":"⌛ Validating game.wlk","timeElapsed":301,"timestamp":"2026-06-14T01:10:46.525Z"}
{"level":"info","message":"⌛ Validating game.wlk","timeElapsed":269,"timestamp":"2026-06-14T01:10:46.800Z"}
{"level":"info","message":"⌛ Building environment","timeElapsed":599,"timestamp":"2026-06-14T01:10:47.404Z"}
{"level":"info","message":"⌛ Building environment","timeElapsed":647,"timestamp":"2026-06-14T01:10:48.055Z"}
{"level":"info","message":"⌛ Building environment","timeElapsed":499,"timestamp":"2026-06-14T01:10:48.576Z"}
{"level":"info","message":"⌛ Building environment","timeElapsed":172,"timestamp":"2026-06-14T01:10:48.757Z"}
{"level":"info","message":"⌛ Building environment","timeElapsed":268,"timestamp":"2026-06-14T01:10:49.052Z"}
{"level":"info","message":"⌛ Building environment","timeElapsed":163,"timestamp":"2026-06-14T01:10:49.218Z"}
{"level":"info","message":"⌛ Building environment","timeElapsed":170,"timestamp":"2026-06-14T01:10:49.414Z"}
{"level":"info","message":"⌛ Building environment","timeElapsed":204,"timestamp":"2026-06-14T01:10:49.622Z"}
{"level":"info","message":"⌛ Building environment","timeElapsed":195,"timestamp":"2026-06-14T01:10:49.848Z"}
{"level":"info","message":"⌛ Building environment","timeElapsed":165,"timestamp":"2026-06-14T01:10:50.018Z"}
{"level":"info","message":"⌛ Building environment","timeElapsed":159,"timestamp":"2026-06-14T01:10:50.200Z"}
{"level":"info","message":"⌛ Building environment","timeElapsed":171,"timestamp":"2026-06-14T01:10:50.374Z"}
{"level":"info","message":"⌛ Building environment","timeElapsed":204,"timestamp":"2026-06-14T01:10:50.604Z"}
{"level":"info","message":"⌛ Validating game.wlk","timeElapsed":282,"timestamp":"2026-06-14T01:10:50.890Z"}
{"level":"info","message":"⌛ Building environment","timeElapsed":219,"timestamp":"2026-06-14T01:10:51.120Z"}
{"level":"info","message":"⌛ Building environment","timeElapsed":195,"timestamp":"2026-06-14T01:10:51.337Z"}
{"level":"info","message":"⌛ Building environment","timeElapsed":261,"timestamp":"2026-06-14T01:10:51.608Z"}
{"level":"info","message":"⌛ Building environment","timeElapsed":165,"timestamp":"2026-06-14T01:10:51.797Z"}
{"level":"info","message":"⌛ Building environment","timeElapsed":165,"timestamp":"2026-06-14T01:10:51.972Z"}
{"level":"info","message":"⌛ Building environment","timeElapsed":159,"timestamp":"2026-06-14T01:10:52.156Z"}
{"level":"info","message":"⌛ Building environment","timeElapsed":170,"timestamp":"2026-06-14T01:10:52.339Z"}
{"level":"info","message":"⌛ Building environment","timeElapsed":188,"timestamp":"2026-06-14T01:10:52.552Z"}
{"level":"info","message":"⌛ Building environment","timeElapsed":246,"timestamp":"2026-06-14T01:10:52.801Z"}
{"level":"info","message":"⌛ Building environment","timeElapsed":202,"timestamp":"2026-06-14T01:10:53.020Z"}
{"level":"info","message":"⌛ Validating game.wlk","timeElapsed":172,"timestamp":"2026-06-14T01:10:53.673Z"}
{"level":"info","message":"⌛ Validating game.wlk","timeElapsed":174,"timestamp":"2026-06-14T01:10:53.850Z"}
{"level":"info","message":"⌛ Validating game.wlk","timeElapsed":233,"timestamp":"2026-06-14T01:10:54.086Z"}
{"level":"info","message":"⌛ Validating game.wlk","timeElapsed":170,"timestamp":"2026-06-14T01:10:54.262Z"}
{"level":"info","message":"⌛ Validating game.wlk","timeElapsed":267,"timestamp":"2026-06-14T01:10:54.531Z"}
{"level":"info","message":"⌛ Validating game.wlk","timeElapsed":202,"timestamp":"2026-06-14T01:10:54.733Z"}
{"level":"info","message":"⌛ Validating game.wlk","timeElapsed":149,"timestamp":"2026-06-14T01:10:54.896Z"}
{"level":"info","message":"⌛ Validating game.wlk","timeElapsed":154,"timestamp":"2026-06-14T01:10:55.054Z"}
{"level":"info","message":"⌛ Validating game.wlk","timeElapsed":167,"timestamp":"2026-06-14T01:10:55.226Z"}
{"level":"info","message":"⌛ Validating game.wlk","timeElapsed":179,"timestamp":"2026-06-14T01:10:55.408Z"}
{"level":"info","message":"⌛ Validating game.wlk","timeElapsed":162,"timestamp":"2026-06-14T01:10:55.573Z"}
{"level":"info","message":"⌛ Validating game.wlk","timeElapsed":156,"timestamp":"2026-06-14T01:10:55.734Z"}
{"level":"info","message":"⌛ Validating game.wlk","timeElapsed":143,"timestamp":"2026-06-14T01:10:55.880Z"}
{"level":"info","message":"⌛ Validating game.wlk","timeElapsed":291,"timestamp":"2026-06-14T01:10:56.178Z"}
{"level":"info","message":"⌛ Validating game.wlk","timeElapsed":254,"timestamp":"2026-06-14T01:10:56.451Z"}
{"level":"info","message":"⌛ Validating game.wlk","timeElapsed":244,"timestamp":"2026-06-14T01:10:56.697Z"}
{"level":"info","message":"⌛ Validating game.wlk","timeElapsed":220,"timestamp":"2026-06-14T01:10:56.919Z"}
{"level":"info","message":"⌛ Validating game.wlk","timeElapsed":428,"timestamp":"2026-06-14T01:10:57.358Z"}
{"level":"info","message":"⌛ Validating game.wlk","timeElapsed":351,"timestamp":"2026-06-14T01:10:57.712Z"}
{"level":"info","message":"⌛ Validating game.wlk","timeElapsed":825,"timestamp":"2026-06-14T01:10:58.540Z"}
{"exitCode":"SIGHUP","level":"info","message":"👾 Game executed mainExample.PiedraPapelTijera on c:\\Users\\Estudiante\\Desktop\\Piedra-Papel-Tijera.wollok","timeElapsed":1751131,"timestamp":"2026-06-14T01:10:58.648Z"}
{"level":"info","message":"⌛ Validating game.wlk","timeElapsed":380,"timestamp":"2026-06-14T01:10:58.923Z"}
{"level":"info","message":"⌛ Validating game.wlk","timeElapsed":195,"timestamp":"2026-06-14T01:10:59.126Z"}
{"level":"info","message":"⌛ Validating game.wlk","timeElapsed":347,"timestamp":"2026-06-14T01:10:59.476Z"}
{"level":"info","message":"⌛ Building environment","timeElapsed":500,"timestamp":"2026-06-14T22:32:19.618Z"}
{"level":"error","message":"✘ Failed to rebuild document Missing workspace folder!","stack":"Error: Missing workspace folder!\n    at GF (c:\\Users\\Estudiante\\.vscode\\extensions\\uqbar.wollok-lsp-ide-0.5.4\\out\\server\\src\\server.js:2398:7332)\n    at V3.invoke (c:\\Users\\Estudiante\\.vscode\\extensions\\uqbar.wollok-lsp-ide-0.5.4\\out\\server\\src\\server.js:3:157328)\n    at o.fire (c:\\Users\\Estudiante\\.vscode\\extensions\\uqbar.wollok-lsp-ide-0.5.4\\out\\server\\src\\server.js:3:158098)\n    at c:\\Users\\Estudiante\\.vscode\\extensions\\uqbar.wollok-lsp-ide-0.5.4\\out\\server\\src\\server.js:37:57488\n    at nd (c:\\Users\\Estudiante\\.vscode\\extensions\\uqbar.wollok-lsp-ide-0.5.4\\out\\server\\src\\server.js:8:1561)\n    at Lt (c:\\Users\\Estudiante\\.vscode\\extensions\\uqbar.wollok-lsp-ide-0.5.4\\out\\server\\src\\server.js:7:6224)\n    at ct (c:\\Users\\Estudiante\\.vscode\\extensions\\uqbar.wollok-lsp-ide-0.5.4\\out\\server\\src\\server.js:7:6378)\n    at Immediate._onImmediate (c:\\Users\\Estudiante\\.vscode\\extensions\\uqbar.wollok-lsp-ide-0.5.4\\out\\server\\src\\server.js:7:6142)\n    at process.processImmediate (node:internal/timers:504:21)","timestamp":"2026-06-14T22:32:19.627Z"}
{"level":"info","message":"⌛ Building environment","timeElapsed":391,"timestamp":"2026-06-14T22:32:21.614Z"}
{"level":"info","message":"⌛ Building environment","timeElapsed":243,"timestamp":"2026-06-14T22:32:27.573Z"}
{"level":"info","message":"⌛ Validating game.wlk","timeElapsed":642,"timestamp":"2026-06-14T22:32:29.855Z"}
{"level":"info","message":"⌛ Building environment","timeElapsed":372,"timestamp":"2026-06-14T22:32:30.231Z"}
{"level":"info","message":"⌛ Building environment","timeElapsed":238,"timestamp":"2026-06-14T22:32:30.471Z"}
{"level":"info","message":"⌛ Building environment","timeElapsed":236,"timestamp":"2026-06-14T22:32:30.710Z"}
{"level":"info","message":"⌛ Validating game.wlk","timeElapsed":420,"timestamp":"2026-06-14T22:32:31.155Z"}
{"level":"info","message":"⌛ Building environment","timeElapsed":459,"timestamp":"2026-06-14T22:32:31.616Z"}
{"level":"info","message":"⌛ Validating tests.wtest","timeElapsed":555,"timestamp":"2026-06-14T22:32:32.192Z"}
{"level":"info","message":"⌛ Validating mainExample.wpgm","timeElapsed":472,"timestamp":"2026-06-14T22:32:32.665Z"}
{"level":"info","message":"⌛ Validating assets/mainExample.wpgm","timeElapsed":409,"timestamp":"2026-06-14T22:32:33.076Z"}
{"level":"info","message":"⌛ Validating game.wlk","timeElapsed":430,"timestamp":"2026-06-14T22:32:33.507Z"}
{"level":"info","message":"⌛ Validating tests.wtest","timeElapsed":281,"timestamp":"2026-06-14T22:32:33.803Z"}
{"level":"info","message":"⌛ Validating mainExample.wpgm","timeElapsed":278,"timestamp":"2026-06-14T22:32:34.082Z"}
{"level":"info","message":"⌛ Validating assets/mainExample.wpgm","timeElapsed":267,"timestamp":"2026-06-14T22:32:34.350Z"}
{"level":"info","message":"⌛ Building environment","timeElapsed":331,"timestamp":"2026-06-14T22:38:49.683Z"}
{"level":"info","message":"⌛ Validating game.wlk","timeElapsed":243,"timestamp":"2026-06-14T22:38:50.111Z"}
{"level":"info","message":"⌛ Building environment","timeElapsed":429,"timestamp":"2026-06-14T22:38:54.875Z"}
{"level":"info","message":"⌛ Building environment","timeElapsed":628,"timestamp":"2026-06-14T22:38:55.852Z"}
{"level":"info","message":"⌛ Building environment","timeElapsed":274,"timestamp":"2026-06-14T22:38:56.652Z"}
{"level":"info","message":"⌛ Validating game.wlk","timeElapsed":507,"timestamp":"2026-06-14T22:38:57.210Z"}
{"level":"info","message":"⌛ Validating game.wlk","timeElapsed":515,"timestamp":"2026-06-14T22:38:57.726Z"}
{"level":"info","message":"⌛ Validating game.wlk","timeElapsed":349,"timestamp":"2026-06-14T22:38:58.076Z"}
{"level":"info","message":"⌛ Building environment","timeElapsed":379,"timestamp":"2026-06-14T22:38:58.530Z"}
{"level":"info","message":"⌛ Validating game.wlk","timeElapsed":291,"timestamp":"2026-06-14T22:38:58.991Z"}
{"level":"info","message":"⌛ Building environment","timeElapsed":371,"timestamp":"2026-06-14T22:39:06.185Z"}
{"level":"info","message":"⌛ Building environment","timeElapsed":345,"timestamp":"2026-06-14T22:39:06.532Z"}
{"level":"info","message":"⌛ Validating game.wlk","timeElapsed":266,"timestamp":"2026-06-14T22:39:06.819Z"}
{"level":"info","message":"⌛ Building environment","timeElapsed":313,"timestamp":"2026-06-14T22:39:07.186Z"}
{"level":"info","message":"⌛ Validating game.wlk","timeElapsed":806,"timestamp":"2026-06-14T22:39:08.002Z"}
{"level":"info","message":"⌛ Building environment","timeElapsed":406,"timestamp":"2026-06-14T22:39:08.435Z"}
{"level":"info","message":"⌛ Validating game.wlk","timeElapsed":466,"timestamp":"2026-06-14T22:39:08.913Z"}
{"level":"info","message":"⌛ Validating game.wlk","timeElapsed":256,"timestamp":"2026-06-14T22:39:09.368Z"}
{"level":"error","message":"✘ Failed to rebuild document Failed to parse game.wlk: \n-- PARSING FAILED --------------------------------------------------\n\n  132 |         }\n  133 | \n> 134 |     if (jugadaJugador.leGanaA(jugadaComputadora) {\n      |                                                  ^\n  135 |         resultado = \"ganaste\"\n  136 |         mostrarResultado = true\n\nExpected:\n\nsentence\n","stack":"Error: Failed to parse game.wlk: \n-- PARSING FAILED --------------------------------------------------\n\n  132 |         }\n  133 | \n> 134 |     if (jugadaJugador.leGanaA(jugadaComputadora) {\n      |                                                  ^\n  135 |         resultado = \"ganaste\"\n  136 |         mostrarResultado = true\n\nExpected:\n\nsentence\n\n    at c:\\Users\\Estudiante\\.vscode\\extensions\\uqbar.wollok-lsp-ide-0.5.4\\out\\server\\src\\server.js:2353:13026\n    at Array.map (<anonymous>)\n    at U1n (c:\\Users\\Estudiante\\.vscode\\extensions\\uqbar.wollok-lsp-ide-0.5.4\\out\\server\\src\\server.js:2353:12950)\n    at H2.buildEnvironmentFrom (c:\\Users\\Estudiante\\.vscode\\extensions\\uqbar.wollok-lsp-ide-0.5.4\\out\\server\\src\\server.js:2398:5254)\n    at H2.updateEnvironmentWith (c:\\Users\\Estudiante\\.vscode\\extensions\\uqbar.wollok-lsp-ide-0.5.4\\out\\server\\src\\server.js:2398:4989)\n    at GF (c:\\Users\\Estudiante\\.vscode\\extensions\\uqbar.wollok-lsp-ide-0.5.4\\out\\server\\src\\server.js:2398:7383)\n    at V3.invoke (c:\\Users\\Estudiante\\.vscode\\extensions\\uqbar.wollok-lsp-ide-0.5.4\\out\\server\\src\\server.js:3:157328)\n    at o.fire (c:\\Users\\Estudiante\\.vscode\\extensions\\uqbar.wollok-lsp-ide-0.5.4\\out\\server\\src\\server.js:3:158098)\n    at c:\\Users\\Estudiante\\.vscode\\extensions\\uqbar.wollok-lsp-ide-0.5.4\\out\\server\\src\\server.js:37:57871\n    at nd (c:\\Users\\Estudiante\\.vscode\\extensions\\uqbar.wollok-lsp-ide-0.5.4\\out\\server\\src\\server.js:8:1561)","timestamp":"2026-06-14T22:41:14.634Z"}
{"level":"error","message":"✘ Failed to rebuild document Failed to parse game.wlk: \n-- PARSING FAILED --------------------------------------------------\n\n  132 |         }\n  133 | \n> 134 |     if (jugadaJugador.leGanaA(jugadaComputador) {\n      |                                                 ^\n  135 |         resultado = \"ganaste\"\n  136 |         mostrarResultado = true\n\nExpected:\n\nsentence\n","stack":"Error: Failed to parse game.wlk: \n-- PARSING FAILED --------------------------------------------------\n\n  132 |         }\n  133 | \n> 134 |     if (jugadaJugador.leGanaA(jugadaComputador) {\n      |                                                 ^\n  135 |         resultado = \"ganaste\"\n  136 |         mostrarResultado = true\n\nExpected:\n\nsentence\n\n    at c:\\Users\\Estudiante\\.vscode\\extensions\\uqbar.wollok-lsp-ide-0.5.4\\out\\server\\src\\server.js:2353:13026\n    at Array.map (<anonymous>)\n    at U1n (c:\\Users\\Estudiante\\.vscode\\extensions\\uqbar.wollok-lsp-ide-0.5.4\\out\\server\\src\\server.js:2353:12950)\n    at H2.buildEnvironmentFrom (c:\\Users\\Estudiante\\.vscode\\extensions\\uqbar.wollok-lsp-ide-0.5.4\\out\\server\\src\\server.js:2398:5254)\n    at H2.updateEnvironmentWith (c:\\Users\\Estudiante\\.vscode\\extensions\\uqbar.wollok-lsp-ide-0.5.4\\out\\server\\src\\server.js:2398:4989)\n    at GF (c:\\Users\\Estudiante\\.vscode\\extensions\\uqbar.wollok-lsp-ide-0.5.4\\out\\server\\src\\server.js:2398:7383)\n    at V3.invoke (c:\\Users\\Estudiante\\.vscode\\extensions\\uqbar.wollok-lsp-ide-0.5.4\\out\\server\\src\\server.js:3:157328)\n    at o.fire (c:\\Users\\Estudiante\\.vscode\\extensions\\uqbar.wollok-lsp-ide-0.5.4\\out\\server\\src\\server.js:3:158098)\n    at c:\\Users\\Estudiante\\.vscode\\extensions\\uqbar.wollok-lsp-ide-0.5.4\\out\\server\\src\\server.js:37:57871\n    at nd (c:\\Users\\Estudiante\\.vscode\\extensions\\uqbar.wollok-lsp-ide-0.5.4\\out\\server\\src\\server.js:8:1561)","timestamp":"2026-06-14T22:41:15.122Z"}
{"level":"error","message":"✘ Failed to rebuild document Failed to parse game.wlk: \n-- PARSING FAILED --------------------------------------------------\n\n  132 |         }\n  133 | \n> 134 |     if (jugadaJugador.leGanaA(jugadaComputado) {\n      |                                                ^\n  135 |         resultado = \"ganaste\"\n  136 |         mostrarResultado = true\n\nExpected:\n\nsentence\n","stack":"Error: Failed to parse game.wlk: \n-- PARSING FAILED --------------------------------------------------\n\n  132 |         }\n  133 | \n> 134 |     if (jugadaJugador.leGanaA(jugadaComputado) {\n      |                                                ^\n  135 |         resultado = \"ganaste\"\n  136 |         mostrarResultado = true\n\nExpected:\n\nsentence\n\n    at c:\\Users\\Estudiante\\.vscode\\extensions\\uqbar.wollok-lsp-ide-0.5.4\\out\\server\\src\\server.js:2353:13026\n    at Array.map (<anonymous>)\n    at U1n (c:\\Users\\Estudiante\\.vscode\\extensions\\uqbar.wollok-lsp-ide-0.5.4\\out\\server\\src\\server.js:2353:12950)\n    at H2.buildEnvironmentFrom (c:\\Users\\Estudiante\\.vscode\\extensions\\uqbar.wollok-lsp-ide-0.5.4\\out\\server\\src\\server.js:2398:5254)\n    at H2.updateEnvironmentWith (c:\\Users\\Estudiante\\.vscode\\extensions\\uqbar.wollok-lsp-ide-0.5.4\\out\\server\\src\\server.js:2398:4989)\n    at GF (c:\\Users\\Estudiante\\.vscode\\extensions\\uqbar.wollok-lsp-ide-0.5.4\\out\\server\\src\\server.js:2398:7383)\n    at V3.invoke (c:\\Users\\Estudiante\\.vscode\\extensions\\uqbar.wollok-lsp-ide-0.5.4\\out\\server\\src\\server.js:3:157328)\n    at o.fire (c:\\Users\\Estudiante\\.vscode\\extensions\\uqbar.wollok-lsp-ide-0.5.4\\out\\server\\src\\server.js:3:158098)\n    at c:\\Users\\Estudiante\\.vscode\\extensions\\uqbar.wollok-lsp-ide-0.5.4\\out\\server\\src\\server.js:37:57871\n    at nd (c:\\Users\\Estudiante\\.vscode\\extensions\\uqbar.wollok-lsp-ide-0.5.4\\out\\server\\src\\server.js:8:1561)","timestamp":"2026-06-14T22:41:15.284Z"}
{"level":"error","message":"✘ Failed to rebuild document Failed to parse game.wlk: \n-- PARSING FAILED --------------------------------------------------\n\n  132 |         }\n  133 | \n> 134 |     if (jugadaJugador.leGanaA(jugadaComputad) {\n      |                                               ^\n  135 |         resultado = \"ganaste\"\n  136 |         mostrarResultado = true\n\nExpected:\n\nsentence\n","stack":"Error: Failed to parse game.wlk: \n-- PARSING FAILED --------------------------------------------------\n\n  132 |         }\n  133 | \n> 134 |     if (jugadaJugador.leGanaA(jugadaComputad) {\n      |                                               ^\n  135 |         resultado = \"ganaste\"\n  136 |         mostrarResultado = true\n\nExpected:\n\nsentence\n\n    at c:\\Users\\Estudiante\\.vscode\\extensions\\uqbar.wollok-lsp-ide-0.5.4\\out\\server\\src\\server.js:2353:13026\n    at Array.map (<anonymous>)\n    at U1n (c:\\Users\\Estudiante\\.vscode\\extensions\\uqbar.wollok-lsp-ide-0.5.4\\out\\server\\src\\server.js:2353:12950)\n    at H2.buildEnvironmentFrom (c:\\Users\\Estudiante\\.vscode\\extensions\\uqbar.wollok-lsp-ide-0.5.4\\out\\server\\src\\server.js:2398:5254)\n    at H2.updateEnvironmentWith (c:\\Users\\Estudiante\\.vscode\\extensions\\uqbar.wollok-lsp-ide-0.5.4\\out\\server\\src\\server.js:2398:4989)\n    at GF (c:\\Users\\Estudiante\\.vscode\\extensions\\uqbar.wollok-lsp-ide-0.5.4\\out\\server\\src\\server.js:2398:7383)\n    at V3.invoke (c:\\Users\\Estudiante\\.vscode\\extensions\\uqbar.wollok-lsp-ide-0.5.4\\out\\server\\src\\server.js:3:157328)\n    at o.fire (c:\\Users\\Estudiante\\.vscode\\extensions\\uqbar.wollok-lsp-ide-0.5.4\\out\\server\\src\\server.js:3:158098)\n    at c:\\Users\\Estudiante\\.vscode\\extensions\\uqbar.wollok-lsp-ide-0.5.4\\out\\server\\src\\server.js:37:57871\n    at nd (c:\\Users\\Estudiante\\.vscode\\extensions\\uqbar.wollok-lsp-ide-0.5.4\\out\\server\\src\\server.js:8:1561)","timestamp":"2026-06-14T22:41:15.568Z"}
{"level":"error","message":"✘ Failed to rebuild document Failed to parse game.wlk: \n-- PARSING FAILED --------------------------------------------------\n\n  132 |         }\n  133 | \n> 134 |     if (jugadaJugador.leGanaA(jugadaComputa) {\n      |                                              ^\n  135 |         resultado = \"ganaste\"\n  136 |         mostrarResultado = true\n\nExpected:\n\nsentence\n","stack":"Error: Failed to parse game.wlk: \n-- PARSING FAILED --------------------------------------------------\n\n  132 |         }\n  133 | \n> 134 |     if (jugadaJugador.leGanaA(jugadaComputa) {\n      |                                              ^\n  135 |         resultado = \"ganaste\"\n  136 |         mostrarResultado = true\n\nExpected:\n\nsentence\n\n    at c:\\Users\\Estudiante\\.vscode\\extensions\\uqbar.wollok-lsp-ide-0.5.4\\out\\server\\src\\server.js:2353:13026\n    at Array.map (<anonymous>)\n    at U1n (c:\\Users\\Estudiante\\.vscode\\extensions\\uqbar.wollok-lsp-ide-0.5.4\\out\\server\\src\\server.js:2353:12950)\n    at H2.buildEnvironmentFrom (c:\\Users\\Estudiante\\.vscode\\extensions\\uqbar.wollok-lsp-ide-0.5.4\\out\\server\\src\\server.js:2398:5254)\n    at H2.updateEnvironmentWith (c:\\Users\\Estudiante\\.vscode\\extensions\\uqbar.wollok-lsp-ide-0.5.4\\out\\server\\src\\server.js:2398:4989)\n    at GF (c:\\Users\\Estudiante\\.vscode\\extensions\\uqbar.wollok-lsp-ide-0.5.4\\out\\server\\src\\server.js:2398:7383)\n    at V3.invoke (c:\\Users\\Estudiante\\.vscode\\extensions\\uqbar.wollok-lsp-ide-0.5.4\\out\\server\\src\\server.js:3:157328)\n    at o.fire (c:\\Users\\Estudiante\\.vscode\\extensions\\uqbar.wollok-lsp-ide-0.5.4\\out\\server\\src\\server.js:3:158098)\n    at c:\\Users\\Estudiante\\.vscode\\extensions\\uqbar.wollok-lsp-ide-0.5.4\\out\\server\\src\\server.js:37:57871\n    at nd (c:\\Users\\Estudiante\\.vscode\\extensions\\uqbar.wollok-lsp-ide-0.5.4\\out\\server\\src\\server.js:8:1561)","timestamp":"2026-06-14T22:41:15.836Z"}
{"level":"error","message":"✘ Failed to rebuild document Failed to parse game.wlk: \n-- PARSING FAILED --------------------------------------------------\n\n  132 |         }\n  133 | \n> 134 |     if (jugadaJugador.leGanaA(jugadaComput) {\n      |                                             ^\n  135 |         resultado = \"ganaste\"\n  136 |         mostrarResultado = true\n\nExpected:\n\nsentence\n","stack":"Error: Failed to parse game.wlk: \n-- PARSING FAILED --------------------------------------------------\n\n  132 |         }\n  133 | \n> 134 |     if (jugadaJugador.leGanaA(jugadaComput) {\n      |                                             ^\n  135 |         resultado = \"ganaste\"\n  136 |         mostrarResultado = true\n\nExpected:\n\nsentence\n\n    at c:\\Users\\Estudiante\\.vscode\\extensions\\uqbar.wollok-lsp-ide-0.5.4\\out\\server\\src\\server.js:2353:13026\n    at Array.map (<anonymous>)\n    at U1n (c:\\Users\\Estudiante\\.vscode\\extensions\\uqbar.wollok-lsp-ide-0.5.4\\out\\server\\src\\server.js:2353:12950)\n    at H2.buildEnvironmentFrom (c:\\Users\\Estudiante\\.vscode\\extensions\\uqbar.wollok-lsp-ide-0.5.4\\out\\server\\src\\server.js:2398:5254)\n    at H2.updateEnvironmentWith (c:\\Users\\Estudiante\\.vscode\\extensions\\uqbar.wollok-lsp-ide-0.5.4\\out\\server\\src\\server.js:2398:4989)\n    at GF (c:\\Users\\Estudiante\\.vscode\\extensions\\uqbar.wollok-lsp-ide-0.5.4\\out\\server\\src\\server.js:2398:7383)\n    at V3.invoke (c:\\Users\\Estudiante\\.vscode\\extensions\\uqbar.wollok-lsp-ide-0.5.4\\out\\server\\src\\server.js:3:157328)\n    at o.fire (c:\\Users\\Estudiante\\.vscode\\extensions\\uqbar.wollok-lsp-ide-0.5.4\\out\\server\\src\\server.js:3:158098)\n    at c:\\Users\\Estudiante\\.vscode\\extensions\\uqbar.wollok-lsp-ide-0.5.4\\out\\server\\src\\server.js:37:57871\n    at nd (c:\\Users\\Estudiante\\.vscode\\extensions\\uqbar.wollok-lsp-ide-0.5.4\\out\\server\\src\\server.js:8:1561)","timestamp":"2026-06-14T22:41:16.188Z"}
{"level":"error","message":"✘ Failed to rebuild document Failed to parse game.wlk: \n-- PARSING FAILED --------------------------------------------------\n\n  132 |         }\n  133 | \n> 134 |     if (jugadaJugador.leGanaA(jugadaCompu) {\n      |                                            ^\n  135 |         resultado = \"ganaste\"\n  136 |         mostrarResultado = true\n\nExpected:\n\nsentence\n","stack":"Error: Failed to parse game.wlk: \n-- PARSING FAILED --------------------------------------------------\n\n  132 |         }\n  133 | \n> 134 |     if (jugadaJugador.leGanaA(jugadaCompu) {\n      |                                            ^\n  135 |         resultado = \"ganaste\"\n  136 |         mostrarResultado = true\n\nExpected:\n\nsentence\n\n    at c:\\Users\\Estudiante\\.vscode\\extensions\\uqbar.wollok-lsp-ide-0.5.4\\out\\server\\src\\server.js:2353:13026\n    at Array.map (<anonymous>)\n    at U1n (c:\\Users\\Estudiante\\.vscode\\extensions\\uqbar.wollok-lsp-ide-0.5.4\\out\\server\\src\\server.js:2353:12950)\n    at H2.buildEnvironmentFrom (c:\\Users\\Estudiante\\.vscode\\extensions\\uqbar.wollok-lsp-ide-0.5.4\\out\\server\\src\\server.js:2398:5254)\n    at H2.updateEnvironmentWith (c:\\Users\\Estudiante\\.vscode\\extensions\\uqbar.wollok-lsp-ide-0.5.4\\out\\server\\src\\server.js:2398:4989)\n    at GF (c:\\Users\\Estudiante\\.vscode\\extensions\\uqbar.wollok-lsp-ide-0.5.4\\out\\server\\src\\server.js:2398:7383)\n    at V3.invoke (c:\\Users\\Estudiante\\.vscode\\extensions\\uqbar.wollok-lsp-ide-0.5.4\\out\\server\\src\\server.js:3:157328)\n    at o.fire (c:\\Users\\Estudiante\\.vscode\\extensions\\uqbar.wollok-lsp-ide-0.5.4\\out\\server\\src\\server.js:3:158098)\n    at c:\\Users\\Estudiante\\.vscode\\extensions\\uqbar.wollok-lsp-ide-0.5.4\\out\\server\\src\\server.js:37:57871\n    at nd (c:\\Users\\Estudiante\\.vscode\\extensions\\uqbar.wollok-lsp-ide-0.5.4\\out\\server\\src\\server.js:8:1561)","timestamp":"2026-06-14T22:41:16.324Z"}
{"level":"error","message":"✘ Failed to rebuild document Failed to parse game.wlk: \n-- PARSING FAILED --------------------------------------------------\n\n  132 |         }\n  133 | \n> 134 |     if (jugadaJugador.leGanaA(jugadaComp) {\n      |                                           ^\n  135 |         resultado = \"ganaste\"\n  136 |         mostrarResultado = true\n\nExpected:\n\nsentence\n","stack":"Error: Failed to parse game.wlk: \n-- PARSING FAILED --------------------------------------------------\n\n  132 |         }\n  133 | \n> 134 |     if (jugadaJugador.leGanaA(jugadaComp) {\n      |                                           ^\n  135 |         resultado = \"ganaste\"\n  136 |         mostrarResultado = true\n\nExpected:\n\nsentence\n\n    at c:\\Users\\Estudiante\\.vscode\\extensions\\uqbar.wollok-lsp-ide-0.5.4\\out\\server\\src\\server.js:2353:13026\n    at Array.map (<anonymous>)\n    at U1n (c:\\Users\\Estudiante\\.vscode\\extensions\\uqbar.wollok-lsp-ide-0.5.4\\out\\server\\src\\server.js:2353:12950)\n    at H2.buildEnvironmentFrom (c:\\Users\\Estudiante\\.vscode\\extensions\\uqbar.wollok-lsp-ide-0.5.4\\out\\server\\src\\server.js:2398:5254)\n    at H2.updateEnvironmentWith (c:\\Users\\Estudiante\\.vscode\\extensions\\uqbar.wollok-lsp-ide-0.5.4\\out\\server\\src\\server.js:2398:4989)\n    at GF (c:\\Users\\Estudiante\\.vscode\\extensions\\uqbar.wollok-lsp-ide-0.5.4\\out\\server\\src\\server.js:2398:7383)\n    at V3.invoke (c:\\Users\\Estudiante\\.vscode\\extensions\\uqbar.wollok-lsp-ide-0.5.4\\out\\server\\src\\server.js:3:157328)\n    at o.fire (c:\\Users\\Estudiante\\.vscode\\extensions\\uqbar.wollok-lsp-ide-0.5.4\\out\\server\\src\\server.js:3:158098)\n    at c:\\Users\\Estudiante\\.vscode\\extensions\\uqbar.wollok-lsp-ide-0.5.4\\out\\server\\src\\server.js:37:57871\n    at nd (c:\\Users\\Estudiante\\.vscode\\extensions\\uqbar.wollok-lsp-ide-0.5.4\\out\\server\\src\\server.js:8:1561)","timestamp":"2026-06-14T22:41:16.459Z"}
{"level":"error","message":"✘ Failed to rebuild document Failed to parse game.wlk: \n-- PARSING FAILED --------------------------------------------------\n\n  132 |         }\n  133 | \n> 134 |     if (jugadaJugador.leGanaA(jugadaCom) {\n      |                                          ^\n  135 |         resultado = \"ganaste\"\n  136 |         mostrarResultado = true\n\nExpected:\n\nsentence\n","stack":"Error: Failed to parse game.wlk: \n-- PARSING FAILED --------------------------------------------------\n\n  132 |         }\n  133 | \n> 134 |     if (jugadaJugador.leGanaA(jugadaCom) {\n      |                                          ^\n  135 |         resultado = \"ganaste\"\n  136 |         mostrarResultado = true\n\nExpected:\n\nsentence\n\n    at c:\\Users\\Estudiante\\.vscode\\extensions\\uqbar.wollok-lsp-ide-0.5.4\\out\\server\\src\\server.js:2353:13026\n    at Array.map (<anonymous>)\n    at U1n (c:\\Users\\Estudiante\\.vscode\\extensions\\uqbar.wollok-lsp-ide-0.5.4\\out\\server\\src\\server.js:2353:12950)\n    at H2.buildEnvironmentFrom (c:\\Users\\Estudiante\\.vscode\\extensions\\uqbar.wollok-lsp-ide-0.5.4\\out\\server\\src\\server.js:2398:5254)\n    at H2.updateEnvironmentWith (c:\\Users\\Estudiante\\.vscode\\extensions\\uqbar.wollok-lsp-ide-0.5.4\\out\\server\\src\\server.js:2398:4989)\n    at GF (c:\\Users\\Estudiante\\.vscode\\extensions\\uqbar.wollok-lsp-ide-0.5.4\\out\\server\\src\\server.js:2398:7383)\n    at V3.invoke (c:\\Users\\Estudiante\\.vscode\\extensions\\uqbar.wollok-lsp-ide-0.5.4\\out\\server\\src\\server.js:3:157328)\n    at o.fire (c:\\Users\\Estudiante\\.vscode\\extensions\\uqbar.wollok-lsp-ide-0.5.4\\out\\server\\src\\server.js:3:158098)\n    at c:\\Users\\Estudiante\\.vscode\\extensions\\uqbar.wollok-lsp-ide-0.5.4\\out\\server\\src\\server.js:37:57871\n    at nd (c:\\Users\\Estudiante\\.vscode\\extensions\\uqbar.wollok-lsp-ide-0.5.4\\out\\server\\src\\server.js:8:1561)","timestamp":"2026-06-14T22:41:16.653Z"}
{"level":"error","message":"✘ Failed to rebuild document Failed to parse game.wlk: \n-- PARSING FAILED --------------------------------------------------\n\n  132 |         }\n  133 | \n> 134 |     if (jugadaJugador.leGanaA(jugadaCo) {\n      |                                         ^\n  135 |         resultado = \"ganaste\"\n  136 |         mostrarResultado = true\n\nExpected:\n\nsentence\n","stack":"Error: Failed to parse game.wlk: \n-- PARSING FAILED --------------------------------------------------\n\n  132 |         }\n  133 | \n> 134 |     if (jugadaJugador.leGanaA(jugadaCo) {\n      |                                         ^\n  135 |         resultado = \"ganaste\"\n  136 |         mostrarResultado = true\n\nExpected:\n\nsentence\n\n    at c:\\Users\\Estudiante\\.vscode\\extensions\\uqbar.wollok-lsp-ide-0.5.4\\out\\server\\src\\server.js:2353:13026\n    at Array.map (<anonymous>)\n    at U1n (c:\\Users\\Estudiante\\.vscode\\extensions\\uqbar.wollok-lsp-ide-0.5.4\\out\\server\\src\\server.js:2353:12950)\n    at H2.buildEnvironmentFrom (c:\\Users\\Estudiante\\.vscode\\extensions\\uqbar.wollok-lsp-ide-0.5.4\\out\\server\\src\\server.js:2398:5254)\n    at H2.updateEnvironmentWith (c:\\Users\\Estudiante\\.vscode\\extensions\\uqbar.wollok-lsp-ide-0.5.4\\out\\server\\src\\server.js:2398:4989)\n    at GF (c:\\Users\\Estudiante\\.vscode\\extensions\\uqbar.wollok-lsp-ide-0.5.4\\out\\server\\src\\server.js:2398:7383)\n    at V3.invoke (c:\\Users\\Estudiante\\.vscode\\extensions\\uqbar.wollok-lsp-ide-0.5.4\\out\\server\\src\\server.js:3:157328)\n    at o.fire (c:\\Users\\Estudiante\\.vscode\\extensions\\uqbar.wollok-lsp-ide-0.5.4\\out\\server\\src\\server.js:3:158098)\n    at c:\\Users\\Estudiante\\.vscode\\extensions\\uqbar.wollok-lsp-ide-0.5.4\\out\\server\\src\\server.js:37:57871\n    at nd (c:\\Users\\Estudiante\\.vscode\\extensions\\uqbar.wollok-lsp-ide-0.5.4\\out\\server\\src\\server.js:8:1561)","timestamp":"2026-06-14T22:41:16.751Z"}
{"level":"error","message":"✘ Failed to rebuild document Failed to parse game.wlk: \n-- PARSING FAILED --------------------------------------------------\n\n  132 |         }\n  133 | \n> 134 |     if (jugadaJugador.leGanaA(jugadaC) {\n      |                                        ^\n  135 |         resultado = \"ganaste\"\n  136 |         mostrarResultado = true\n\nExpected:\n\nsentence\n","stack":"Error: Failed to parse game.wlk: \n-- PARSING FAILED --------------------------------------------------\n\n  132 |         }\n  133 | \n> 134 |     if (jugadaJugador.leGanaA(jugadaC) {\n      |                                        ^\n  135 |         resultado = \"ganaste\"\n  136 |         mostrarResultado = true\n\nExpected:\n\nsentence\n\n    at c:\\Users\\Estudiante\\.vscode\\extensions\\uqbar.wollok-lsp-ide-0.5.4\\out\\server\\src\\server.js:2353:13026\n    at Array.map (<anonymous>)\n    at U1n (c:\\Users\\Estudiante\\.vscode\\extensions\\uqbar.wollok-lsp-ide-0.5.4\\out\\server\\src\\server.js:2353:12950)\n    at H2.buildEnvironmentFrom (c:\\Users\\Estudiante\\.vscode\\extensions\\uqbar.wollok-lsp-ide-0.5.4\\out\\server\\src\\server.js:2398:5254)\n    at H2.updateEnvironmentWith (c:\\Users\\Estudiante\\.vscode\\extensions\\uqbar.wollok-lsp-ide-0.5.4\\out\\server\\src\\server.js:2398:4989)\n    at GF (c:\\Users\\Estudiante\\.vscode\\extensions\\uqbar.wollok-lsp-ide-0.5.4\\out\\server\\src\\server.js:2398:7383)\n    at V3.invoke (c:\\Users\\Estudiante\\.vscode\\extensions\\uqbar.wollok-lsp-ide-0.5.4\\out\\server\\src\\server.js:3:157328)\n    at o.fire (c:\\Users\\Estudiante\\.vscode\\extensions\\uqbar.wollok-lsp-ide-0.5.4\\out\\server\\src\\server.js:3:158098)\n    at c:\\Users\\Estudiante\\.vscode\\extensions\\uqbar.wollok-lsp-ide-0.5.4\\out\\server\\src\\server.js:37:57871\n    at nd (c:\\Users\\Estudiante\\.vscode\\extensions\\uqbar.wollok-lsp-ide-0.5.4\\out\\server\\src\\server.js:8:1561)","timestamp":"2026-06-14T22:41:16.822Z"}
{"level":"error","message":"✘ Failed to rebuild document Failed to parse game.wlk: \n-- PARSING FAILED --------------------------------------------------\n\n  132 |         }\n  133 | \n> 134 |     if (jugadaJugador.leGanaA(jugada) {\n      |                                       ^\n  135 |         resultado = \"ganaste\"\n  136 |         mostrarResultado = true\n\nExpected:\n\nsentence\n","stack":"Error: Failed to parse game.wlk: \n-- PARSING FAILED --------------------------------------------------\n\n  132 |         }\n  133 | \n> 134 |     if (jugadaJugador.leGanaA(jugada) {\n      |                                       ^\n  135 |         resultado = \"ganaste\"\n  136 |         mostrarResultado = true\n\nExpected:\n\nsentence\n\n    at c:\\Users\\Estudiante\\.vscode\\extensions\\uqbar.wollok-lsp-ide-0.5.4\\out\\server\\src\\server.js:2353:13026\n    at Array.map (<anonymous>)\n    at U1n (c:\\Users\\Estudiante\\.vscode\\extensions\\uqbar.wollok-lsp-ide-0.5.4\\out\\server\\src\\server.js:2353:12950)\n    at H2.buildEnvironmentFrom (c:\\Users\\Estudiante\\.vscode\\extensions\\uqbar.wollok-lsp-ide-0.5.4\\out\\server\\src\\server.js:2398:5254)\n    at H2.updateEnvironmentWith (c:\\Users\\Estudiante\\.vscode\\extensions\\uqbar.wollok-lsp-ide-0.5.4\\out\\server\\src\\server.js:2398:4989)\n    at GF (c:\\Users\\Estudiante\\.vscode\\extensions\\uqbar.wollok-lsp-ide-0.5.4\\out\\server\\src\\server.js:2398:7383)\n    at V3.invoke (c:\\Users\\Estudiante\\.vscode\\extensions\\uqbar.wollok-lsp-ide-0.5.4\\out\\server\\src\\server.js:3:157328)\n    at o.fire (c:\\Users\\Estudiante\\.vscode\\extensions\\uqbar.wollok-lsp-ide-0.5.4\\out\\server\\src\\server.js:3:158098)\n    at c:\\Users\\Estudiante\\.vscode\\extensions\\uqbar.wollok-lsp-ide-0.5.4\\out\\server\\src\\server.js:37:57871\n    at nd (c:\\Users\\Estudiante\\.vscode\\extensions\\uqbar.wollok-lsp-ide-0.5.4\\out\\server\\src\\server.js:8:1561)","timestamp":"2026-06-14T22:41:16.902Z"}
{"level":"error","message":"✘ Failed to rebuild document Failed to parse game.wlk: \n-- PARSING FAILED --------------------------------------------------\n\n  132 |         }\n  133 | \n> 134 |     if (jugadaJugador.leGanaA(jugad) {\n      |                                      ^\n  135 |         resultado = \"ganaste\"\n  136 |         mostrarResultado = true\n\nExpected:\n\nsentence\n","stack":"Error: Failed to parse game.wlk: \n-- PARSING FAILED --------------------------------------------------\n\n  132 |         }\n  133 | \n> 134 |     if (jugadaJugador.leGanaA(jugad) {\n      |                                      ^\n  135 |         resultado = \"ganaste\"\n  136 |         mostrarResultado = true\n\nExpected:\n\nsentence\n\n    at c:\\Users\\Estudiante\\.vscode\\extensions\\uqbar.wollok-lsp-ide-0.5.4\\out\\server\\src\\server.js:2353:13026\n    at Array.map (<anonymous>)\n    at U1n (c:\\Users\\Estudiante\\.vscode\\extensions\\uqbar.wollok-lsp-ide-0.5.4\\out\\server\\src\\server.js:2353:12950)\n    at H2.buildEnvironmentFrom (c:\\Users\\Estudiante\\.vscode\\extensions\\uqbar.wollok-lsp-ide-0.5.4\\out\\server\\src\\server.js:2398:5254)\n    at H2.updateEnvironmentWith (c:\\Users\\Estudiante\\.vscode\\extensions\\uqbar.wollok-lsp-ide-0.5.4\\out\\server\\src\\server.js:2398:4989)\n    at GF (c:\\Users\\Estudiante\\.vscode\\extensions\\uqbar.wollok-lsp-ide-0.5.4\\out\\server\\src\\server.js:2398:7383)\n    at V3.invoke (c:\\Users\\Estudiante\\.vscode\\extensions\\uqbar.wollok-lsp-ide-0.5.4\\out\\server\\src\\server.js:3:157328)\n    at o.fire (c:\\Users\\Estudiante\\.vscode\\extensions\\uqbar.wollok-lsp-ide-0.5.4\\out\\server\\src\\server.js:3:158098)\n    at c:\\Users\\Estudiante\\.vscode\\extensions\\uqbar.wollok-lsp-ide-0.5.4\\out\\server\\src\\server.js:37:57871\n    at nd (c:\\Users\\Estudiante\\.vscode\\extensions\\uqbar.wollok-lsp-ide-0.5.4\\out\\server\\src\\server.js:8:1561)","timestamp":"2026-06-14T22:41:16.982Z"}
{"level":"error","message":"✘ Failed to rebuild document Failed to parse game.wlk: \n-- PARSING FAILED --------------------------------------------------\n\n  132 |         }\n  133 | \n> 134 |     if (jugadaJugador.leGanaA(juga) {\n      |                                     ^\n  135 |         resultado = \"ganaste\"\n  136 |         mostrarResultado = true\n\nExpected:\n\nsentence\n","stack":"Error: Failed to parse game.wlk: \n-- PARSING FAILED --------------------------------------------------\n\n  132 |         }\n  133 | \n> 134 |     if (jugadaJugador.leGanaA(juga) {\n      |                                     ^\n  135 |         resultado = \"ganaste\"\n  136 |         mostrarResultado = true\n\nExpected:\n\nsentence\n\n    at c:\\Users\\Estudiante\\.vscode\\extensions\\uqbar.wollok-lsp-ide-0.5.4\\out\\server\\src\\server.js:2353:13026\n    at Array.map (<anonymous>)\n    at U1n (c:\\Users\\Estudiante\\.vscode\\extensions\\uqbar.wollok-lsp-ide-0.5.4\\out\\server\\src\\server.js:2353:12950)\n    at H2.buildEnvironmentFrom (c:\\Users\\Estudiante\\.vscode\\extensions\\uqbar.wollok-lsp-ide-0.5.4\\out\\server\\src\\server.js:2398:5254)\n    at H2.updateEnvironmentWith (c:\\Users\\Estudiante\\.vscode\\extensions\\uqbar.wollok-lsp-ide-0.5.4\\out\\server\\src\\server.js:2398:4989)\n    at GF (c:\\Users\\Estudiante\\.vscode\\extensions\\uqbar.wollok-lsp-ide-0.5.4\\out\\server\\src\\server.js:2398:7383)\n    at V3.invoke (c:\\Users\\Estudiante\\.vscode\\extensions\\uqbar.wollok-lsp-ide-0.5.4\\out\\server\\src\\server.js:3:157328)\n    at o.fire (c:\\Users\\Estudiante\\.vscode\\extensions\\uqbar.wollok-lsp-ide-0.5.4\\out\\server\\src\\server.js:3:158098)\n    at c:\\Users\\Estudiante\\.vscode\\extensions\\uqbar.wollok-lsp-ide-0.5.4\\out\\server\\src\\server.js:37:57871\n    at nd (c:\\Users\\Estudiante\\.vscode\\extensions\\uqbar.wollok-lsp-ide-0.5.4\\out\\server\\src\\server.js:8:1561)","timestamp":"2026-06-14T22:41:17.092Z"}
{"level":"error","message":"✘ Failed to rebuild document Failed to parse game.wlk: \n-- PARSING FAILED --------------------------------------------------\n\n  132 |         }\n  133 | \n> 134 |     if (jugadaJugador.leGanaA(jug) {\n      |                                    ^\n  135 |         resultado = \"ganaste\"\n  136 |         mostrarResultado = true\n\nExpected:\n\nsentence\n","stack":"Error: Failed to parse game.wlk: \n-- PARSING FAILED --------------------------------------------------\n\n  132 |         }\n  133 | \n> 134 |     if (jugadaJugador.leGanaA(jug) {\n      |                                    ^\n  135 |         resultado = \"ganaste\"\n  136 |         mostrarResultado = true\n\nExpected:\n\nsentence\n\n    at c:\\Users\\Estudiante\\.vscode\\extensions\\uqbar.wollok-lsp-ide-0.5.4\\out\\server\\src\\server.js:2353:13026\n    at Array.map (<anonymous>)\n    at U1n (c:\\Users\\Estudiante\\.vscode\\extensions\\uqbar.wollok-lsp-ide-0.5.4\\out\\server\\src\\server.js:2353:12950)\n    at H2.buildEnvironmentFrom (c:\\Users\\Estudiante\\.vscode\\extensions\\uqbar.wollok-lsp-ide-0.5.4\\out\\server\\src\\server.js:2398:5254)\n    at H2.updateEnvironmentWith (c:\\Users\\Estudiante\\.vscode\\extensions\\uqbar.wollok-lsp-ide-0.5.4\\out\\server\\src\\server.js:2398:4989)\n    at GF (c:\\Users\\Estudiante\\.vscode\\extensions\\uqbar.wollok-lsp-ide-0.5.4\\out\\server\\src\\server.js:2398:7383)\n    at V3.invoke (c:\\Users\\Estudiante\\.vscode\\extensions\\uqbar.wollok-lsp-ide-0.5.4\\out\\server\\src\\server.js:3:157328)\n    at o.fire (c:\\Users\\Estudiante\\.vscode\\extensions\\uqbar.wollok-lsp-ide-0.5.4\\out\\server\\src\\server.js:3:158098)\n    at c:\\Users\\Estudiante\\.vscode\\extensions\\uqbar.wollok-lsp-ide-0.5.4\\out\\server\\src\\server.js:37:57871\n    at nd (c:\\Users\\Estudiante\\.vscode\\extensions\\uqbar.wollok-lsp-ide-0.5.4\\out\\server\\src\\server.js:8:1561)","timestamp":"2026-06-14T22:41:17.194Z"}
{"level":"error","message":"✘ Failed to rebuild document Failed to parse game.wlk: \n-- PARSING FAILED --------------------------------------------------\n\n  132 |         }\n  133 | \n> 134 |     if (jugadaJugador.leGanaA(ju) {\n      |                                   ^\n  135 |         resultado = \"ganaste\"\n  136 |         mostrarResultado = true\n\nExpected:\n\nsentence\n","stack":"Error: Failed to parse game.wlk: \n-- PARSING FAILED --------------------------------------------------\n\n  132 |         }\n  133 | \n> 134 |     if (jugadaJugador.leGanaA(ju) {\n      |                                   ^\n  135 |         resultado = \"ganaste\"\n  136 |         mostrarResultado = true\n\nExpected:\n\nsentence\n\n    at c:\\Users\\Estudiante\\.vscode\\extensions\\uqbar.wollok-lsp-ide-0.5.4\\out\\server\\src\\server.js:2353:13026\n    at Array.map (<anonymous>)\n    at U1n (c:\\Users\\Estudiante\\.vscode\\extensions\\uqbar.wollok-lsp-ide-0.5.4\\out\\server\\src\\server.js:2353:12950)\n    at H2.buildEnvironmentFrom (c:\\Users\\Estudiante\\.vscode\\extensions\\uqbar.wollok-lsp-ide-0.5.4\\out\\server\\src\\server.js:2398:5254)\n    at H2.updateEnvironmentWith (c:\\Users\\Estudiante\\.vscode\\extensions\\uqbar.wollok-lsp-ide-0.5.4\\out\\server\\src\\server.js:2398:4989)\n    at GF (c:\\Users\\Estudiante\\.vscode\\extensions\\uqbar.wollok-lsp-ide-0.5.4\\out\\server\\src\\server.js:2398:7383)\n    at V3.invoke (c:\\Users\\Estudiante\\.vscode\\extensions\\uqbar.wollok-lsp-ide-0.5.4\\out\\server\\src\\server.js:3:157328)\n    at o.fire (c:\\Users\\Estudiante\\.vscode\\extensions\\uqbar.wollok-lsp-ide-0.5.4\\out\\server\\src\\server.js:3:158098)\n    at c:\\Users\\Estudiante\\.vscode\\extensions\\uqbar.wollok-lsp-ide-0.5.4\\out\\server\\src\\server.js:37:57871\n    at nd (c:\\Users\\Estudiante\\.vscode\\extensions\\uqbar.wollok-lsp-ide-0.5.4\\out\\server\\src\\server.js:8:1561)","timestamp":"2026-06-14T22:41:17.271Z"}
{"level":"error","message":"✘ Failed to rebuild document Failed to parse game.wlk: \n-- PARSING FAILED --------------------------------------------------\n\n  132 |         }\n  133 | \n> 134 |     if (jugadaJugador.leGanaA(j) {\n      |                                  ^\n  135 |         resultado = \"ganaste\"\n  136 |         mostrarResultado = true\n\nExpected:\n\nsentence\n","stack":"Error: Failed to parse game.wlk: \n-- PARSING FAILED --------------------------------------------------\n\n  132 |         }\n  133 | \n> 134 |     if (jugadaJugador.leGanaA(j) {\n      |                                  ^\n  135 |         resultado = \"ganaste\"\n  136 |         mostrarResultado = true\n\nExpected:\n\nsentence\n\n    at c:\\Users\\Estudiante\\.vscode\\extensions\\uqbar.wollok-lsp-ide-0.5.4\\out\\server\\src\\server.js:2353:13026\n    at Array.map (<anonymous>)\n    at U1n (c:\\Users\\Estudiante\\.vscode\\extensions\\uqbar.wollok-lsp-ide-0.5.4\\out\\server\\src\\server.js:2353:12950)\n    at H2.buildEnvironmentFrom (c:\\Users\\Estudiante\\.vscode\\extensions\\uqbar.wollok-lsp-ide-0.5.4\\out\\server\\src\\server.js:2398:5254)\n    at H2.updateEnvironmentWith (c:\\Users\\Estudiante\\.vscode\\extensions\\uqbar.wollok-lsp-ide-0.5.4\\out\\server\\src\\server.js:2398:4989)\n    at GF (c:\\Users\\Estudiante\\.vscode\\extensions\\uqbar.wollok-lsp-ide-0.5.4\\out\\server\\src\\server.js:2398:7383)\n    at V3.invoke (c:\\Users\\Estudiante\\.vscode\\extensions\\uqbar.wollok-lsp-ide-0.5.4\\out\\server\\src\\server.js:3:157328)\n    at o.fire (c:\\Users\\Estudiante\\.vscode\\extensions\\uqbar.wollok-lsp-ide-0.5.4\\out\\server\\src\\server.js:3:158098)\n    at c:\\Users\\Estudiante\\.vscode\\extensions\\uqbar.wollok-lsp-ide-0.5.4\\out\\server\\src\\server.js:37:57871\n    at nd (c:\\Users\\Estudiante\\.vscode\\extensions\\uqbar.wollok-lsp-ide-0.5.4\\out\\server\\src\\server.js:8:1561)","timestamp":"2026-06-14T22:41:17.362Z"}
{"level":"error","message":"✘ Failed to rebuild document Failed to parse game.wlk: \n-- PARSING FAILED --------------------------------------------------\n\n  132 |         }\n  133 | \n> 134 |     if (jugadaJugador.leGanaA() {\n      |                                 ^\n  135 |         resultado = \"ganaste\"\n  136 |         mostrarResultado = true\n\nExpected:\n\nsentence\n","stack":"Error: Failed to parse game.wlk: \n-- PARSING FAILED --------------------------------------------------\n\n  132 |         }\n  133 | \n> 134 |     if (jugadaJugador.leGanaA() {\n      |                                 ^\n  135 |         resultado = \"ganaste\"\n  136 |         mostrarResultado = true\n\nExpected:\n\nsentence\n\n    at c:\\Users\\Estudiante\\.vscode\\extensions\\uqbar.wollok-lsp-ide-0.5.4\\out\\server\\src\\server.js:2353:13026\n    at Array.map (<anonymous>)\n    at U1n (c:\\Users\\Estudiante\\.vscode\\extensions\\uqbar.wollok-lsp-ide-0.5.4\\out\\server\\src\\server.js:2353:12950)\n    at H2.buildEnvironmentFrom (c:\\Users\\Estudiante\\.vscode\\extensions\\uqbar.wollok-lsp-ide-0.5.4\\out\\server\\src\\server.js:2398:5254)\n    at H2.updateEnvironmentWith (c:\\Users\\Estudiante\\.vscode\\extensions\\uqbar.wollok-lsp-ide-0.5.4\\out\\server\\src\\server.js:2398:4989)\n    at GF (c:\\Users\\Estudiante\\.vscode\\extensions\\uqbar.wollok-lsp-ide-0.5.4\\out\\server\\src\\server.js:2398:7383)\n    at V3.invoke (c:\\Users\\Estudiante\\.vscode\\extensions\\uqbar.wollok-lsp-ide-0.5.4\\out\\server\\src\\server.js:3:157328)\n    at o.fire (c:\\Users\\Estudiante\\.vscode\\extensions\\uqbar.wollok-lsp-ide-0.5.4\\out\\server\\src\\server.js:3:158098)\n    at c:\\Users\\Estudiante\\.vscode\\extensions\\uqbar.wollok-lsp-ide-0.5.4\\out\\server\\src\\server.js:37:57871\n    at nd (c:\\Users\\Estudiante\\.vscode\\extensions\\uqbar.wollok-lsp-ide-0.5.4\\out\\server\\src\\server.js:8:1561)","timestamp":"2026-06-14T22:41:17.474Z"}
{"level":"info","message":"⌛ Building environment","timeElapsed":400,"timestamp":"2026-06-14T22:41:17.898Z"}
{"level":"info","message":"⌛ Building environment","timeElapsed":296,"timestamp":"2026-06-14T22:41:18.243Z"}
{"level":"info","message":"⌛ Building environment","timeElapsed":245,"timestamp":"2026-06-14T22:41:18.495Z"}
{"level":"info","message":"⌛ Building environment","timeElapsed":273,"timestamp":"2026-06-14T22:41:18.880Z"}
{"level":"info","message":"⌛ Building environment","timeElapsed":421,"timestamp":"2026-06-14T22:41:19.309Z"}
{"level":"info","message":"⌛ Building environment","timeElapsed":350,"timestamp":"2026-06-14T22:41:19.660Z"}
{"level":"info","message":"⌛ Building environment","timeElapsed":528,"timestamp":"2026-06-14T22:41:20.224Z"}
{"level":"error","message":"✘ Failed to rebuild document Failed to parse game.wlk: \n-- PARSING FAILED --------------------------------------------------\n\n  132 |         }\n  133 | \n> 134 |     if (jugadaJugador.) {\n      |                       ^\n  135 |         resultado = \"ganaste\"\n  136 |         mostrarResultado = true\n\nExpected:\n\nsentence\n","stack":"Error: Failed to parse game.wlk: \n-- PARSING FAILED --------------------------------------------------\n\n  132 |         }\n  133 | \n> 134 |     if (jugadaJugador.) {\n      |                       ^\n  135 |         resultado = \"ganaste\"\n  136 |         mostrarResultado = true\n\nExpected:\n\nsentence\n\n    at c:\\Users\\Estudiante\\.vscode\\extensions\\uqbar.wollok-lsp-ide-0.5.4\\out\\server\\src\\server.js:2353:13026\n    at Array.map (<anonymous>)\n    at U1n (c:\\Users\\Estudiante\\.vscode\\extensions\\uqbar.wollok-lsp-ide-0.5.4\\out\\server\\src\\server.js:2353:12950)\n    at H2.buildEnvironmentFrom (c:\\Users\\Estudiante\\.vscode\\extensions\\uqbar.wollok-lsp-ide-0.5.4\\out\\server\\src\\server.js:2398:5254)\n    at H2.updateEnvironmentWith (c:\\Users\\Estudiante\\.vscode\\extensions\\uqbar.wollok-lsp-ide-0.5.4\\out\\server\\src\\server.js:2398:4989)\n    at GF (c:\\Users\\Estudiante\\.vscode\\extensions\\uqbar.wollok-lsp-ide-0.5.4\\out\\server\\src\\server.js:2398:7383)\n    at V3.invoke (c:\\Users\\Estudiante\\.vscode\\extensions\\uqbar.wollok-lsp-ide-0.5.4\\out\\server\\src\\server.js:3:157328)\n    at o.fire (c:\\Users\\Estudiante\\.vscode\\extensions\\uqbar.wollok-lsp-ide-0.5.4\\out\\server\\src\\server.js:3:158098)\n    at c:\\Users\\Estudiante\\.vscode\\extensions\\uqbar.wollok-lsp-ide-0.5.4\\out\\server\\src\\server.js:37:57871\n    at nd (c:\\Users\\Estudiante\\.vscode\\extensions\\uqbar.wollok-lsp-ide-0.5.4\\out\\server\\src\\server.js:8:1561)","timestamp":"2026-06-14T22:41:20.332Z"}
{"level":"info","message":"⌛ Building environment","timeElapsed":286,"timestamp":"2026-06-14T22:41:20.620Z"}
{"level":"info","message":"⌛ Validating game.wlk","timeElapsed":223,"timestamp":"2026-06-14T22:41:20.882Z"}
{"level":"info","message":"⌛ Validating game.wlk","timeElapsed":295,"timestamp":"2026-06-14T22:41:21.182Z"}
{"level":"info","message":"⌛ Validating game.wlk","timeElapsed":310,"timestamp":"2026-06-14T22:41:21.493Z"}
{"level":"info","message":"⌛ Validating game.wlk","timeElapsed":452,"timestamp":"2026-06-14T22:41:21.947Z"}
{"level":"info","message":"⌛ Building environment","timeElapsed":375,"timestamp":"2026-06-14T22:41:22.378Z"}
{"level":"info","message":"⌛ Validating game.wlk","timeElapsed":284,"timestamp":"2026-06-14T22:41:22.719Z"}
{"level":"info","message":"⌛ Validating game.wlk","timeElapsed":290,"timestamp":"2026-06-14T22:41:23.014Z"}
{"level":"info","message":"⌛ Validating game.wlk","timeElapsed":231,"timestamp":"2026-06-14T22:41:23.247Z"}
{"level":"info","message":"⌛ Validating game.wlk","timeElapsed":186,"timestamp":"2026-06-14T22:41:23.450Z"}
{"level":"error","message":"✘ Failed to rebuild document Failed to parse game.wlk: \n-- PARSING FAILED --------------------------------------------------\n\n  132 |         }\n  133 | \n> 134 |     if (jugadaJugador == piedra && jugadaComputadora == tijera ||) {\n      |                                                                  ^\n  135 |         resultado = \"ganaste\"\n  136 |         mostrarResultado = true\n\nExpected:\n\nsentence\n","stack":"Error: Failed to parse game.wlk: \n-- PARSING FAILED --------------------------------------------------\n\n  132 |         }\n  133 | \n> 134 |     if (jugadaJugador == piedra && jugadaComputadora == tijera ||) {\n      |                                                                  ^\n  135 |         resultado = \"ganaste\"\n  136 |         mostrarResultado = true\n\nExpected:\n\nsentence\n\n    at c:\\Users\\Estudiante\\.vscode\\extensions\\uqbar.wollok-lsp-ide-0.5.4\\out\\server\\src\\server.js:2353:13026\n    at Array.map (<anonymous>)\n    at U1n (c:\\Users\\Estudiante\\.vscode\\extensions\\uqbar.wollok-lsp-ide-0.5.4\\out\\server\\src\\server.js:2353:12950)\n    at H2.buildEnvironmentFrom (c:\\Users\\Estudiante\\.vscode\\extensions\\uqbar.wollok-lsp-ide-0.5.4\\out\\server\\src\\server.js:2398:5254)\n    at H2.updateEnvironmentWith (c:\\Users\\Estudiante\\.vscode\\extensions\\uqbar.wollok-lsp-ide-0.5.4\\out\\server\\src\\server.js:2398:4989)\n    at GF (c:\\Users\\Estudiante\\.vscode\\extensions\\uqbar.wollok-lsp-ide-0.5.4\\out\\server\\src\\server.js:2398:7383)\n    at V3.invoke (c:\\Users\\Estudiante\\.vscode\\extensions\\uqbar.wollok-lsp-ide-0.5.4\\out\\server\\src\\server.js:3:157328)\n    at o.fire (c:\\Users\\Estudiante\\.vscode\\extensions\\uqbar.wollok-lsp-ide-0.5.4\\out\\server\\src\\server.js:3:158098)\n    at c:\\Users\\Estudiante\\.vscode\\extensions\\uqbar.wollok-lsp-ide-0.5.4\\out\\server\\src\\server.js:37:57871\n    at nd (c:\\Users\\Estudiante\\.vscode\\extensions\\uqbar.wollok-lsp-ide-0.5.4\\out\\server\\src\\server.js:8:1561)","timestamp":"2026-06-14T22:41:23.522Z"}
{"level":"info","message":"⌛ Validating game.wlk","timeElapsed":201,"timestamp":"2026-06-14T22:41:23.806Z"}
{"level":"error","message":"✘ Failed to rebuild document Failed to parse game.wlk: \n-- PARSING FAILED --------------------------------------------------\n\n  133 | \n  134 |     if (jugadaJugador == piedra && jugadaComputadora == tijera ||\n> 135 |         jugadaJugador == papel && jugadaComputadora == piedra ||) {\n      |                                                                 ^\n  136 |         resultado = \"ganaste\"\n  137 |         mostrarResultado = true\n\nExpected:\n\nsentence\n","stack":"Error: Failed to parse game.wlk: \n-- PARSING FAILED --------------------------------------------------\n\n  133 | \n  134 |     if (jugadaJugador == piedra && jugadaComputadora == tijera ||\n> 135 |         jugadaJugador == papel && jugadaComputadora == piedra ||) {\n      |                                                                 ^\n  136 |         resultado = \"ganaste\"\n  137 |         mostrarResultado = true\n\nExpected:\n\nsentence\n\n    at c:\\Users\\Estudiante\\.vscode\\extensions\\uqbar.wollok-lsp-ide-0.5.4\\out\\server\\src\\server.js:2353:13026\n    at Array.map (<anonymous>)\n    at U1n (c:\\Users\\Estudiante\\.vscode\\extensions\\uqbar.wollok-lsp-ide-0.5.4\\out\\server\\src\\server.js:2353:12950)\n    at H2.buildEnvironmentFrom (c:\\Users\\Estudiante\\.vscode\\extensions\\uqbar.wollok-lsp-ide-0.5.4\\out\\server\\src\\server.js:2398:5254)\n    at H2.updateEnvironmentWith (c:\\Users\\Estudiante\\.vscode\\extensions\\uqbar.wollok-lsp-ide-0.5.4\\out\\server\\src\\server.js:2398:4989)\n    at GF (c:\\Users\\Estudiante\\.vscode\\extensions\\uqbar.wollok-lsp-ide-0.5.4\\out\\server\\src\\server.js:2398:7383)\n    at V3.invoke (c:\\Users\\Estudiante\\.vscode\\extensions\\uqbar.wollok-lsp-ide-0.5.4\\out\\server\\src\\server.js:3:157328)\n    at o.fire (c:\\Users\\Estudiante\\.vscode\\extensions\\uqbar.wollok-lsp-ide-0.5.4\\out\\server\\src\\server.js:3:158098)\n    at c:\\Users\\Estudiante\\.vscode\\extensions\\uqbar.wollok-lsp-ide-0.5.4\\out\\server\\src\\server.js:37:57871\n    at nd (c:\\Users\\Estudiante\\.vscode\\extensions\\uqbar.wollok-lsp-ide-0.5.4\\out\\server\\src\\server.js:8:1561)","timestamp":"2026-06-14T22:41:25.370Z"}
{"level":"error","message":"✘ Failed to rebuild document Failed to parse game.wlk: \n-- PARSING FAILED --------------------------------------------------\n\n  132 |         }\n  133 | \n> 134 |     if (jugadaJugador == piedra && jugadaComputadora == tijera ||) {\n      |                                                                  ^\n  135 |         resultado = \"ganaste\"\n  136 |         mostrarResultado = true\n\nExpected:\n\nsentence\n","stack":"Error: Failed to parse game.wlk: \n-- PARSING FAILED --------------------------------------------------\n\n  132 |         }\n  133 | \n> 134 |     if (jugadaJugador == piedra && jugadaComputadora == tijera ||) {\n      |                                                                  ^\n  135 |         resultado = \"ganaste\"\n  136 |         mostrarResultado = true\n\nExpected:\n\nsentence\n\n    at c:\\Users\\Estudiante\\.vscode\\extensions\\uqbar.wollok-lsp-ide-0.5.4\\out\\server\\src\\server.js:2353:13026\n    at Array.map (<anonymous>)\n    at U1n (c:\\Users\\Estudiante\\.vscode\\extensions\\uqbar.wollok-lsp-ide-0.5.4\\out\\server\\src\\server.js:2353:12950)\n    at H2.buildEnvironmentFrom (c:\\Users\\Estudiante\\.vscode\\extensions\\uqbar.wollok-lsp-ide-0.5.4\\out\\server\\src\\server.js:2398:5254)\n    at H2.updateEnvironmentWith (c:\\Users\\Estudiante\\.vscode\\extensions\\uqbar.wollok-lsp-ide-0.5.4\\out\\server\\src\\server.js:2398:4989)\n    at GF (c:\\Users\\Estudiante\\.vscode\\extensions\\uqbar.wollok-lsp-ide-0.5.4\\out\\server\\src\\server.js:2398:7383)\n    at V3.invoke (c:\\Users\\Estudiante\\.vscode\\extensions\\uqbar.wollok-lsp-ide-0.5.4\\out\\server\\src\\server.js:3:157328)\n    at o.fire (c:\\Users\\Estudiante\\.vscode\\extensions\\uqbar.wollok-lsp-ide-0.5.4\\out\\server\\src\\server.js:3:158098)\n    at c:\\Users\\Estudiante\\.vscode\\extensions\\uqbar.wollok-lsp-ide-0.5.4\\out\\server\\src\\server.js:37:57871\n    at nd (c:\\Users\\Estudiante\\.vscode\\extensions\\uqbar.wollok-lsp-ide-0.5.4\\out\\server\\src\\server.js:8:1561)","timestamp":"2026-06-14T22:41:28.918Z"}
{"level":"info","message":"⌛ Building environment","timeElapsed":300,"timestamp":"2026-06-14T22:41:34.671Z"}
{"level":"info","message":"⌛ Validating game.wlk","timeElapsed":240,"timestamp":"2026-06-14T22:41:34.985Z"}
{"level":"info","message":"⌛ Building environment","timeElapsed":366,"timestamp":"2026-06-14T22:42:34.202Z"}
{"level":"info","message":"⌛ Validating mainExample.wpgm","timeElapsed":297,"timestamp":"2026-06-14T22:42:34.606Z"}
{"level":"info","message":"⌛ Building environment","timeElapsed":399,"timestamp":"2026-06-14T23:16:56.730Z"}
{"level":"info","message":"⌛ Building environment","timeElapsed":499,"timestamp":"2026-06-14T23:16:57.314Z"}
{"level":"info","message":"⌛ Building environment","timeElapsed":328,"timestamp":"2026-06-14T23:16:57.643Z"}
{"level":"info","message":"⌛ Validating game.wlk","timeElapsed":366,"timestamp":"2026-06-14T23:16:58.010Z"}
{"level":"info","message":"⌛ Building environment","timeElapsed":276,"timestamp":"2026-06-14T23:16:58.293Z"}
{"level":"info","message":"⌛ Building environment","timeElapsed":247,"timestamp":"2026-06-14T23:16:58.575Z"}
{"level":"info","message":"⌛ Building environment","timeElapsed":293,"timestamp":"2026-06-14T23:16:58.876Z"}
{"level":"info","message":"⌛ Building environment","timeElapsed":440,"timestamp":"2026-06-14T23:16:59.364Z"}
{"level":"info","message":"⌛ Validating game.wlk","timeElapsed":846,"timestamp":"2026-06-14T23:17:00.210Z"}
{"level":"info","message":"⌛ Building environment","timeElapsed":644,"timestamp":"2026-06-14T23:17:00.868Z"}
{"level":"info","message":"⌛ Validating game.wlk","timeElapsed":590,"timestamp":"2026-06-14T23:17:01.510Z"}
{"level":"info","message":"⌛ Validating game.wlk","timeElapsed":356,"timestamp":"2026-06-14T23:17:01.867Z"}
{"level":"info","message":"⌛ Building environment","timeElapsed":251,"timestamp":"2026-06-14T23:17:02.128Z"}
{"level":"info","message":"⌛ Validating game.wlk","timeElapsed":227,"timestamp":"2026-06-14T23:17:02.355Z"}
{"level":"info","message":"⌛ Validating game.wlk","timeElapsed":300,"timestamp":"2026-06-14T23:17:02.692Z"}
{"level":"info","message":"⌛ Validating game.wlk","timeElapsed":459,"timestamp":"2026-06-14T23:17:03.152Z"}
{"level":"info","message":"⌛ Validating game.wlk","timeElapsed":674,"timestamp":"2026-06-14T23:17:03.828Z"}
{"level":"info","message":"⌛ Validating game.wlk","timeElapsed":350,"timestamp":"2026-06-14T23:17:04.239Z"}
{"level":"info","message":"⌛ Building environment","timeElapsed":244,"timestamp":"2026-06-14T23:17:10.315Z"}
{"level":"info","message":"⌛ Validating game.wlk","timeElapsed":398,"timestamp":"2026-06-14T23:17:10.930Z"}
{"level":"info","message":"⌛ Building environment","timeElapsed":251,"timestamp":"2026-06-14T23:17:15.578Z"}
{"level":"error","message":"✘ Error on handler Maximum call stack size exceeded","stack":"RangeError: Maximum call stack size exceeded\n    at Crn (c:\\Users\\Estudiante\\.vscode\\extensions\\uqbar.wollok-lsp-ide-0.5.4\\out\\server\\src\\server.js:57:18605)\n    at c:\\Users\\Estudiante\\.vscode\\extensions\\uqbar.wollok-lsp-ide-0.5.4\\out\\server\\src\\server.js:57:19112\n    at c:\\Users\\Estudiante\\.vscode\\extensions\\uqbar.wollok-lsp-ide-0.5.4\\out\\server\\src\\server.js:38:6131\n    at Crn (c:\\Users\\Estudiante\\.vscode\\extensions\\uqbar.wollok-lsp-ide-0.5.4\\out\\server\\src\\server.js:57:18626)\n    at c:\\Users\\Estudiante\\.vscode\\extensions\\uqbar.wollok-lsp-ide-0.5.4\\out\\server\\src\\server.js:57:19051\n    at c:\\Users\\Estudiante\\.vscode\\extensions\\uqbar.wollok-lsp-ide-0.5.4\\out\\server\\src\\server.js:38:6131\n    at Crn (c:\\Users\\Estudiante\\.vscode\\extensions\\uqbar.wollok-lsp-ide-0.5.4\\out\\server\\src\\server.js:57:18626)\n    at c:\\Users\\Estudiante\\.vscode\\extensions\\uqbar.wollok-lsp-ide-0.5.4\\out\\server\\src\\server.js:57:19112\n    at c:\\Users\\Estudiante\\.vscode\\extensions\\uqbar.wollok-lsp-ide-0.5.4\\out\\server\\src\\server.js:38:6131\n    at Crn (c:\\Users\\Estudiante\\.vscode\\extensions\\uqbar.wollok-lsp-ide-0.5.4\\out\\server\\src\\server.js:57:18626)","timestamp":"2026-06-14T23:17:15.648Z"}
{"level":"error","message":"✘ Validate text document error: RangeError: Maximum call stack size exceeded Maximum call stack size exceeded","stack":"RangeError: Maximum call stack size exceeded\n    at Crn (c:\\Users\\Estudiante\\.vscode\\extensions\\uqbar.wollok-lsp-ide-0.5.4\\out\\server\\src\\server.js:57:18605)\n    at c:\\Users\\Estudiante\\.vscode\\extensions\\uqbar.wollok-lsp-ide-0.5.4\\out\\server\\src\\server.js:57:19112\n    at c:\\Users\\Estudiante\\.vscode\\extensions\\uqbar.wollok-lsp-ide-0.5.4\\out\\server\\src\\server.js:38:6131\n    at Crn (c:\\Users\\Estudiante\\.vscode\\extensions\\uqbar.wollok-lsp-ide-0.5.4\\out\\server\\src\\server.js:57:18626)\n    at c:\\Users\\Estudiante\\.vscode\\extensions\\uqbar.wollok-lsp-ide-0.5.4\\out\\server\\src\\server.js:57:19051\n    at c:\\Users\\Estudiante\\.vscode\\extensions\\uqbar.wollok-lsp-ide-0.5.4\\out\\server\\src\\server.js:38:6131\n    at Crn (c:\\Users\\Estudiante\\.vscode\\extensions\\uqbar.wollok-lsp-ide-0.5.4\\out\\server\\src\\server.js:57:18626)\n    at c:\\Users\\Estudiante\\.vscode\\extensions\\uqbar.wollok-lsp-ide-0.5.4\\out\\server\\src\\server.js:57:19112\n    at c:\\Users\\Estudiante\\.vscode\\extensions\\uqbar.wollok-lsp-ide-0.5.4\\out\\server\\src\\server.js:38:6131\n    at Crn (c:\\Users\\Estudiante\\.vscode\\extensions\\uqbar.wollok-lsp-ide-0.5.4\\out\\server\\src\\server.js:57:18626)","timestamp":"2026-06-14T23:17:16.035Z"}
{"level":"info","message":"⌛ Validating game.wlk","timeElapsed":218,"timestamp":"2026-06-14T23:17:16.039Z"}
{"level":"error","message":"✘ Error on handler Maximum call stack size exceeded","stack":"RangeError: Maximum call stack size exceeded\n    at Crn (c:\\Users\\Estudiante\\.vscode\\extensions\\uqbar.wollok-lsp-ide-0.5.4\\out\\server\\src\\server.js:57:18605)\n    at c:\\Users\\Estudiante\\.vscode\\extensions\\uqbar.wollok-lsp-ide-0.5.4\\out\\server\\src\\server.js:57:19112\n    at c:\\Users\\Estudiante\\.vscode\\extensions\\uqbar.wollok-lsp-ide-0.5.4\\out\\server\\src\\server.js:38:6131\n    at Crn (c:\\Users\\Estudiante\\.vscode\\extensions\\uqbar.wollok-lsp-ide-0.5.4\\out\\server\\src\\server.js:57:18626)\n    at c:\\Users\\Estudiante\\.vscode\\extensions\\uqbar.wollok-lsp-ide-0.5.4\\out\\server\\src\\server.js:57:19051\n    at c:\\Users\\Estudiante\\.vscode\\extensions\\uqbar.wollok-lsp-ide-0.5.4\\out\\server\\src\\server.js:38:6131\n    at Crn (c:\\Users\\Estudiante\\.vscode\\extensions\\uqbar.wollok-lsp-ide-0.5.4\\out\\server\\src\\server.js:57:18626)\n    at c:\\Users\\Estudiante\\.vscode\\extensions\\uqbar.wollok-lsp-ide-0.5.4\\out\\server\\src\\server.js:57:19112\n    at c:\\Users\\Estudiante\\.vscode\\extensions\\uqbar.wollok-lsp-ide-0.5.4\\out\\server\\src\\server.js:38:6131\n    at Crn (c:\\Users\\Estudiante\\.vscode\\extensions\\uqbar.wollok-lsp-ide-0.5.4\\out\\server\\src\\server.js:57:18626)","timestamp":"2026-06-14T23:17:16.165Z"}
{"level":"error","message":"✘ Error on handler Maximum call stack size exceeded","stack":"RangeError: Maximum call stack size exceeded\n    at Crn (c:\\Users\\Estudiante\\.vscode\\extensions\\uqbar.wollok-lsp-ide-0.5.4\\out\\server\\src\\server.js:57:18605)\n    at c:\\Users\\Estudiante\\.vscode\\extensions\\uqbar.wollok-lsp-ide-0.5.4\\out\\server\\src\\server.js:57:19112\n    at c:\\Users\\Estudiante\\.vscode\\extensions\\uqbar.wollok-lsp-ide-0.5.4\\out\\server\\src\\server.js:38:6131\n    at Crn (c:\\Users\\Estudiante\\.vscode\\extensions\\uqbar.wollok-lsp-ide-0.5.4\\out\\server\\src\\server.js:57:18626)\n    at c:\\Users\\Estudiante\\.vscode\\extensions\\uqbar.wollok-lsp-ide-0.5.4\\out\\server\\src\\server.js:57:19051\n    at c:\\Users\\Estudiante\\.vscode\\extensions\\uqbar.wollok-lsp-ide-0.5.4\\out\\server\\src\\server.js:38:6131\n    at Crn (c:\\Users\\Estudiante\\.vscode\\extensions\\uqbar.wollok-lsp-ide-0.5.4\\out\\server\\src\\server.js:57:18626)\n    at c:\\Users\\Estudiante\\.vscode\\extensions\\uqbar.wollok-lsp-ide-0.5.4\\out\\server\\src\\server.js:57:19112\n    at c:\\Users\\Estudiante\\.vscode\\extensions\\uqbar.wollok-lsp-ide-0.5.4\\out\\server\\src\\server.js:38:6131\n    at Crn (c:\\Users\\Estudiante\\.vscode\\extensions\\uqbar.wollok-lsp-ide-0.5.4\\out\\server\\src\\server.js:57:18626)","timestamp":"2026-06-14T23:17:16.307Z"}
{"level":"error","message":"✘ Error on handler Maximum call stack size exceeded","stack":"RangeError: Maximum call stack size exceeded\n    at Crn (c:\\Users\\Estudiante\\.vscode\\extensions\\uqbar.wollok-lsp-ide-0.5.4\\out\\server\\src\\server.js:57:18605)\n    at c:\\Users\\Estudiante\\.vscode\\extensions\\uqbar.wollok-lsp-ide-0.5.4\\out\\server\\src\\server.js:57:19112\n    at c:\\Users\\Estudiante\\.vscode\\extensions\\uqbar.wollok-lsp-ide-0.5.4\\out\\server\\src\\server.js:38:6131\n    at Crn (c:\\Users\\Estudiante\\.vscode\\extensions\\uqbar.wollok-lsp-ide-0.5.4\\out\\server\\src\\server.js:57:18626)\n    at c:\\Users\\Estudiante\\.vscode\\extensions\\uqbar.wollok-lsp-ide-0.5.4\\out\\server\\src\\server.js:57:19051\n    at c:\\Users\\Estudiante\\.vscode\\extensions\\uqbar.wollok-lsp-ide-0.5.4\\out\\server\\src\\server.js:38:6131\n    at Crn (c:\\Users\\Estudiante\\.vscode\\extensions\\uqbar.wollok-lsp-ide-0.5.4\\out\\server\\src\\server.js:57:18626)\n    at c:\\Users\\Estudiante\\.vscode\\extensions\\uqbar.wollok-lsp-ide-0.5.4\\out\\server\\src\\server.js:57:19112\n    at c:\\Users\\Estudiante\\.vscode\\extensions\\uqbar.wollok-lsp-ide-0.5.4\\out\\server\\src\\server.js:38:6131\n    at Crn (c:\\Users\\Estudiante\\.vscode\\extensions\\uqbar.wollok-lsp-ide-0.5.4\\out\\server\\src\\server.js:57:18626)","timestamp":"2026-06-14T23:17:19.517Z"}
{"level":"error","message":"✘ Error on handler Maximum call stack size exceeded","stack":"RangeError: Maximum call stack size exceeded\n    at Crn (c:\\Users\\Estudiante\\.vscode\\extensions\\uqbar.wollok-lsp-ide-0.5.4\\out\\server\\src\\server.js:57:18605)\n    at c:\\Users\\Estudiante\\.vscode\\extensions\\uqbar.wollok-lsp-ide-0.5.4\\out\\server\\src\\server.js:57:19112\n    at c:\\Users\\Estudiante\\.vscode\\extensions\\uqbar.wollok-lsp-ide-0.5.4\\out\\server\\src\\server.js:38:6131\n    at Crn (c:\\Users\\Estudiante\\.vscode\\extensions\\uqbar.wollok-lsp-ide-0.5.4\\out\\server\\src\\server.js:57:18626)\n    at c:\\Users\\Estudiante\\.vscode\\extensions\\uqbar.wollok-lsp-ide-0.5.4\\out\\server\\src\\server.js:57:19051\n    at c:\\Users\\Estudiante\\.vscode\\extensions\\uqbar.wollok-lsp-ide-0.5.4\\out\\server\\src\\server.js:38:6131\n    at Crn (c:\\Users\\Estudiante\\.vscode\\extensions\\uqbar.wollok-lsp-ide-0.5.4\\out\\server\\src\\server.js:57:18626)\n    at c:\\Users\\Estudiante\\.vscode\\extensions\\uqbar.wollok-lsp-ide-0.5.4\\out\\server\\src\\server.js:57:19112\n    at c:\\Users\\Estudiante\\.vscode\\extensions\\uqbar.wollok-lsp-ide-0.5.4\\out\\server\\src\\server.js:38:6131\n    at Crn (c:\\Users\\Estudiante\\.vscode\\extensions\\uqbar.wollok-lsp-ide-0.5.4\\out\\server\\src\\server.js:57:18626)","timestamp":"2026-06-14T23:17:20.308Z"}
{"level":"error","message":"✘ Error on handler Maximum call stack size exceeded","stack":"RangeError: Maximum call stack size exceeded\n    at Crn (c:\\Users\\Estudiante\\.vscode\\extensions\\uqbar.wollok-lsp-ide-0.5.4\\out\\server\\src\\server.js:57:18605)\n    at c:\\Users\\Estudiante\\.vscode\\extensions\\uqbar.wollok-lsp-ide-0.5.4\\out\\server\\src\\server.js:57:19112\n    at c:\\Users\\Estudiante\\.vscode\\extensions\\uqbar.wollok-lsp-ide-0.5.4\\out\\server\\src\\server.js:38:6131\n    at Crn (c:\\Users\\Estudiante\\.vscode\\extensions\\uqbar.wollok-lsp-ide-0.5.4\\out\\server\\src\\server.js:57:18626)\n    at c:\\Users\\Estudiante\\.vscode\\extensions\\uqbar.wollok-lsp-ide-0.5.4\\out\\server\\src\\server.js:57:19051\n    at c:\\Users\\Estudiante\\.vscode\\extensions\\uqbar.wollok-lsp-ide-0.5.4\\out\\server\\src\\server.js:38:6131\n    at Crn (c:\\Users\\Estudiante\\.vscode\\extensions\\uqbar.wollok-lsp-ide-0.5.4\\out\\server\\src\\server.js:57:18626)\n    at c:\\Users\\Estudiante\\.vscode\\extensions\\uqbar.wollok-lsp-ide-0.5.4\\out\\server\\src\\server.js:57:19112\n    at c:\\Users\\Estudiante\\.vscode\\extensions\\uqbar.wollok-lsp-ide-0.5.4\\out\\server\\src\\server.js:38:6131\n    at Crn (c:\\Users\\Estudiante\\.vscode\\extensions\\uqbar.wollok-lsp-ide-0.5.4\\out\\server\\src\\server.js:57:18626)","timestamp":"2026-06-14T23:17:20.681Z"}
{"level":"error","message":"✘ Error on handler Maximum call stack size exceeded","stack":"RangeError: Maximum call stack size exceeded\n    at Crn (c:\\Users\\Estudiante\\.vscode\\extensions\\uqbar.wollok-lsp-ide-0.5.4\\out\\server\\src\\server.js:57:18605)\n    at c:\\Users\\Estudiante\\.vscode\\extensions\\uqbar.wollok-lsp-ide-0.5.4\\out\\server\\src\\server.js:57:19112\n    at c:\\Users\\Estudiante\\.vscode\\extensions\\uqbar.wollok-lsp-ide-0.5.4\\out\\server\\src\\server.js:38:6131\n    at Crn (c:\\Users\\Estudiante\\.vscode\\extensions\\uqbar.wollok-lsp-ide-0.5.4\\out\\server\\src\\server.js:57:18626)\n    at c:\\Users\\Estudiante\\.vscode\\extensions\\uqbar.wollok-lsp-ide-0.5.4\\out\\server\\src\\server.js:57:19051\n    at c:\\Users\\Estudiante\\.vscode\\extensions\\uqbar.wollok-lsp-ide-0.5.4\\out\\server\\src\\server.js:38:6131\n    at Crn (c:\\Users\\Estudiante\\.vscode\\extensions\\uqbar.wollok-lsp-ide-0.5.4\\out\\server\\src\\server.js:57:18626)\n    at c:\\Users\\Estudiante\\.vscode\\extensions\\uqbar.wollok-lsp-ide-0.5.4\\out\\server\\src\\server.js:57:19112\n    at c:\\Users\\Estudiante\\.vscode\\extensions\\uqbar.wollok-lsp-ide-0.5.4\\out\\server\\src\\server.js:38:6131\n    at Crn (c:\\Users\\Estudiante\\.vscode\\extensions\\uqbar.wollok-lsp-ide-0.5.4\\out\\server\\src\\server.js:57:18626)","timestamp":"2026-06-14T23:17:21.035Z"}
{"level":"error","message":"✘ Error on handler Maximum call stack size exceeded","stack":"RangeError: Maximum call stack size exceeded\n    at Crn (c:\\Users\\Estudiante\\.vscode\\extensions\\uqbar.wollok-lsp-ide-0.5.4\\out\\server\\src\\server.js:57:18605)\n    at c:\\Users\\Estudiante\\.vscode\\extensions\\uqbar.wollok-lsp-ide-0.5.4\\out\\server\\src\\server.js:57:19112\n    at c:\\Users\\Estudiante\\.vscode\\extensions\\uqbar.wollok-lsp-ide-0.5.4\\out\\server\\src\\server.js:38:6131\n    at Crn (c:\\Users\\Estudiante\\.vscode\\extensions\\uqbar.wollok-lsp-ide-0.5.4\\out\\server\\src\\server.js:57:18626)\n    at c:\\Users\\Estudiante\\.vscode\\extensions\\uqbar.wollok-lsp-ide-0.5.4\\out\\server\\src\\server.js:57:19051\n    at c:\\Users\\Estudiante\\.vscode\\extensions\\uqbar.wollok-lsp-ide-0.5.4\\out\\server\\src\\server.js:38:6131\n    at Crn (c:\\Users\\Estudiante\\.vscode\\extensions\\uqbar.wollok-lsp-ide-0.5.4\\out\\server\\src\\server.js:57:18626)\n    at c:\\Users\\Estudiante\\.vscode\\extensions\\uqbar.wollok-lsp-ide-0.5.4\\out\\server\\src\\server.js:57:19112\n    at c:\\Users\\Estudiante\\.vscode\\extensions\\uqbar.wollok-lsp-ide-0.5.4\\out\\server\\src\\server.js:38:6131\n    at Crn (c:\\Users\\Estudiante\\.vscode\\extensions\\uqbar.wollok-lsp-ide-0.5.4\\out\\server\\src\\server.js:57:18626)","timestamp":"2026-06-14T23:17:21.423Z"}
{"level":"info","message":"⌛ Building environment","timeElapsed":294,"timestamp":"2026-06-14T23:17:22.235Z"}
{"level":"info","message":"⌛ Building environment","timeElapsed":374,"timestamp":"2026-06-14T23:17:22.798Z"}
{"level":"info","message":"⌛ Building environment","timeElapsed":291,"timestamp":"2026-06-14T23:17:23.090Z"}
{"level":"info","message":"⌛ Building environment","timeElapsed":255,"timestamp":"2026-06-14T23:17:23.368Z"}
{"level":"info","message":"⌛ Building environment","timeElapsed":228,"timestamp":"2026-06-14T23:17:23.597Z"}
{"level":"info","message":"⌛ Building environment","timeElapsed":277,"timestamp":"2026-06-14T23:17:23.896Z"}
{"level":"info","message":"⌛ Building environment","timeElapsed":249,"timestamp":"2026-06-14T23:17:24.153Z"}
{"level":"info","message":"⌛ Building environment","timeElapsed":359,"timestamp":"2026-06-14T23:17:24.540Z"}
{"level":"info","message":"⌛ Building environment","timeElapsed":371,"timestamp":"2026-06-14T23:17:24.928Z"}
{"level":"info","message":"⌛ Building environment","timeElapsed":194,"timestamp":"2026-06-14T23:17:25.157Z"}
{"level":"info","message":"⌛ Building environment","timeElapsed":196,"timestamp":"2026-06-14T23:17:25.357Z"}
{"level":"info","message":"⌛ Building environment","timeElapsed":167,"timestamp":"2026-06-14T23:17:25.544Z"}
{"level":"info","message":"⌛ Building environment","timeElapsed":172,"timestamp":"2026-06-14T23:17:25.718Z"}
{"level":"info","message":"⌛ Building environment","timeElapsed":202,"timestamp":"2026-06-14T23:17:25.952Z"}
{"level":"info","message":"⌛ Building environment","timeElapsed":339,"timestamp":"2026-06-14T23:17:26.296Z"}
{"level":"info","message":"⌛ Building environment","timeElapsed":235,"timestamp":"2026-06-14T23:17:26.554Z"}
{"level":"info","message":"⌛ Building environment","timeElapsed":281,"timestamp":"2026-06-14T23:17:26.840Z"}
{"level":"info","message":"⌛ Building environment","timeElapsed":239,"timestamp":"2026-06-14T23:17:27.110Z"}
{"level":"info","message":"⌛ Building environment","timeElapsed":188,"timestamp":"2026-06-14T23:17:27.303Z"}
{"level":"info","message":"⌛ Building environment","timeElapsed":253,"timestamp":"2026-06-14T23:17:27.580Z"}
{"level":"error","message":"✘ Validate text document error: RangeError: Maximum call stack size exceeded Maximum call stack size exceeded","stack":"RangeError: Maximum call stack size exceeded\n    at Crn (c:\\Users\\Estudiante\\.vscode\\extensions\\uqbar.wollok-lsp-ide-0.5.4\\out\\server\\src\\server.js:57:18605)\n    at c:\\Users\\Estudiante\\.vscode\\extensions\\uqbar.wollok-lsp-ide-0.5.4\\out\\server\\src\\server.js:57:19112\n    at c:\\Users\\Estudiante\\.vscode\\extensions\\uqbar.wollok-lsp-ide-0.5.4\\out\\server\\src\\server.js:38:6131\n    at Crn (c:\\Users\\Estudiante\\.vscode\\extensions\\uqbar.wollok-lsp-ide-0.5.4\\out\\server\\src\\server.js:57:18626)\n    at c:\\Users\\Estudiante\\.vscode\\extensions\\uqbar.wollok-lsp-ide-0.5.4\\out\\server\\src\\server.js:57:19051\n    at c:\\Users\\Estudiante\\.vscode\\extensions\\uqbar.wollok-lsp-ide-0.5.4\\out\\server\\src\\server.js:38:6131\n    at Crn (c:\\Users\\Estudiante\\.vscode\\extensions\\uqbar.wollok-lsp-ide-0.5.4\\out\\server\\src\\server.js:57:18626)\n    at c:\\Users\\Estudiante\\.vscode\\extensions\\uqbar.wollok-lsp-ide-0.5.4\\out\\server\\src\\server.js:57:19112\n    at c:\\Users\\Estudiante\\.vscode\\extensions\\uqbar.wollok-lsp-ide-0.5.4\\out\\server\\src\\server.js:38:6131\n    at Crn (c:\\Users\\Estudiante\\.vscode\\extensions\\uqbar.wollok-lsp-ide-0.5.4\\out\\server\\src\\server.js:57:18626)","timestamp":"2026-06-14T23:17:27.837Z"}
{"level":"info","message":"⌛ Validating game.wlk","timeElapsed":256,"timestamp":"2026-06-14T23:17:27.837Z"}
{"level":"error","message":"✘ Validate text document error: RangeError: Maximum call stack size exceeded Maximum call stack size exceeded","stack":"RangeError: Maximum call stack size exceeded\n    at Crn (c:\\Users\\Estudiante\\.vscode\\extensions\\uqbar.wollok-lsp-ide-0.5.4\\out\\server\\src\\server.js:57:18605)\n    at c:\\Users\\Estudiante\\.vscode\\extensions\\uqbar.wollok-lsp-ide-0.5.4\\out\\server\\src\\server.js:57:19112\n    at c:\\Users\\Estudiante\\.vscode\\extensions\\uqbar.wollok-lsp-ide-0.5.4\\out\\server\\src\\server.js:38:6131\n    at Crn (c:\\Users\\Estudiante\\.vscode\\extensions\\uqbar.wollok-lsp-ide-0.5.4\\out\\server\\src\\server.js:57:18626)\n    at c:\\Users\\Estudiante\\.vscode\\extensions\\uqbar.wollok-lsp-ide-0.5.4\\out\\server\\src\\server.js:57:19051\n    at c:\\Users\\Estudiante\\.vscode\\extensions\\uqbar.wollok-lsp-ide-0.5.4\\out\\server\\src\\server.js:38:6131\n    at Crn (c:\\Users\\Estudiante\\.vscode\\extensions\\uqbar.wollok-lsp-ide-0.5.4\\out\\server\\src\\server.js:57:18626)\n    at c:\\Users\\Estudiante\\.vscode\\extensions\\uqbar.wollok-lsp-ide-0.5.4\\out\\server\\src\\server.js:57:19112\n    at c:\\Users\\Estudiante\\.vscode\\extensions\\uqbar.wollok-lsp-ide-0.5.4\\out\\server\\src\\server.js:38:6131\n    at Crn (c:\\Users\\Estudiante\\.vscode\\extensions\\uqbar.wollok-lsp-ide-0.5.4\\out\\server\\src\\server.js:57:18626)","timestamp":"2026-06-14T23:17:28.038Z"}
{"level":"info","message":"⌛ Validating game.wlk","timeElapsed":195,"timestamp":"2026-06-14T23:17:28.040Z"}
{"level":"info","message":"⌛ Validating game.wlk","timeElapsed":199,"timestamp":"2026-06-14T23:17:28.240Z"}
{"level":"info","message":"⌛ Validating game.wlk","timeElapsed":204,"timestamp":"2026-06-14T23:17:28.446Z"}
{"level":"info","message":"⌛ Validating game.wlk","timeElapsed":212,"timestamp":"2026-06-14T23:17:28.659Z"}
{"level":"info","message":"⌛ Building environment","timeElapsed":214,"timestamp":"2026-06-14T23:17:28.874Z"}
{"level":"info","message":"⌛ Validating game.wlk","timeElapsed":186,"timestamp":"2026-06-14T23:17:29.060Z"}
{"level":"info","message":"⌛ Validating game.wlk","timeElapsed":166,"timestamp":"2026-06-14T23:17:29.247Z"}
{"level":"info","message":"⌛ Validating game.wlk","timeElapsed":165,"timestamp":"2026-06-14T23:17:29.415Z"}
{"level":"info","message":"⌛ Validating game.wlk","timeElapsed":189,"timestamp":"2026-06-14T23:17:29.606Z"}
{"level":"info","message":"⌛ Validating game.wlk","timeElapsed":164,"timestamp":"2026-06-14T23:17:29.780Z"}
{"level":"info","message":"⌛ Validating game.wlk","timeElapsed":249,"timestamp":"2026-06-14T23:17:30.076Z"}
{"level":"info","message":"⌛ Validating game.wlk","timeElapsed":151,"timestamp":"2026-06-14T23:17:30.227Z"}
{"level":"info","message":"⌛ Validating game.wlk","timeElapsed":151,"timestamp":"2026-06-14T23:17:30.379Z"}
{"level":"info","message":"⌛ Validating game.wlk","timeElapsed":157,"timestamp":"2026-06-14T23:17:30.535Z"}
{"level":"info","message":"⌛ Validating game.wlk","timeElapsed":158,"timestamp":"2026-06-14T23:17:30.696Z"}
{"level":"info","message":"⌛ Validating game.wlk","timeElapsed":157,"timestamp":"2026-06-14T23:17:30.854Z"}
{"level":"info","message":"⌛ Validating game.wlk","timeElapsed":149,"timestamp":"2026-06-14T23:17:31.005Z"}
{"level":"info","message":"⌛ Validating game.wlk","timeElapsed":251,"timestamp":"2026-06-14T23:17:31.257Z"}
{"level":"info","message":"⌛ Validating game.wlk","timeElapsed":150,"timestamp":"2026-06-14T23:17:31.408Z"}
{"level":"info","message":"⌛ Validating game.wlk","timeElapsed":150,"timestamp":"2026-06-14T23:17:31.603Z"}
{"level":"info","message":"⌛ Validating game.wlk","timeElapsed":148,"timestamp":"2026-06-14T23:17:31.774Z"}
{"level":"info","message":"⌛ Building environment","timeElapsed":692,"timestamp":"2026-06-14T23:18:19.369Z"}
{"level":"info","message":"⌛ Validating game.wlk","timeElapsed":302,"timestamp":"2026-06-14T23:18:20.146Z"}
{"level":"error","message":"✘ Failed to rebuild document Failed to parse game.wlk: \n-- PARSING FAILED --------------------------------------------------\n\n  132 | \n  133 |     if (\n> 134 |         resultado = \"ganaste\"\n      |                   ^\n  135 |         mostrarResultado = true\n  136 | \n\nExpected:\n\nsentence\n","stack":"Error: Failed to parse game.wlk: \n-- PARSING FAILED --------------------------------------------------\n\n  132 | \n  133 |     if (\n> 134 |         resultado = \"ganaste\"\n      |                   ^\n  135 |         mostrarResultado = true\n  136 | \n\nExpected:\n\nsentence\n\n    at c:\\Users\\Estudiante\\.vscode\\extensions\\uqbar.wollok-lsp-ide-0.5.4\\out\\server\\src\\server.js:2353:13026\n    at Array.map (<anonymous>)\n    at U1n (c:\\Users\\Estudiante\\.vscode\\extensions\\uqbar.wollok-lsp-ide-0.5.4\\out\\server\\src\\server.js:2353:12950)\n    at H2.buildEnvironmentFrom (c:\\Users\\Estudiante\\.vscode\\extensions\\uqbar.wollok-lsp-ide-0.5.4\\out\\server\\src\\server.js:2398:5254)\n    at H2.updateEnvironmentWith (c:\\Users\\Estudiante\\.vscode\\extensions\\uqbar.wollok-lsp-ide-0.5.4\\out\\server\\src\\server.js:2398:4989)\n    at GF (c:\\Users\\Estudiante\\.vscode\\extensions\\uqbar.wollok-lsp-ide-0.5.4\\out\\server\\src\\server.js:2398:7383)\n    at V3.invoke (c:\\Users\\Estudiante\\.vscode\\extensions\\uqbar.wollok-lsp-ide-0.5.4\\out\\server\\src\\server.js:3:157328)\n    at o.fire (c:\\Users\\Estudiante\\.vscode\\extensions\\uqbar.wollok-lsp-ide-0.5.4\\out\\server\\src\\server.js:3:158098)\n    at c:\\Users\\Estudiante\\.vscode\\extensions\\uqbar.wollok-lsp-ide-0.5.4\\out\\server\\src\\server.js:37:57871\n    at nd (c:\\Users\\Estudiante\\.vscode\\extensions\\uqbar.wollok-lsp-ide-0.5.4\\out\\server\\src\\server.js:8:1561)","timestamp":"2026-06-14T23:18:48.074Z"}
{"level":"error","message":"✘ Failed to rebuild document Failed to parse game.wlk: \n-- PARSING FAILED --------------------------------------------------\n\n  131 |         }\n  132 | \n> 133 |     if ()\n      |         ^\n  134 |         resultado = \"ganaste\"\n  135 |         mostrarResultado = true\n\nExpected:\n\nsentence\n","stack":"Error: Failed to parse game.wlk: \n-- PARSING FAILED --------------------------------------------------\n\n  131 |         }\n  132 | \n> 133 |     if ()\n      |         ^\n  134 |         resultado = \"ganaste\"\n  135 |         mostrarResultado = true\n\nExpected:\n\nsentence\n\n    at c:\\Users\\Estudiante\\.vscode\\extensions\\uqbar.wollok-lsp-ide-0.5.4\\out\\server\\src\\server.js:2353:13026\n    at Array.map (<anonymous>)\n    at U1n (c:\\Users\\Estudiante\\.vscode\\extensions\\uqbar.wollok-lsp-ide-0.5.4\\out\\server\\src\\server.js:2353:12950)\n    at H2.buildEnvironmentFrom (c:\\Users\\Estudiante\\.vscode\\extensions\\uqbar.wollok-lsp-ide-0.5.4\\out\\server\\src\\server.js:2398:5254)\n    at H2.updateEnvironmentWith (c:\\Users\\Estudiante\\.vscode\\extensions\\uqbar.wollok-lsp-ide-0.5.4\\out\\server\\src\\server.js:2398:4989)\n    at GF (c:\\Users\\Estudiante\\.vscode\\extensions\\uqbar.wollok-lsp-ide-0.5.4\\out\\server\\src\\server.js:2398:7383)\n    at V3.invoke (c:\\Users\\Estudiante\\.vscode\\extensions\\uqbar.wollok-lsp-ide-0.5.4\\out\\server\\src\\server.js:3:157328)\n    at o.fire (c:\\Users\\Estudiante\\.vscode\\extensions\\uqbar.wollok-lsp-ide-0.5.4\\out\\server\\src\\server.js:3:158098)\n    at c:\\Users\\Estudiante\\.vscode\\extensions\\uqbar.wollok-lsp-ide-0.5.4\\out\\server\\src\\server.js:37:57871\n    at nd (c:\\Users\\Estudiante\\.vscode\\extensions\\uqbar.wollok-lsp-ide-0.5.4\\out\\server\\src\\server.js:8:1561)","timestamp":"2026-06-14T23:18:49.327Z"}
{"level":"error","message":"✘ Failed to rebuild document Failed to parse game.wlk: \n-- PARSING FAILED --------------------------------------------------\n\n  132 |         }\n  133 | \n> 134 |     if ()\n      |         ^\n  135 |         resultado = \"ganaste\"\n  136 |         mostrarResultado = true\n\nExpected:\n\nsentence\n","stack":"Error: Failed to parse game.wlk: \n-- PARSING FAILED --------------------------------------------------\n\n  132 |         }\n  133 | \n> 134 |     if ()\n      |         ^\n  135 |         resultado = \"ganaste\"\n  136 |         mostrarResultado = true\n\nExpected:\n\nsentence\n\n    at c:\\Users\\Estudiante\\.vscode\\extensions\\uqbar.wollok-lsp-ide-0.5.4\\out\\server\\src\\server.js:2353:13026\n    at Array.map (<anonymous>)\n    at U1n (c:\\Users\\Estudiante\\.vscode\\extensions\\uqbar.wollok-lsp-ide-0.5.4\\out\\server\\src\\server.js:2353:12950)\n    at H2.buildEnvironmentFrom (c:\\Users\\Estudiante\\.vscode\\extensions\\uqbar.wollok-lsp-ide-0.5.4\\out\\server\\src\\server.js:2398:5254)\n    at H2.updateEnvironmentWith (c:\\Users\\Estudiante\\.vscode\\extensions\\uqbar.wollok-lsp-ide-0.5.4\\out\\server\\src\\server.js:2398:4989)\n    at GF (c:\\Users\\Estudiante\\.vscode\\extensions\\uqbar.wollok-lsp-ide-0.5.4\\out\\server\\src\\server.js:2398:7383)\n    at V3.invoke (c:\\Users\\Estudiante\\.vscode\\extensions\\uqbar.wollok-lsp-ide-0.5.4\\out\\server\\src\\server.js:3:157328)\n    at o.fire (c:\\Users\\Estudiante\\.vscode\\extensions\\uqbar.wollok-lsp-ide-0.5.4\\out\\server\\src\\server.js:3:158098)\n    at c:\\Users\\Estudiante\\.vscode\\extensions\\uqbar.wollok-lsp-ide-0.5.4\\out\\server\\src\\server.js:37:57871\n    at nd (c:\\Users\\Estudiante\\.vscode\\extensions\\uqbar.wollok-lsp-ide-0.5.4\\out\\server\\src\\server.js:8:1561)","timestamp":"2026-06-14T23:19:29.433Z"}
{"level":"error","message":"✘ Failed to rebuild document Failed to parse game.wlk: \n-- PARSING FAILED --------------------------------------------------\n\n  133 |         }\n  134 | \n> 135 |     if ()\n      |         ^\n  136 |         resultado = \"ganaste\"\n  137 |         mostrarResultado = true\n\nExpected:\n\nsentence\n","stack":"Error: Failed to parse game.wlk: \n-- PARSING FAILED --------------------------------------------------\n\n  133 |         }\n  134 | \n> 135 |     if ()\n      |         ^\n  136 |         resultado = \"ganaste\"\n  137 |         mostrarResultado = true\n\nExpected:\n\nsentence\n\n    at c:\\Users\\Estudiante\\.vscode\\extensions\\uqbar.wollok-lsp-ide-0.5.4\\out\\server\\src\\server.js:2353:13026\n    at Array.map (<anonymous>)\n    at U1n (c:\\Users\\Estudiante\\.vscode\\extensions\\uqbar.wollok-lsp-ide-0.5.4\\out\\server\\src\\server.js:2353:12950)\n    at H2.buildEnvironmentFrom (c:\\Users\\Estudiante\\.vscode\\extensions\\uqbar.wollok-lsp-ide-0.5.4\\out\\server\\src\\server.js:2398:5254)\n    at H2.updateEnvironmentWith (c:\\Users\\Estudiante\\.vscode\\extensions\\uqbar.wollok-lsp-ide-0.5.4\\out\\server\\src\\server.js:2398:4989)\n    at GF (c:\\Users\\Estudiante\\.vscode\\extensions\\uqbar.wollok-lsp-ide-0.5.4\\out\\server\\src\\server.js:2398:7383)\n    at V3.invoke (c:\\Users\\Estudiante\\.vscode\\extensions\\uqbar.wollok-lsp-ide-0.5.4\\out\\server\\src\\server.js:3:157328)\n    at o.fire (c:\\Users\\Estudiante\\.vscode\\extensions\\uqbar.wollok-lsp-ide-0.5.4\\out\\server\\src\\server.js:3:158098)\n    at c:\\Users\\Estudiante\\.vscode\\extensions\\uqbar.wollok-lsp-ide-0.5.4\\out\\server\\src\\server.js:37:57871\n    at nd (c:\\Users\\Estudiante\\.vscode\\extensions\\uqbar.wollok-lsp-ide-0.5.4\\out\\server\\src\\server.js:8:1561)","timestamp":"2026-06-14T23:19:29.828Z"}
{"level":"error","message":"✘ Failed to rebuild document Failed to parse game.wlk: \n-- PARSING FAILED --------------------------------------------------\n\n  133 |         }\n  134 | \n> 135 |     if ()\n      |         ^\n  136 |         resultado = \"ganaste\"\n  137 |         mostrarResultado = true\n\nExpected:\n\nsentence\n","stack":"Error: Failed to parse game.wlk: \n-- PARSING FAILED --------------------------------------------------\n\n  133 |         }\n  134 | \n> 135 |     if ()\n      |         ^\n  136 |         resultado = \"ganaste\"\n  137 |         mostrarResultado = true\n\nExpected:\n\nsentence\n\n    at c:\\Users\\Estudiante\\.vscode\\extensions\\uqbar.wollok-lsp-ide-0.5.4\\out\\server\\src\\server.js:2353:13026\n    at Array.map (<anonymous>)\n    at U1n (c:\\Users\\Estudiante\\.vscode\\extensions\\uqbar.wollok-lsp-ide-0.5.4\\out\\server\\src\\server.js:2353:12950)\n    at H2.buildEnvironmentFrom (c:\\Users\\Estudiante\\.vscode\\extensions\\uqbar.wollok-lsp-ide-0.5.4\\out\\server\\src\\server.js:2398:5254)\n    at H2.updateEnvironmentWith (c:\\Users\\Estudiante\\.vscode\\extensions\\uqbar.wollok-lsp-ide-0.5.4\\out\\server\\src\\server.js:2398:4989)\n    at GF (c:\\Users\\Estudiante\\.vscode\\extensions\\uqbar.wollok-lsp-ide-0.5.4\\out\\server\\src\\server.js:2398:7383)\n    at V3.invoke (c:\\Users\\Estudiante\\.vscode\\extensions\\uqbar.wollok-lsp-ide-0.5.4\\out\\server\\src\\server.js:3:157328)\n    at o.fire (c:\\Users\\Estudiante\\.vscode\\extensions\\uqbar.wollok-lsp-ide-0.5.4\\out\\server\\src\\server.js:3:158098)\n    at c:\\Users\\Estudiante\\.vscode\\extensions\\uqbar.wollok-lsp-ide-0.5.4\\out\\server\\src\\server.js:37:57871\n    at nd (c:\\Users\\Estudiante\\.vscode\\extensions\\uqbar.wollok-lsp-ide-0.5.4\\out\\server\\src\\server.js:8:1561)","timestamp":"2026-06-14T23:19:30.496Z"}
{"level":"error","message":"✘ Failed to rebuild document Failed to parse game.wlk: \n-- PARSING FAILED --------------------------------------------------\n\n  133 |         }\n  134 | \n> 135 |     if ()\n      |         ^\n  136 |         resultado = \"ganaste\"\n  137 |         mostrarResultado = true\n\nExpected:\n\nsentence\n","stack":"Error: Failed to parse game.wlk: \n-- PARSING FAILED --------------------------------------------------\n\n  133 |         }\n  134 | \n> 135 |     if ()\n      |         ^\n  136 |         resultado = \"ganaste\"\n  137 |         mostrarResultado = true\n\nExpected:\n\nsentence\n\n    at c:\\Users\\Estudiante\\.vscode\\extensions\\uqbar.wollok-lsp-ide-0.5.4\\out\\server\\src\\server.js:2353:13026\n    at Array.map (<anonymous>)\n    at U1n (c:\\Users\\Estudiante\\.vscode\\extensions\\uqbar.wollok-lsp-ide-0.5.4\\out\\server\\src\\server.js:2353:12950)\n    at H2.buildEnvironmentFrom (c:\\Users\\Estudiante\\.vscode\\extensions\\uqbar.wollok-lsp-ide-0.5.4\\out\\server\\src\\server.js:2398:5254)\n    at H2.updateEnvironmentWith (c:\\Users\\Estudiante\\.vscode\\extensions\\uqbar.wollok-lsp-ide-0.5.4\\out\\server\\src\\server.js:2398:4989)\n    at GF (c:\\Users\\Estudiante\\.vscode\\extensions\\uqbar.wollok-lsp-ide-0.5.4\\out\\server\\src\\server.js:2398:7383)\n    at V3.invoke (c:\\Users\\Estudiante\\.vscode\\extensions\\uqbar.wollok-lsp-ide-0.5.4\\out\\server\\src\\server.js:3:157328)\n    at o.fire (c:\\Users\\Estudiante\\.vscode\\extensions\\uqbar.wollok-lsp-ide-0.5.4\\out\\server\\src\\server.js:3:158098)\n    at c:\\Users\\Estudiante\\.vscode\\extensions\\uqbar.wollok-lsp-ide-0.5.4\\out\\server\\src\\server.js:37:57871\n    at nd (c:\\Users\\Estudiante\\.vscode\\extensions\\uqbar.wollok-lsp-ide-0.5.4\\out\\server\\src\\server.js:8:1561)","timestamp":"2026-06-14T23:19:30.928Z"}
{"level":"error","message":"✘ Failed to rebuild document Failed to parse game.wlk: \n-- PARSING FAILED --------------------------------------------------\n\n  133 |         }\n  134 | \n> 135 |     if ()\n      |         ^\n  136 |         resultado = \"ganaste\"\n  137 |         mostrarResultado = true\n\nExpected:\n\nsentence\n","stack":"Error: Failed to parse game.wlk: \n-- PARSING FAILED --------------------------------------------------\n\n  133 |         }\n  134 | \n> 135 |     if ()\n      |         ^\n  136 |         resultado = \"ganaste\"\n  137 |         mostrarResultado = true\n\nExpected:\n\nsentence\n\n    at c:\\Users\\Estudiante\\.vscode\\extensions\\uqbar.wollok-lsp-ide-0.5.4\\out\\server\\src\\server.js:2353:13026\n    at Array.map (<anonymous>)\n    at U1n (c:\\Users\\Estudiante\\.vscode\\extensions\\uqbar.wollok-lsp-ide-0.5.4\\out\\server\\src\\server.js:2353:12950)\n    at H2.buildEnvironmentFrom (c:\\Users\\Estudiante\\.vscode\\extensions\\uqbar.wollok-lsp-ide-0.5.4\\out\\server\\src\\server.js:2398:5254)\n    at H2.updateEnvironmentWith (c:\\Users\\Estudiante\\.vscode\\extensions\\uqbar.wollok-lsp-ide-0.5.4\\out\\server\\src\\server.js:2398:4989)\n    at GF (c:\\Users\\Estudiante\\.vscode\\extensions\\uqbar.wollok-lsp-ide-0.5.4\\out\\server\\src\\server.js:2398:7383)\n    at V3.invoke (c:\\Users\\Estudiante\\.vscode\\extensions\\uqbar.wollok-lsp-ide-0.5.4\\out\\server\\src\\server.js:3:157328)\n    at o.fire (c:\\Users\\Estudiante\\.vscode\\extensions\\uqbar.wollok-lsp-ide-0.5.4\\out\\server\\src\\server.js:3:158098)\n    at c:\\Users\\Estudiante\\.vscode\\extensions\\uqbar.wollok-lsp-ide-0.5.4\\out\\server\\src\\server.js:37:57871\n    at nd (c:\\Users\\Estudiante\\.vscode\\extensions\\uqbar.wollok-lsp-ide-0.5.4\\out\\server\\src\\server.js:8:1561)","timestamp":"2026-06-14T23:19:31.118Z"}
{"level":"error","message":"✘ Failed to rebuild document Failed to parse game.wlk: \n-- PARSING FAILED --------------------------------------------------\n\n  133 |         }\n  134 | \n> 135 |     if ()\n      |         ^\n  136 |         resultado = \"ganaste\"\n  137 |         mostrarResultado = true\n\nExpected:\n\nsentence\n","stack":"Error: Failed to parse game.wlk: \n-- PARSING FAILED --------------------------------------------------\n\n  133 |         }\n  134 | \n> 135 |     if ()\n      |         ^\n  136 |         resultado = \"ganaste\"\n  137 |         mostrarResultado = true\n\nExpected:\n\nsentence\n\n    at c:\\Users\\Estudiante\\.vscode\\extensions\\uqbar.wollok-lsp-ide-0.5.4\\out\\server\\src\\server.js:2353:13026\n    at Array.map (<anonymous>)\n    at U1n (c:\\Users\\Estudiante\\.vscode\\extensions\\uqbar.wollok-lsp-ide-0.5.4\\out\\server\\src\\server.js:2353:12950)\n    at H2.buildEnvironmentFrom (c:\\Users\\Estudiante\\.vscode\\extensions\\uqbar.wollok-lsp-ide-0.5.4\\out\\server\\src\\server.js:2398:5254)\n    at H2.updateEnvironmentWith (c:\\Users\\Estudiante\\.vscode\\extensions\\uqbar.wollok-lsp-ide-0.5.4\\out\\server\\src\\server.js:2398:4989)\n    at GF (c:\\Users\\Estudiante\\.vscode\\extensions\\uqbar.wollok-lsp-ide-0.5.4\\out\\server\\src\\server.js:2398:7383)\n    at V3.invoke (c:\\Users\\Estudiante\\.vscode\\extensions\\uqbar.wollok-lsp-ide-0.5.4\\out\\server\\src\\server.js:3:157328)\n    at o.fire (c:\\Users\\Estudiante\\.vscode\\extensions\\uqbar.wollok-lsp-ide-0.5.4\\out\\server\\src\\server.js:3:158098)\n    at c:\\Users\\Estudiante\\.vscode\\extensions\\uqbar.wollok-lsp-ide-0.5.4\\out\\server\\src\\server.js:37:57871\n    at nd (c:\\Users\\Estudiante\\.vscode\\extensions\\uqbar.wollok-lsp-ide-0.5.4\\out\\server\\src\\server.js:8:1561)","timestamp":"2026-06-14T23:19:31.325Z"}
{"level":"error","message":"✘ Failed to rebuild document Failed to parse game.wlk: \n-- PARSING FAILED --------------------------------------------------\n\n  133 |         }\n  134 | \n> 135 |     if ()\n      |         ^\n  136 |         resultado = \"ganaste\"\n  137 |         mostrarResultado = true\n\nExpected:\n\nsentence\n","stack":"Error: Failed to parse game.wlk: \n-- PARSING FAILED --------------------------------------------------\n\n  133 |         }\n  134 | \n> 135 |     if ()\n      |         ^\n  136 |         resultado = \"ganaste\"\n  137 |         mostrarResultado = true\n\nExpected:\n\nsentence\n\n    at c:\\Users\\Estudiante\\.vscode\\extensions\\uqbar.wollok-lsp-ide-0.5.4\\out\\server\\src\\server.js:2353:13026\n    at Array.map (<anonymous>)\n    at U1n (c:\\Users\\Estudiante\\.vscode\\extensions\\uqbar.wollok-lsp-ide-0.5.4\\out\\server\\src\\server.js:2353:12950)\n    at H2.buildEnvironmentFrom (c:\\Users\\Estudiante\\.vscode\\extensions\\uqbar.wollok-lsp-ide-0.5.4\\out\\server\\src\\server.js:2398:5254)\n    at H2.updateEnvironmentWith (c:\\Users\\Estudiante\\.vscode\\extensions\\uqbar.wollok-lsp-ide-0.5.4\\out\\server\\src\\server.js:2398:4989)\n    at GF (c:\\Users\\Estudiante\\.vscode\\extensions\\uqbar.wollok-lsp-ide-0.5.4\\out\\server\\src\\server.js:2398:7383)\n    at V3.invoke (c:\\Users\\Estudiante\\.vscode\\extensions\\uqbar.wollok-lsp-ide-0.5.4\\out\\server\\src\\server.js:3:157328)\n    at o.fire (c:\\Users\\Estudiante\\.vscode\\extensions\\uqbar.wollok-lsp-ide-0.5.4\\out\\server\\src\\server.js:3:158098)\n    at c:\\Users\\Estudiante\\.vscode\\extensions\\uqbar.wollok-lsp-ide-0.5.4\\out\\server\\src\\server.js:37:57871\n    at nd (c:\\Users\\Estudiante\\.vscode\\extensions\\uqbar.wollok-lsp-ide-0.5.4\\out\\server\\src\\server.js:8:1561)","timestamp":"2026-06-14T23:19:32.040Z"}
{"level":"error","message":"✘ Failed to rebuild document Failed to parse game.wlk: \n-- PARSING FAILED --------------------------------------------------\n\n  133 |         }\n  134 | \n> 135 |     if ()\n      |         ^\n  136 |         resultado = \"ganaste\"\n  137 |         mostrarResultado = true\n\nExpected:\n\nsentence\n","stack":"Error: Failed to parse game.wlk: \n-- PARSING FAILED --------------------------------------------------\n\n  133 |         }\n  134 | \n> 135 |     if ()\n      |         ^\n  136 |         resultado = \"ganaste\"\n  137 |         mostrarResultado = true\n\nExpected:\n\nsentence\n\n    at c:\\Users\\Estudiante\\.vscode\\extensions\\uqbar.wollok-lsp-ide-0.5.4\\out\\server\\src\\server.js:2353:13026\n    at Array.map (<anonymous>)\n    at U1n (c:\\Users\\Estudiante\\.vscode\\extensions\\uqbar.wollok-lsp-ide-0.5.4\\out\\server\\src\\server.js:2353:12950)\n    at H2.buildEnvironmentFrom (c:\\Users\\Estudiante\\.vscode\\extensions\\uqbar.wollok-lsp-ide-0.5.4\\out\\server\\src\\server.js:2398:5254)\n    at H2.updateEnvironmentWith (c:\\Users\\Estudiante\\.vscode\\extensions\\uqbar.wollok-lsp-ide-0.5.4\\out\\server\\src\\server.js:2398:4989)\n    at GF (c:\\Users\\Estudiante\\.vscode\\extensions\\uqbar.wollok-lsp-ide-0.5.4\\out\\server\\src\\server.js:2398:7383)\n    at V3.invoke (c:\\Users\\Estudiante\\.vscode\\extensions\\uqbar.wollok-lsp-ide-0.5.4\\out\\server\\src\\server.js:3:157328)\n    at o.fire (c:\\Users\\Estudiante\\.vscode\\extensions\\uqbar.wollok-lsp-ide-0.5.4\\out\\server\\src\\server.js:3:158098)\n    at c:\\Users\\Estudiante\\.vscode\\extensions\\uqbar.wollok-lsp-ide-0.5.4\\out\\server\\src\\server.js:37:57871\n    at nd (c:\\Users\\Estudiante\\.vscode\\extensions\\uqbar.wollok-lsp-ide-0.5.4\\out\\server\\src\\server.js:8:1561)","timestamp":"2026-06-14T23:19:32.288Z"}
{"level":"error","message":"✘ Failed to rebuild document Failed to parse game.wlk: \n-- PARSING FAILED --------------------------------------------------\n\n  133 |         }\n  134 | \n> 135 |     if ()\n      |         ^\n  136 |         resultado = \"ganaste\"\n  137 |         mostrarResultado = true\n\nExpected:\n\nsentence\n","stack":"Error: Failed to parse game.wlk: \n-- PARSING FAILED --------------------------------------------------\n\n  133 |         }\n  134 | \n> 135 |     if ()\n      |         ^\n  136 |         resultado = \"ganaste\"\n  137 |         mostrarResultado = true\n\nExpected:\n\nsentence\n\n    at c:\\Users\\Estudiante\\.vscode\\extensions\\uqbar.wollok-lsp-ide-0.5.4\\out\\server\\src\\server.js:2353:13026\n    at Array.map (<anonymous>)\n    at U1n (c:\\Users\\Estudiante\\.vscode\\extensions\\uqbar.wollok-lsp-ide-0.5.4\\out\\server\\src\\server.js:2353:12950)\n    at H2.buildEnvironmentFrom (c:\\Users\\Estudiante\\.vscode\\extensions\\uqbar.wollok-lsp-ide-0.5.4\\out\\server\\src\\server.js:2398:5254)\n    at H2.updateEnvironmentWith (c:\\Users\\Estudiante\\.vscode\\extensions\\uqbar.wollok-lsp-ide-0.5.4\\out\\server\\src\\server.js:2398:4989)\n    at GF (c:\\Users\\Estudiante\\.vscode\\extensions\\uqbar.wollok-lsp-ide-0.5.4\\out\\server\\src\\server.js:2398:7383)\n    at V3.invoke (c:\\Users\\Estudiante\\.vscode\\extensions\\uqbar.wollok-lsp-ide-0.5.4\\out\\server\\src\\server.js:3:157328)\n    at o.fire (c:\\Users\\Estudiante\\.vscode\\extensions\\uqbar.wollok-lsp-ide-0.5.4\\out\\server\\src\\server.js:3:158098)\n    at c:\\Users\\Estudiante\\.vscode\\extensions\\uqbar.wollok-lsp-ide-0.5.4\\out\\server\\src\\server.js:37:57871\n    at nd (c:\\Users\\Estudiante\\.vscode\\extensions\\uqbar.wollok-lsp-ide-0.5.4\\out\\server\\src\\server.js:8:1561)","timestamp":"2026-06-14T23:19:32.628Z"}
{"level":"error","message":"✘ Failed to rebuild document Failed to parse game.wlk: \n-- PARSING FAILED --------------------------------------------------\n\n  133 |         }\n  134 | \n> 135 |     if ()\n      |         ^\n  136 |         resultado = \"ganaste\"\n  137 |         mostrarResultado = true\n\nExpected:\n\nsentence\n","stack":"Error: Failed to parse game.wlk: \n-- PARSING FAILED --------------------------------------------------\n\n  133 |         }\n  134 | \n> 135 |     if ()\n      |         ^\n  136 |         resultado = \"ganaste\"\n  137 |         mostrarResultado = true\n\nExpected:\n\nsentence\n\n    at c:\\Users\\Estudiante\\.vscode\\extensions\\uqbar.wollok-lsp-ide-0.5.4\\out\\server\\src\\server.js:2353:13026\n    at Array.map (<anonymous>)\n    at U1n (c:\\Users\\Estudiante\\.vscode\\extensions\\uqbar.wollok-lsp-ide-0.5.4\\out\\server\\src\\server.js:2353:12950)\n    at H2.buildEnvironmentFrom (c:\\Users\\Estudiante\\.vscode\\extensions\\uqbar.wollok-lsp-ide-0.5.4\\out\\server\\src\\server.js:2398:5254)\n    at H2.updateEnvironmentWith (c:\\Users\\Estudiante\\.vscode\\extensions\\uqbar.wollok-lsp-ide-0.5.4\\out\\server\\src\\server.js:2398:4989)\n    at GF (c:\\Users\\Estudiante\\.vscode\\extensions\\uqbar.wollok-lsp-ide-0.5.4\\out\\server\\src\\server.js:2398:7383)\n    at V3.invoke (c:\\Users\\Estudiante\\.vscode\\extensions\\uqbar.wollok-lsp-ide-0.5.4\\out\\server\\src\\server.js:3:157328)\n    at o.fire (c:\\Users\\Estudiante\\.vscode\\extensions\\uqbar.wollok-lsp-ide-0.5.4\\out\\server\\src\\server.js:3:158098)\n    at c:\\Users\\Estudiante\\.vscode\\extensions\\uqbar.wollok-lsp-ide-0.5.4\\out\\server\\src\\server.js:37:57871\n    at nd (c:\\Users\\Estudiante\\.vscode\\extensions\\uqbar.wollok-lsp-ide-0.5.4\\out\\server\\src\\server.js:8:1561)","timestamp":"2026-06-14T23:19:33.020Z"}
{"level":"error","message":"✘ Failed to rebuild document Failed to parse game.wlk: \n-- PARSING FAILED --------------------------------------------------\n\n  133 |         }\n  134 | \n> 135 |     if ()\n      |         ^\n  136 |         resultado = \"ganaste\"\n  137 |         mostrarResultado = true\n\nExpected:\n\nsentence\n","stack":"Error: Failed to parse game.wlk: \n-- PARSING FAILED --------------------------------------------------\n\n  133 |         }\n  134 | \n> 135 |     if ()\n      |         ^\n  136 |         resultado = \"ganaste\"\n  137 |         mostrarResultado = true\n\nExpected:\n\nsentence\n\n    at c:\\Users\\Estudiante\\.vscode\\extensions\\uqbar.wollok-lsp-ide-0.5.4\\out\\server\\src\\server.js:2353:13026\n    at Array.map (<anonymous>)\n    at U1n (c:\\Users\\Estudiante\\.vscode\\extensions\\uqbar.wollok-lsp-ide-0.5.4\\out\\server\\src\\server.js:2353:12950)\n    at H2.buildEnvironmentFrom (c:\\Users\\Estudiante\\.vscode\\extensions\\uqbar.wollok-lsp-ide-0.5.4\\out\\server\\src\\server.js:2398:5254)\n    at H2.updateEnvironmentWith (c:\\Users\\Estudiante\\.vscode\\extensions\\uqbar.wollok-lsp-ide-0.5.4\\out\\server\\src\\server.js:2398:4989)\n    at GF (c:\\Users\\Estudiante\\.vscode\\extensions\\uqbar.wollok-lsp-ide-0.5.4\\out\\server\\src\\server.js:2398:7383)\n    at V3.invoke (c:\\Users\\Estudiante\\.vscode\\extensions\\uqbar.wollok-lsp-ide-0.5.4\\out\\server\\src\\server.js:3:157328)\n    at o.fire (c:\\Users\\Estudiante\\.vscode\\extensions\\uqbar.wollok-lsp-ide-0.5.4\\out\\server\\src\\server.js:3:158098)\n    at c:\\Users\\Estudiante\\.vscode\\extensions\\uqbar.wollok-lsp-ide-0.5.4\\out\\server\\src\\server.js:37:57871\n    at nd (c:\\Users\\Estudiante\\.vscode\\extensions\\uqbar.wollok-lsp-ide-0.5.4\\out\\server\\src\\server.js:8:1561)","timestamp":"2026-06-14T23:19:33.343Z"}
{"level":"error","message":"✘ Failed to rebuild document Failed to parse game.wlk: \n-- PARSING FAILED --------------------------------------------------\n\n  133 |         }\n  134 | \n> 135 |     if ()\n      |         ^\n  136 |         resultado = \"ganaste\"\n  137 |         mostrarResultado = true\n\nExpected:\n\nsentence\n","stack":"Error: Failed to parse game.wlk: \n-- PARSING FAILED --------------------------------------------------\n\n  133 |         }\n  134 | \n> 135 |     if ()\n      |         ^\n  136 |         resultado = \"ganaste\"\n  137 |         mostrarResultado = true\n\nExpected:\n\nsentence\n\n    at c:\\Users\\Estudiante\\.vscode\\extensions\\uqbar.wollok-lsp-ide-0.5.4\\out\\server\\src\\server.js:2353:13026\n    at Array.map (<anonymous>)\n    at U1n (c:\\Users\\Estudiante\\.vscode\\extensions\\uqbar.wollok-lsp-ide-0.5.4\\out\\server\\src\\server.js:2353:12950)\n    at H2.buildEnvironmentFrom (c:\\Users\\Estudiante\\.vscode\\extensions\\uqbar.wollok-lsp-ide-0.5.4\\out\\server\\src\\server.js:2398:5254)\n    at H2.updateEnvironmentWith (c:\\Users\\Estudiante\\.vscode\\extensions\\uqbar.wollok-lsp-ide-0.5.4\\out\\server\\src\\server.js:2398:4989)\n    at GF (c:\\Users\\Estudiante\\.vscode\\extensions\\uqbar.wollok-lsp-ide-0.5.4\\out\\server\\src\\server.js:2398:7383)\n    at V3.invoke (c:\\Users\\Estudiante\\.vscode\\extensions\\uqbar.wollok-lsp-ide-0.5.4\\out\\server\\src\\server.js:3:157328)\n    at o.fire (c:\\Users\\Estudiante\\.vscode\\extensions\\uqbar.wollok-lsp-ide-0.5.4\\out\\server\\src\\server.js:3:158098)\n    at c:\\Users\\Estudiante\\.vscode\\extensions\\uqbar.wollok-lsp-ide-0.5.4\\out\\server\\src\\server.js:37:57871\n    at nd (c:\\Users\\Estudiante\\.vscode\\extensions\\uqbar.wollok-lsp-ide-0.5.4\\out\\server\\src\\server.js:8:1561)","timestamp":"2026-06-14T23:19:33.527Z"}
{"level":"error","message":"✘ Failed to rebuild document Failed to parse game.wlk: \n-- PARSING FAILED --------------------------------------------------\n\n  133 |         }\n  134 | \n> 135 |     if ()\n      |         ^\n  136 |         resultado = \"ganaste\"\n  137 |         mostrarResultado = true\n\nExpected:\n\nsentence\n","stack":"Error: Failed to parse game.wlk: \n-- PARSING FAILED --------------------------------------------------\n\n  133 |         }\n  134 | \n> 135 |     if ()\n      |         ^\n  136 |         resultado = \"ganaste\"\n  137 |         mostrarResultado = true\n\nExpected:\n\nsentence\n\n    at c:\\Users\\Estudiante\\.vscode\\extensions\\uqbar.wollok-lsp-ide-0.5.4\\out\\server\\src\\server.js:2353:13026\n    at Array.map (<anonymous>)\n    at U1n (c:\\Users\\Estudiante\\.vscode\\extensions\\uqbar.wollok-lsp-ide-0.5.4\\out\\server\\src\\server.js:2353:12950)\n    at H2.buildEnvironmentFrom (c:\\Users\\Estudiante\\.vscode\\extensions\\uqbar.wollok-lsp-ide-0.5.4\\out\\server\\src\\server.js:2398:5254)\n    at H2.updateEnvironmentWith (c:\\Users\\Estudiante\\.vscode\\extensions\\uqbar.wollok-lsp-ide-0.5.4\\out\\server\\src\\server.js:2398:4989)\n    at GF (c:\\Users\\Estudiante\\.vscode\\extensions\\uqbar.wollok-lsp-ide-0.5.4\\out\\server\\src\\server.js:2398:7383)\n    at V3.invoke (c:\\Users\\Estudiante\\.vscode\\extensions\\uqbar.wollok-lsp-ide-0.5.4\\out\\server\\src\\server.js:3:157328)\n    at o.fire (c:\\Users\\Estudiante\\.vscode\\extensions\\uqbar.wollok-lsp-ide-0.5.4\\out\\server\\src\\server.js:3:158098)\n    at c:\\Users\\Estudiante\\.vscode\\extensions\\uqbar.wollok-lsp-ide-0.5.4\\out\\server\\src\\server.js:37:57871\n    at nd (c:\\Users\\Estudiante\\.vscode\\extensions\\uqbar.wollok-lsp-ide-0.5.4\\out\\server\\src\\server.js:8:1561)","timestamp":"2026-06-14T23:19:34.214Z"}
{"level":"error","message":"✘ Failed to rebuild document Failed to parse game.wlk: \n-- PARSING FAILED --------------------------------------------------\n\n  131 | \n  132 |         return \"Empate\"\n> 133 |         }\n      |         ^\n  134 | \n  135 |     if ()\n\nExpected one of the following: \n\n'@', 'class', 'const', 'describe', 'mixin', 'object', 'only', 'package', 'program', 'test', 'var', '{', EOF, comment, not \"}\r\n\r\n    \", whitespace\n","stack":"Error: Failed to parse game.wlk: \n-- PARSING FAILED --------------------------------------------------\n\n  131 | \n  132 |         return \"Empate\"\n> 133 |         }\n      |         ^\n  134 | \n  135 |     if ()\n\nExpected one of the following: \n\n'@', 'class', 'const', 'describe', 'mixin', 'object', 'only', 'package', 'program', 'test', 'var', '{', EOF, comment, not \"}\r\n\r\n    \", whitespace\n\n    at c:\\Users\\Estudiante\\.vscode\\extensions\\uqbar.wollok-lsp-ide-0.5.4\\out\\server\\src\\server.js:2353:13026\n    at Array.map (<anonymous>)\n    at U1n (c:\\Users\\Estudiante\\.vscode\\extensions\\uqbar.wollok-lsp-ide-0.5.4\\out\\server\\src\\server.js:2353:12950)\n    at H2.buildEnvironmentFrom (c:\\Users\\Estudiante\\.vscode\\extensions\\uqbar.wollok-lsp-ide-0.5.4\\out\\server\\src\\server.js:2398:5254)\n    at H2.updateEnvironmentWith (c:\\Users\\Estudiante\\.vscode\\extensions\\uqbar.wollok-lsp-ide-0.5.4\\out\\server\\src\\server.js:2398:4989)\n    at GF (c:\\Users\\Estudiante\\.vscode\\extensions\\uqbar.wollok-lsp-ide-0.5.4\\out\\server\\src\\server.js:2398:7383)\n    at V3.invoke (c:\\Users\\Estudiante\\.vscode\\extensions\\uqbar.wollok-lsp-ide-0.5.4\\out\\server\\src\\server.js:3:157328)\n    at o.fire (c:\\Users\\Estudiante\\.vscode\\extensions\\uqbar.wollok-lsp-ide-0.5.4\\out\\server\\src\\server.js:3:158098)\n    at c:\\Users\\Estudiante\\.vscode\\extensions\\uqbar.wollok-lsp-ide-0.5.4\\out\\server\\src\\server.js:37:57871\n    at nd (c:\\Users\\Estudiante\\.vscode\\extensions\\uqbar.wollok-lsp-ide-0.5.4\\out\\server\\src\\server.js:8:1561)","timestamp":"2026-06-14T23:19:34.354Z"}
{"level":"error","message":"✘ Failed to rebuild document Failed to parse game.wlk: \n-- PARSING FAILED --------------------------------------------------\n\n  131 | \n  132 |         return \"Empate\"\n> 133 |         }\n      |         ^\n  134 | \n  135 |     if ()\n\nExpected one of the following: \n\n'@', 'class', 'const', 'describe', 'mixin', 'object', 'only', 'package', 'program', 'test', 'var', '{', EOF, comment, not \"}\r\n\r\n    \", whitespace\n","stack":"Error: Failed to parse game.wlk: \n-- PARSING FAILED --------------------------------------------------\n\n  131 | \n  132 |         return \"Empate\"\n> 133 |         }\n      |         ^\n  134 | \n  135 |     if ()\n\nExpected one of the following: \n\n'@', 'class', 'const', 'describe', 'mixin', 'object', 'only', 'package', 'program', 'test', 'var', '{', EOF, comment, not \"}\r\n\r\n    \", whitespace\n\n    at c:\\Users\\Estudiante\\.vscode\\extensions\\uqbar.wollok-lsp-ide-0.5.4\\out\\server\\src\\server.js:2353:13026\n    at Array.map (<anonymous>)\n    at U1n (c:\\Users\\Estudiante\\.vscode\\extensions\\uqbar.wollok-lsp-ide-0.5.4\\out\\server\\src\\server.js:2353:12950)\n    at H2.buildEnvironmentFrom (c:\\Users\\Estudiante\\.vscode\\extensions\\uqbar.wollok-lsp-ide-0.5.4\\out\\server\\src\\server.js:2398:5254)\n    at H2.updateEnvironmentWith (c:\\Users\\Estudiante\\.vscode\\extensions\\uqbar.wollok-lsp-ide-0.5.4\\out\\server\\src\\server.js:2398:4989)\n    at GF (c:\\Users\\Estudiante\\.vscode\\extensions\\uqbar.wollok-lsp-ide-0.5.4\\out\\server\\src\\server.js:2398:7383)\n    at V3.invoke (c:\\Users\\Estudiante\\.vscode\\extensions\\uqbar.wollok-lsp-ide-0.5.4\\out\\server\\src\\server.js:3:157328)\n    at o.fire (c:\\Users\\Estudiante\\.vscode\\extensions\\uqbar.wollok-lsp-ide-0.5.4\\out\\server\\src\\server.js:3:158098)\n    at c:\\Users\\Estudiante\\.vscode\\extensions\\uqbar.wollok-lsp-ide-0.5.4\\out\\server\\src\\server.js:37:57871\n    at nd (c:\\Users\\Estudiante\\.vscode\\extensions\\uqbar.wollok-lsp-ide-0.5.4\\out\\server\\src\\server.js:8:1561)","timestamp":"2026-06-14T23:19:35.818Z"}
{"level":"error","message":"✘ Failed to rebuild document Failed to parse game.wlk: \n-- PARSING FAILED --------------------------------------------------\n\n  133 |         }\n  134 | \n> 135 |     if ()\n      |         ^\n  136 |         resultado = \"ganaste\"\n  137 |         mostrarResultado = true\n\nExpected:\n\nsentence\n","stack":"Error: Failed to parse game.wlk: \n-- PARSING FAILED --------------------------------------------------\n\n  133 |         }\n  134 | \n> 135 |     if ()\n      |         ^\n  136 |         resultado = \"ganaste\"\n  137 |         mostrarResultado = true\n\nExpected:\n\nsentence\n\n    at c:\\Users\\Estudiante\\.vscode\\extensions\\uqbar.wollok-lsp-ide-0.5.4\\out\\server\\src\\server.js:2353:13026\n    at Array.map (<anonymous>)\n    at U1n (c:\\Users\\Estudiante\\.vscode\\extensions\\uqbar.wollok-lsp-ide-0.5.4\\out\\server\\src\\server.js:2353:12950)\n    at H2.buildEnvironmentFrom (c:\\Users\\Estudiante\\.vscode\\extensions\\uqbar.wollok-lsp-ide-0.5.4\\out\\server\\src\\server.js:2398:5254)\n    at H2.updateEnvironmentWith (c:\\Users\\Estudiante\\.vscode\\extensions\\uqbar.wollok-lsp-ide-0.5.4\\out\\server\\src\\server.js:2398:4989)\n    at GF (c:\\Users\\Estudiante\\.vscode\\extensions\\uqbar.wollok-lsp-ide-0.5.4\\out\\server\\src\\server.js:2398:7383)\n    at V3.invoke (c:\\Users\\Estudiante\\.vscode\\extensions\\uqbar.wollok-lsp-ide-0.5.4\\out\\server\\src\\server.js:3:157328)\n    at o.fire (c:\\Users\\Estudiante\\.vscode\\extensions\\uqbar.wollok-lsp-ide-0.5.4\\out\\server\\src\\server.js:3:158098)\n    at c:\\Users\\Estudiante\\.vscode\\extensions\\uqbar.wollok-lsp-ide-0.5.4\\out\\server\\src\\server.js:37:57871\n    at nd (c:\\Users\\Estudiante\\.vscode\\extensions\\uqbar.wollok-lsp-ide-0.5.4\\out\\server\\src\\server.js:8:1561)","timestamp":"2026-06-14T23:19:38.061Z"}
{"level":"error","message":"✘ Failed to rebuild document Failed to parse game.wlk: \n-- PARSING FAILED --------------------------------------------------\n\n  133 |         }\n  134 | \n> 135 |     if ()\n      |         ^\n  136 |         resultado = \"ganaste\"\n  137 |         mostrarResultado = true\n\nExpected:\n\nsentence\n","stack":"Error: Failed to parse game.wlk: \n-- PARSING FAILED --------------------------------------------------\n\n  133 |         }\n  134 | \n> 135 |     if ()\n      |         ^\n  136 |         resultado = \"ganaste\"\n  137 |         mostrarResultado = true\n\nExpected:\n\nsentence\n\n    at c:\\Users\\Estudiante\\.vscode\\extensions\\uqbar.wollok-lsp-ide-0.5.4\\out\\server\\src\\server.js:2353:13026\n    at Array.map (<anonymous>)\n    at U1n (c:\\Users\\Estudiante\\.vscode\\extensions\\uqbar.wollok-lsp-ide-0.5.4\\out\\server\\src\\server.js:2353:12950)\n    at H2.buildEnvironmentFrom (c:\\Users\\Estudiante\\.vscode\\extensions\\uqbar.wollok-lsp-ide-0.5.4\\out\\server\\src\\server.js:2398:5254)\n    at H2.updateEnvironmentWith (c:\\Users\\Estudiante\\.vscode\\extensions\\uqbar.wollok-lsp-ide-0.5.4\\out\\server\\src\\server.js:2398:4989)\n    at GF (c:\\Users\\Estudiante\\.vscode\\extensions\\uqbar.wollok-lsp-ide-0.5.4\\out\\server\\src\\server.js:2398:7383)\n    at V3.invoke (c:\\Users\\Estudiante\\.vscode\\extensions\\uqbar.wollok-lsp-ide-0.5.4\\out\\server\\src\\server.js:3:157328)\n    at o.fire (c:\\Users\\Estudiante\\.vscode\\extensions\\uqbar.wollok-lsp-ide-0.5.4\\out\\server\\src\\server.js:3:158098)\n    at c:\\Users\\Estudiante\\.vscode\\extensions\\uqbar.wollok-lsp-ide-0.5.4\\out\\server\\src\\server.js:37:57871\n    at nd (c:\\Users\\Estudiante\\.vscode\\extensions\\uqbar.wollok-lsp-ide-0.5.4\\out\\server\\src\\server.js:8:1561)","timestamp":"2026-06-14T23:19:38.228Z"}
{"level":"error","message":"✘ Failed to rebuild document Failed to parse game.wlk: \n-- PARSING FAILED --------------------------------------------------\n\n  133 |         }\n  134 | \n> 135 |     if ()\n      |         ^\n  136 |         resultado = \"ganaste\"\n  137 |         mostrarResultado = true\n\nExpected:\n\nsentence\n","stack":"Error: Failed to parse game.wlk: \n-- PARSING FAILED --------------------------------------------------\n\n  133 |         }\n  134 | \n> 135 |     if ()\n      |         ^\n  136 |         resultado = \"ganaste\"\n  137 |         mostrarResultado = true\n\nExpected:\n\nsentence\n\n    at c:\\Users\\Estudiante\\.vscode\\extensions\\uqbar.wollok-lsp-ide-0.5.4\\out\\server\\src\\server.js:2353:13026\n    at Array.map (<anonymous>)\n    at U1n (c:\\Users\\Estudiante\\.vscode\\extensions\\uqbar.wollok-lsp-ide-0.5.4\\out\\server\\src\\server.js:2353:12950)\n    at H2.buildEnvironmentFrom (c:\\Users\\Estudiante\\.vscode\\extensions\\uqbar.wollok-lsp-ide-0.5.4\\out\\server\\src\\server.js:2398:5254)\n    at H2.updateEnvironmentWith (c:\\Users\\Estudiante\\.vscode\\extensions\\uqbar.wollok-lsp-ide-0.5.4\\out\\server\\src\\server.js:2398:4989)\n    at GF (c:\\Users\\Estudiante\\.vscode\\extensions\\uqbar.wollok-lsp-ide-0.5.4\\out\\server\\src\\server.js:2398:7383)\n    at V3.invoke (c:\\Users\\Estudiante\\.vscode\\extensions\\uqbar.wollok-lsp-ide-0.5.4\\out\\server\\src\\server.js:3:157328)\n    at o.fire (c:\\Users\\Estudiante\\.vscode\\extensions\\uqbar.wollok-lsp-ide-0.5.4\\out\\server\\src\\server.js:3:158098)\n    at c:\\Users\\Estudiante\\.vscode\\extensions\\uqbar.wollok-lsp-ide-0.5.4\\out\\server\\src\\server.js:37:57871\n    at nd (c:\\Users\\Estudiante\\.vscode\\extensions\\uqbar.wollok-lsp-ide-0.5.4\\out\\server\\src\\server.js:8:1561)","timestamp":"2026-06-14T23:19:38.439Z"}
{"level":"error","message":"✘ Failed to rebuild document Failed to parse game.wlk: \n-- PARSING FAILED --------------------------------------------------\n\n  133 |         }\n  134 | \n> 135 |     if ()\n      |         ^\n  136 |         resultado = \"ganaste\"\n  137 |         mostrarResultado = true\n\nExpected:\n\nsentence\n","stack":"Error: Failed to parse game.wlk: \n-- PARSING FAILED --------------------------------------------------\n\n  133 |         }\n  134 | \n> 135 |     if ()\n      |         ^\n  136 |         resultado = \"ganaste\"\n  137 |         mostrarResultado = true\n\nExpected:\n\nsentence\n\n    at c:\\Users\\Estudiante\\.vscode\\extensions\\uqbar.wollok-lsp-ide-0.5.4\\out\\server\\src\\server.js:2353:13026\n    at Array.map (<anonymous>)\n    at U1n (c:\\Users\\Estudiante\\.vscode\\extensions\\uqbar.wollok-lsp-ide-0.5.4\\out\\server\\src\\server.js:2353:12950)\n    at H2.buildEnvironmentFrom (c:\\Users\\Estudiante\\.vscode\\extensions\\uqbar.wollok-lsp-ide-0.5.4\\out\\server\\src\\server.js:2398:5254)\n    at H2.updateEnvironmentWith (c:\\Users\\Estudiante\\.vscode\\extensions\\uqbar.wollok-lsp-ide-0.5.4\\out\\server\\src\\server.js:2398:4989)\n    at GF (c:\\Users\\Estudiante\\.vscode\\extensions\\uqbar.wollok-lsp-ide-0.5.4\\out\\server\\src\\server.js:2398:7383)\n    at V3.invoke (c:\\Users\\Estudiante\\.vscode\\extensions\\uqbar.wollok-lsp-ide-0.5.4\\out\\server\\src\\server.js:3:157328)\n    at o.fire (c:\\Users\\Estudiante\\.vscode\\extensions\\uqbar.wollok-lsp-ide-0.5.4\\out\\server\\src\\server.js:3:158098)\n    at c:\\Users\\Estudiante\\.vscode\\extensions\\uqbar.wollok-lsp-ide-0.5.4\\out\\server\\src\\server.js:37:57871\n    at nd (c:\\Users\\Estudiante\\.vscode\\extensions\\uqbar.wollok-lsp-ide-0.5.4\\out\\server\\src\\server.js:8:1561)","timestamp":"2026-06-14T23:19:38.654Z"}
{"level":"error","message":"✘ Failed to rebuild document Failed to parse game.wlk: \n-- PARSING FAILED --------------------------------------------------\n\n  133 |         }\n  134 | \n> 135 |     if ()\n      |         ^\n  136 |         resultado = \"ganaste\"\n  137 |         mostrarResultado = true\n\nExpected:\n\nsentence\n","stack":"Error: Failed to parse game.wlk: \n-- PARSING FAILED --------------------------------------------------\n\n  133 |         }\n  134 | \n> 135 |     if ()\n      |         ^\n  136 |         resultado = \"ganaste\"\n  137 |         mostrarResultado = true\n\nExpected:\n\nsentence\n\n    at c:\\Users\\Estudiante\\.vscode\\extensions\\uqbar.wollok-lsp-ide-0.5.4\\out\\server\\src\\server.js:2353:13026\n    at Array.map (<anonymous>)\n    at U1n (c:\\Users\\Estudiante\\.vscode\\extensions\\uqbar.wollok-lsp-ide-0.5.4\\out\\server\\src\\server.js:2353:12950)\n    at H2.buildEnvironmentFrom (c:\\Users\\Estudiante\\.vscode\\extensions\\uqbar.wollok-lsp-ide-0.5.4\\out\\server\\src\\server.js:2398:5254)\n    at H2.updateEnvironmentWith (c:\\Users\\Estudiante\\.vscode\\extensions\\uqbar.wollok-lsp-ide-0.5.4\\out\\server\\src\\server.js:2398:4989)\n    at GF (c:\\Users\\Estudiante\\.vscode\\extensions\\uqbar.wollok-lsp-ide-0.5.4\\out\\server\\src\\server.js:2398:7383)\n    at V3.invoke (c:\\Users\\Estudiante\\.vscode\\extensions\\uqbar.wollok-lsp-ide-0.5.4\\out\\server\\src\\server.js:3:157328)\n    at o.fire (c:\\Users\\Estudiante\\.vscode\\extensions\\uqbar.wollok-lsp-ide-0.5.4\\out\\server\\src\\server.js:3:158098)\n    at c:\\Users\\Estudiante\\.vscode\\extensions\\uqbar.wollok-lsp-ide-0.5.4\\out\\server\\src\\server.js:37:57871\n    at nd (c:\\Users\\Estudiante\\.vscode\\extensions\\uqbar.wollok-lsp-ide-0.5.4\\out\\server\\src\\server.js:8:1561)","timestamp":"2026-06-14T23:19:39.206Z"}
{"level":"error","message":"✘ Failed to rebuild document Failed to parse game.wlk: \n-- PARSING FAILED --------------------------------------------------\n\n  133 |         }\n  134 | \n> 135 |     if ()\n      |         ^\n  136 |         resultado = \"ganaste\"\n  137 |         mostrarResultado = true\n\nExpected:\n\nsentence\n","stack":"Error: Failed to parse game.wlk: \n-- PARSING FAILED --------------------------------------------------\n\n  133 |         }\n  134 | \n> 135 |     if ()\n      |         ^\n  136 |         resultado = \"ganaste\"\n  137 |         mostrarResultado = true\n\nExpected:\n\nsentence\n\n    at c:\\Users\\Estudiante\\.vscode\\extensions\\uqbar.wollok-lsp-ide-0.5.4\\out\\server\\src\\server.js:2353:13026\n    at Array.map (<anonymous>)\n    at U1n (c:\\Users\\Estudiante\\.vscode\\extensions\\uqbar.wollok-lsp-ide-0.5.4\\out\\server\\src\\server.js:2353:12950)\n    at H2.buildEnvironmentFrom (c:\\Users\\Estudiante\\.vscode\\extensions\\uqbar.wollok-lsp-ide-0.5.4\\out\\server\\src\\server.js:2398:5254)\n    at H2.updateEnvironmentWith (c:\\Users\\Estudiante\\.vscode\\extensions\\uqbar.wollok-lsp-ide-0.5.4\\out\\server\\src\\server.js:2398:4989)\n    at GF (c:\\Users\\Estudiante\\.vscode\\extensions\\uqbar.wollok-lsp-ide-0.5.4\\out\\server\\src\\server.js:2398:7383)\n    at V3.invoke (c:\\Users\\Estudiante\\.vscode\\extensions\\uqbar.wollok-lsp-ide-0.5.4\\out\\server\\src\\server.js:3:157328)\n    at o.fire (c:\\Users\\Estudiante\\.vscode\\extensions\\uqbar.wollok-lsp-ide-0.5.4\\out\\server\\src\\server.js:3:158098)\n    at c:\\Users\\Estudiante\\.vscode\\extensions\\uqbar.wollok-lsp-ide-0.5.4\\out\\server\\src\\server.js:37:57871\n    at nd (c:\\Users\\Estudiante\\.vscode\\extensions\\uqbar.wollok-lsp-ide-0.5.4\\out\\server\\src\\server.js:8:1561)","timestamp":"2026-06-14T23:19:40.025Z"}
{"level":"error","message":"✘ Failed to rebuild document Failed to parse game.wlk: \n-- PARSING FAILED --------------------------------------------------\n\n  133 |         }\n  134 | \n> 135 |     if ()\n      |         ^\n  136 |         resultado = \"ganaste\"\n  137 |         mostrarResultado = true\n\nExpected:\n\nsentence\n","stack":"Error: Failed to parse game.wlk: \n-- PARSING FAILED --------------------------------------------------\n\n  133 |         }\n  134 | \n> 135 |     if ()\n      |         ^\n  136 |         resultado = \"ganaste\"\n  137 |         mostrarResultado = true\n\nExpected:\n\nsentence\n\n    at c:\\Users\\Estudiante\\.vscode\\extensions\\uqbar.wollok-lsp-ide-0.5.4\\out\\server\\src\\server.js:2353:13026\n    at Array.map (<anonymous>)\n    at U1n (c:\\Users\\Estudiante\\.vscode\\extensions\\uqbar.wollok-lsp-ide-0.5.4\\out\\server\\src\\server.js:2353:12950)\n    at H2.buildEnvironmentFrom (c:\\Users\\Estudiante\\.vscode\\extensions\\uqbar.wollok-lsp-ide-0.5.4\\out\\server\\src\\server.js:2398:5254)\n    at H2.updateEnvironmentWith (c:\\Users\\Estudiante\\.vscode\\extensions\\uqbar.wollok-lsp-ide-0.5.4\\out\\server\\src\\server.js:2398:4989)\n    at GF (c:\\Users\\Estudiante\\.vscode\\extensions\\uqbar.wollok-lsp-ide-0.5.4\\out\\server\\src\\server.js:2398:7383)\n    at V3.invoke (c:\\Users\\Estudiante\\.vscode\\extensions\\uqbar.wollok-lsp-ide-0.5.4\\out\\server\\src\\server.js:3:157328)\n    at o.fire (c:\\Users\\Estudiante\\.vscode\\extensions\\uqbar.wollok-lsp-ide-0.5.4\\out\\server\\src\\server.js:3:158098)\n    at c:\\Users\\Estudiante\\.vscode\\extensions\\uqbar.wollok-lsp-ide-0.5.4\\out\\server\\src\\server.js:37:57871\n    at nd (c:\\Users\\Estudiante\\.vscode\\extensions\\uqbar.wollok-lsp-ide-0.5.4\\out\\server\\src\\server.js:8:1561)","timestamp":"2026-06-14T23:19:41.528Z"}
{"level":"error","message":"✘ Failed to rebuild document Failed to parse game.wlk: \n-- PARSING FAILED --------------------------------------------------\n\n  133 |         }\n  134 | \n> 135 |     if ()\n      |         ^\n  136 |         resultado = \"ganaste\"\n  137 |         mostrarResultado = true\n\nExpected:\n\nsentence\n","stack":"Error: Failed to parse game.wlk: \n-- PARSING FAILED --------------------------------------------------\n\n  133 |         }\n  134 | \n> 135 |     if ()\n      |         ^\n  136 |         resultado = \"ganaste\"\n  137 |         mostrarResultado = true\n\nExpected:\n\nsentence\n\n    at c:\\Users\\Estudiante\\.vscode\\extensions\\uqbar.wollok-lsp-ide-0.5.4\\out\\server\\src\\server.js:2353:13026\n    at Array.map (<anonymous>)\n    at U1n (c:\\Users\\Estudiante\\.vscode\\extensions\\uqbar.wollok-lsp-ide-0.5.4\\out\\server\\src\\server.js:2353:12950)\n    at H2.buildEnvironmentFrom (c:\\Users\\Estudiante\\.vscode\\extensions\\uqbar.wollok-lsp-ide-0.5.4\\out\\server\\src\\server.js:2398:5254)\n    at H2.updateEnvironmentWith (c:\\Users\\Estudiante\\.vscode\\extensions\\uqbar.wollok-lsp-ide-0.5.4\\out\\server\\src\\server.js:2398:4989)\n    at GF (c:\\Users\\Estudiante\\.vscode\\extensions\\uqbar.wollok-lsp-ide-0.5.4\\out\\server\\src\\server.js:2398:7383)\n    at V3.invoke (c:\\Users\\Estudiante\\.vscode\\extensions\\uqbar.wollok-lsp-ide-0.5.4\\out\\server\\src\\server.js:3:157328)\n    at o.fire (c:\\Users\\Estudiante\\.vscode\\extensions\\uqbar.wollok-lsp-ide-0.5.4\\out\\server\\src\\server.js:3:158098)\n    at c:\\Users\\Estudiante\\.vscode\\extensions\\uqbar.wollok-lsp-ide-0.5.4\\out\\server\\src\\server.js:37:57871\n    at nd (c:\\Users\\Estudiante\\.vscode\\extensions\\uqbar.wollok-lsp-ide-0.5.4\\out\\server\\src\\server.js:8:1561)","timestamp":"2026-06-14T23:19:41.672Z"}
{"level":"error","message":"✘ Failed to rebuild document Failed to parse game.wlk: \n-- PARSING FAILED --------------------------------------------------\n\n  133 |         }\n  134 | \n> 135 |     if ()\n      |         ^\n  136 |         resultado = \"ganaste\"\n  137 |         mostrarResultado = true\n\nExpected:\n\nsentence\n","stack":"Error: Failed to parse game.wlk: \n-- PARSING FAILED --------------------------------------------------\n\n  133 |         }\n  134 | \n> 135 |     if ()\n      |         ^\n  136 |         resultado = \"ganaste\"\n  137 |         mostrarResultado = true\n\nExpected:\n\nsentence\n\n    at c:\\Users\\Estudiante\\.vscode\\extensions\\uqbar.wollok-lsp-ide-0.5.4\\out\\server\\src\\server.js:2353:13026\n    at Array.map (<anonymous>)\n    at U1n (c:\\Users\\Estudiante\\.vscode\\extensions\\uqbar.wollok-lsp-ide-0.5.4\\out\\server\\src\\server.js:2353:12950)\n    at H2.buildEnvironmentFrom (c:\\Users\\Estudiante\\.vscode\\extensions\\uqbar.wollok-lsp-ide-0.5.4\\out\\server\\src\\server.js:2398:5254)\n    at H2.updateEnvironmentWith (c:\\Users\\Estudiante\\.vscode\\extensions\\uqbar.wollok-lsp-ide-0.5.4\\out\\server\\src\\server.js:2398:4989)\n    at GF (c:\\Users\\Estudiante\\.vscode\\extensions\\uqbar.wollok-lsp-ide-0.5.4\\out\\server\\src\\server.js:2398:7383)\n    at V3.invoke (c:\\Users\\Estudiante\\.vscode\\extensions\\uqbar.wollok-lsp-ide-0.5.4\\out\\server\\src\\server.js:3:157328)\n    at o.fire (c:\\Users\\Estudiante\\.vscode\\extensions\\uqbar.wollok-lsp-ide-0.5.4\\out\\server\\src\\server.js:3:158098)\n    at c:\\Users\\Estudiante\\.vscode\\extensions\\uqbar.wollok-lsp-ide-0.5.4\\out\\server\\src\\server.js:37:57871\n    at nd (c:\\Users\\Estudiante\\.vscode\\extensions\\uqbar.wollok-lsp-ide-0.5.4\\out\\server\\src\\server.js:8:1561)","timestamp":"2026-06-14T23:19:41.951Z"}
{"level":"error","message":"✘ Failed to rebuild document Failed to parse game.wlk: \n-- PARSING FAILED --------------------------------------------------\n\n  131 | \n  132 |         return \"Empate\"\n> 133 |         }\n      |         ^\n  134 | \n  135 |     if ()\n\nExpected one of the following: \n\n'@', 'class', 'const', 'describe', 'mixin', 'object', 'only', 'package', 'program', 'test', 'var', '{', EOF, comment, not \"}\r\n\r\n    \", whitespace\n","stack":"Error: Failed to parse game.wlk: \n-- PARSING FAILED --------------------------------------------------\n\n  131 | \n  132 |         return \"Empate\"\n> 133 |         }\n      |         ^\n  134 | \n  135 |     if ()\n\nExpected one of the following: \n\n'@', 'class', 'const', 'describe', 'mixin', 'object', 'only', 'package', 'program', 'test', 'var', '{', EOF, comment, not \"}\r\n\r\n    \", whitespace\n\n    at c:\\Users\\Estudiante\\.vscode\\extensions\\uqbar.wollok-lsp-ide-0.5.4\\out\\server\\src\\server.js:2353:13026\n    at Array.map (<anonymous>)\n    at U1n (c:\\Users\\Estudiante\\.vscode\\extensions\\uqbar.wollok-lsp-ide-0.5.4\\out\\server\\src\\server.js:2353:12950)\n    at H2.buildEnvironmentFrom (c:\\Users\\Estudiante\\.vscode\\extensions\\uqbar.wollok-lsp-ide-0.5.4\\out\\server\\src\\server.js:2398:5254)\n    at H2.updateEnvironmentWith (c:\\Users\\Estudiante\\.vscode\\extensions\\uqbar.wollok-lsp-ide-0.5.4\\out\\server\\src\\server.js:2398:4989)\n    at GF (c:\\Users\\Estudiante\\.vscode\\extensions\\uqbar.wollok-lsp-ide-0.5.4\\out\\server\\src\\server.js:2398:7383)\n    at V3.invoke (c:\\Users\\Estudiante\\.vscode\\extensions\\uqbar.wollok-lsp-ide-0.5.4\\out\\server\\src\\server.js:3:157328)\n    at o.fire (c:\\Users\\Estudiante\\.vscode\\extensions\\uqbar.wollok-lsp-ide-0.5.4\\out\\server\\src\\server.js:3:158098)\n    at c:\\Users\\Estudiante\\.vscode\\extensions\\uqbar.wollok-lsp-ide-0.5.4\\out\\server\\src\\server.js:37:57871\n    at nd (c:\\Users\\Estudiante\\.vscode\\extensions\\uqbar.wollok-lsp-ide-0.5.4\\out\\server\\src\\server.js:8:1561)","timestamp":"2026-06-14T23:19:42.232Z"}
{"level":"error","message":"✘ Failed to rebuild document Failed to parse game.wlk: \n-- PARSING FAILED --------------------------------------------------\n\n  133 |         }\n  134 | \n> 135 |     if ()\n      |         ^\n  136 |         resultado = \"ganaste\"\n  137 |         mostrarResultado = true\n\nExpected:\n\nsentence\n","stack":"Error: Failed to parse game.wlk: \n-- PARSING FAILED --------------------------------------------------\n\n  133 |         }\n  134 | \n> 135 |     if ()\n      |         ^\n  136 |         resultado = \"ganaste\"\n  137 |         mostrarResultado = true\n\nExpected:\n\nsentence\n\n    at c:\\Users\\Estudiante\\.vscode\\extensions\\uqbar.wollok-lsp-ide-0.5.4\\out\\server\\src\\server.js:2353:13026\n    at Array.map (<anonymous>)\n    at U1n (c:\\Users\\Estudiante\\.vscode\\extensions\\uqbar.wollok-lsp-ide-0.5.4\\out\\server\\src\\server.js:2353:12950)\n    at H2.buildEnvironmentFrom (c:\\Users\\Estudiante\\.vscode\\extensions\\uqbar.wollok-lsp-ide-0.5.4\\out\\server\\src\\server.js:2398:5254)\n    at H2.updateEnvironmentWith (c:\\Users\\Estudiante\\.vscode\\extensions\\uqbar.wollok-lsp-ide-0.5.4\\out\\server\\src\\server.js:2398:4989)\n    at GF (c:\\Users\\Estudiante\\.vscode\\extensions\\uqbar.wollok-lsp-ide-0.5.4\\out\\server\\src\\server.js:2398:7383)\n    at V3.invoke (c:\\Users\\Estudiante\\.vscode\\extensions\\uqbar.wollok-lsp-ide-0.5.4\\out\\server\\src\\server.js:3:157328)\n    at o.fire (c:\\Users\\Estudiante\\.vscode\\extensions\\uqbar.wollok-lsp-ide-0.5.4\\out\\server\\src\\server.js:3:158098)\n    at c:\\Users\\Estudiante\\.vscode\\extensions\\uqbar.wollok-lsp-ide-0.5.4\\out\\server\\src\\server.js:37:57871\n    at nd (c:\\Users\\Estudiante\\.vscode\\extensions\\uqbar.wollok-lsp-ide-0.5.4\\out\\server\\src\\server.js:8:1561)","timestamp":"2026-06-14T23:19:44.626Z"}
{"level":"error","message":"✘ Failed to rebuild document Failed to parse game.wlk: \n-- PARSING FAILED --------------------------------------------------\n\n  133 |         }\n  134 | \n> 135 |     if ()\n      |         ^\n  136 |         resultado = \"ganaste\"\n  137 |         mostrarResultado = true\n\nExpected:\n\nsentence\n","stack":"Error: Failed to parse game.wlk: \n-- PARSING FAILED --------------------------------------------------\n\n  133 |         }\n  134 | \n> 135 |     if ()\n      |         ^\n  136 |         resultado = \"ganaste\"\n  137 |         mostrarResultado = true\n\nExpected:\n\nsentence\n\n    at c:\\Users\\Estudiante\\.vscode\\extensions\\uqbar.wollok-lsp-ide-0.5.4\\out\\server\\src\\server.js:2353:13026\n    at Array.map (<anonymous>)\n    at U1n (c:\\Users\\Estudiante\\.vscode\\extensions\\uqbar.wollok-lsp-ide-0.5.4\\out\\server\\src\\server.js:2353:12950)\n    at H2.buildEnvironmentFrom (c:\\Users\\Estudiante\\.vscode\\extensions\\uqbar.wollok-lsp-ide-0.5.4\\out\\server\\src\\server.js:2398:5254)\n    at H2.updateEnvironmentWith (c:\\Users\\Estudiante\\.vscode\\extensions\\uqbar.wollok-lsp-ide-0.5.4\\out\\server\\src\\server.js:2398:4989)\n    at GF (c:\\Users\\Estudiante\\.vscode\\extensions\\uqbar.wollok-lsp-ide-0.5.4\\out\\server\\src\\server.js:2398:7383)\n    at V3.invoke (c:\\Users\\Estudiante\\.vscode\\extensions\\uqbar.wollok-lsp-ide-0.5.4\\out\\server\\src\\server.js:3:157328)\n    at o.fire (c:\\Users\\Estudiante\\.vscode\\extensions\\uqbar.wollok-lsp-ide-0.5.4\\out\\server\\src\\server.js:3:158098)\n    at c:\\Users\\Estudiante\\.vscode\\extensions\\uqbar.wollok-lsp-ide-0.5.4\\out\\server\\src\\server.js:37:57871\n    at nd (c:\\Users\\Estudiante\\.vscode\\extensions\\uqbar.wollok-lsp-ide-0.5.4\\out\\server\\src\\server.js:8:1561)","timestamp":"2026-06-14T23:19:44.828Z"}
{"level":"error","message":"✘ Failed to rebuild document Failed to parse game.wlk: \n-- PARSING FAILED --------------------------------------------------\n\n  133 |         }\n  134 | \n> 135 |     if ()\n      |         ^\n  136 |         resultado = \"ganaste\"\n  137 |         mostrarResultado = true\n\nExpected:\n\nsentence\n","stack":"Error: Failed to parse game.wlk: \n-- PARSING FAILED --------------------------------------------------\n\n  133 |         }\n  134 | \n> 135 |     if ()\n      |         ^\n  136 |         resultado = \"ganaste\"\n  137 |         mostrarResultado = true\n\nExpected:\n\nsentence\n\n    at c:\\Users\\Estudiante\\.vscode\\extensions\\uqbar.wollok-lsp-ide-0.5.4\\out\\server\\src\\server.js:2353:13026\n    at Array.map (<anonymous>)\n    at U1n (c:\\Users\\Estudiante\\.vscode\\extensions\\uqbar.wollok-lsp-ide-0.5.4\\out\\server\\src\\server.js:2353:12950)\n    at H2.buildEnvironmentFrom (c:\\Users\\Estudiante\\.vscode\\extensions\\uqbar.wollok-lsp-ide-0.5.4\\out\\server\\src\\server.js:2398:5254)\n    at H2.updateEnvironmentWith (c:\\Users\\Estudiante\\.vscode\\extensions\\uqbar.wollok-lsp-ide-0.5.4\\out\\server\\src\\server.js:2398:4989)\n    at GF (c:\\Users\\Estudiante\\.vscode\\extensions\\uqbar.wollok-lsp-ide-0.5.4\\out\\server\\src\\server.js:2398:7383)\n    at V3.invoke (c:\\Users\\Estudiante\\.vscode\\extensions\\uqbar.wollok-lsp-ide-0.5.4\\out\\server\\src\\server.js:3:157328)\n    at o.fire (c:\\Users\\Estudiante\\.vscode\\extensions\\uqbar.wollok-lsp-ide-0.5.4\\out\\server\\src\\server.js:3:158098)\n    at c:\\Users\\Estudiante\\.vscode\\extensions\\uqbar.wollok-lsp-ide-0.5.4\\out\\server\\src\\server.js:37:57871\n    at nd (c:\\Users\\Estudiante\\.vscode\\extensions\\uqbar.wollok-lsp-ide-0.5.4\\out\\server\\src\\server.js:8:1561)","timestamp":"2026-06-14T23:19:45.121Z"}
{"level":"error","message":"✘ Failed to rebuild document Failed to parse game.wlk: \n-- PARSING FAILED --------------------------------------------------\n\n  133 |         }\n  134 | \n> 135 |     if ()\n      |         ^\n  136 |         resultado = \"ganaste\"\n  137 |         mostrarResultado = true\n\nExpected:\n\nsentence\n","stack":"Error: Failed to parse game.wlk: \n-- PARSING FAILED --------------------------------------------------\n\n  133 |         }\n  134 | \n> 135 |     if ()\n      |         ^\n  136 |         resultado = \"ganaste\"\n  137 |         mostrarResultado = true\n\nExpected:\n\nsentence\n\n    at c:\\Users\\Estudiante\\.vscode\\extensions\\uqbar.wollok-lsp-ide-0.5.4\\out\\server\\src\\server.js:2353:13026\n    at Array.map (<anonymous>)\n    at U1n (c:\\Users\\Estudiante\\.vscode\\extensions\\uqbar.wollok-lsp-ide-0.5.4\\out\\server\\src\\server.js:2353:12950)\n    at H2.buildEnvironmentFrom (c:\\Users\\Estudiante\\.vscode\\extensions\\uqbar.wollok-lsp-ide-0.5.4\\out\\server\\src\\server.js:2398:5254)\n    at H2.updateEnvironmentWith (c:\\Users\\Estudiante\\.vscode\\extensions\\uqbar.wollok-lsp-ide-0.5.4\\out\\server\\src\\server.js:2398:4989)\n    at GF (c:\\Users\\Estudiante\\.vscode\\extensions\\uqbar.wollok-lsp-ide-0.5.4\\out\\server\\src\\server.js:2398:7383)\n    at V3.invoke (c:\\Users\\Estudiante\\.vscode\\extensions\\uqbar.wollok-lsp-ide-0.5.4\\out\\server\\src\\server.js:3:157328)\n    at o.fire (c:\\Users\\Estudiante\\.vscode\\extensions\\uqbar.wollok-lsp-ide-0.5.4\\out\\server\\src\\server.js:3:158098)\n    at c:\\Users\\Estudiante\\.vscode\\extensions\\uqbar.wollok-lsp-ide-0.5.4\\out\\server\\src\\server.js:37:57871\n    at nd (c:\\Users\\Estudiante\\.vscode\\extensions\\uqbar.wollok-lsp-ide-0.5.4\\out\\server\\src\\server.js:8:1561)","timestamp":"2026-06-14T23:19:45.266Z"}
{"level":"error","message":"✘ Failed to rebuild document Failed to parse game.wlk: \n-- PARSING FAILED --------------------------------------------------\n\n  133 |         }\n  134 | \n> 135 |     if ()\n      |         ^\n  136 |         resultado = \"ganaste\"\n  137 |         mostrarResultado = true\n\nExpected:\n\nsentence\n","stack":"Error: Failed to parse game.wlk: \n-- PARSING FAILED --------------------------------------------------\n\n  133 |         }\n  134 | \n> 135 |     if ()\n      |         ^\n  136 |         resultado = \"ganaste\"\n  137 |         mostrarResultado = true\n\nExpected:\n\nsentence\n\n    at c:\\Users\\Estudiante\\.vscode\\extensions\\uqbar.wollok-lsp-ide-0.5.4\\out\\server\\src\\server.js:2353:13026\n    at Array.map (<anonymous>)\n    at U1n (c:\\Users\\Estudiante\\.vscode\\extensions\\uqbar.wollok-lsp-ide-0.5.4\\out\\server\\src\\server.js:2353:12950)\n    at H2.buildEnvironmentFrom (c:\\Users\\Estudiante\\.vscode\\extensions\\uqbar.wollok-lsp-ide-0.5.4\\out\\server\\src\\server.js:2398:5254)\n    at H2.updateEnvironmentWith (c:\\Users\\Estudiante\\.vscode\\extensions\\uqbar.wollok-lsp-ide-0.5.4\\out\\server\\src\\server.js:2398:4989)\n    at GF (c:\\Users\\Estudiante\\.vscode\\extensions\\uqbar.wollok-lsp-ide-0.5.4\\out\\server\\src\\server.js:2398:7383)\n    at V3.invoke (c:\\Users\\Estudiante\\.vscode\\extensions\\uqbar.wollok-lsp-ide-0.5.4\\out\\server\\src\\server.js:3:157328)\n    at o.fire (c:\\Users\\Estudiante\\.vscode\\extensions\\uqbar.wollok-lsp-ide-0.5.4\\out\\server\\src\\server.js:3:158098)\n    at c:\\Users\\Estudiante\\.vscode\\extensions\\uqbar.wollok-lsp-ide-0.5.4\\out\\server\\src\\server.js:37:57871\n    at nd (c:\\Users\\Estudiante\\.vscode\\extensions\\uqbar.wollok-lsp-ide-0.5.4\\out\\server\\src\\server.js:8:1561)","timestamp":"2026-06-14T23:19:45.561Z"}
{"level":"error","message":"✘ Failed to rebuild document Failed to parse game.wlk: \n-- PARSING FAILED --------------------------------------------------\n\n  133 |         }\n  134 | \n> 135 |     if ()\n      |         ^\n  136 |         resultado = \"ganaste\"\n  137 |         mostrarResultado = true\n\nExpected:\n\nsentence\n","stack":"Error: Failed to parse game.wlk: \n-- PARSING FAILED --------------------------------------------------\n\n  133 |         }\n  134 | \n> 135 |     if ()\n      |         ^\n  136 |         resultado = \"ganaste\"\n  137 |         mostrarResultado = true\n\nExpected:\n\nsentence\n\n    at c:\\Users\\Estudiante\\.vscode\\extensions\\uqbar.wollok-lsp-ide-0.5.4\\out\\server\\src\\server.js:2353:13026\n    at Array.map (<anonymous>)\n    at U1n (c:\\Users\\Estudiante\\.vscode\\extensions\\uqbar.wollok-lsp-ide-0.5.4\\out\\server\\src\\server.js:2353:12950)\n    at H2.buildEnvironmentFrom (c:\\Users\\Estudiante\\.vscode\\extensions\\uqbar.wollok-lsp-ide-0.5.4\\out\\server\\src\\server.js:2398:5254)\n    at H2.updateEnvironmentWith (c:\\Users\\Estudiante\\.vscode\\extensions\\uqbar.wollok-lsp-ide-0.5.4\\out\\server\\src\\server.js:2398:4989)\n    at GF (c:\\Users\\Estudiante\\.vscode\\extensions\\uqbar.wollok-lsp-ide-0.5.4\\out\\server\\src\\server.js:2398:7383)\n    at V3.invoke (c:\\Users\\Estudiante\\.vscode\\extensions\\uqbar.wollok-lsp-ide-0.5.4\\out\\server\\src\\server.js:3:157328)\n    at o.fire (c:\\Users\\Estudiante\\.vscode\\extensions\\uqbar.wollok-lsp-ide-0.5.4\\out\\server\\src\\server.js:3:158098)\n    at c:\\Users\\Estudiante\\.vscode\\extensions\\uqbar.wollok-lsp-ide-0.5.4\\out\\server\\src\\server.js:37:57871\n    at nd (c:\\Users\\Estudiante\\.vscode\\extensions\\uqbar.wollok-lsp-ide-0.5.4\\out\\server\\src\\server.js:8:1561)","timestamp":"2026-06-14T23:19:46.133Z"}
{"level":"error","message":"✘ Failed to rebuild document Failed to parse game.wlk: \n-- PARSING FAILED --------------------------------------------------\n\n  133 |         }\n  134 | \n> 135 |     if ()\n      |         ^\n  136 |         resultado = \"ganaste\"\n  137 |         mostrarResultado = true\n\nExpected:\n\nsentence\n","stack":"Error: Failed to parse game.wlk: \n-- PARSING FAILED --------------------------------------------------\n\n  133 |         }\n  134 | \n> 135 |     if ()\n      |         ^\n  136 |         resultado = \"ganaste\"\n  137 |         mostrarResultado = true\n\nExpected:\n\nsentence\n\n    at c:\\Users\\Estudiante\\.vscode\\extensions\\uqbar.wollok-lsp-ide-0.5.4\\out\\server\\src\\server.js:2353:13026\n    at Array.map (<anonymous>)\n    at U1n (c:\\Users\\Estudiante\\.vscode\\extensions\\uqbar.wollok-lsp-ide-0.5.4\\out\\server\\src\\server.js:2353:12950)\n    at H2.buildEnvironmentFrom (c:\\Users\\Estudiante\\.vscode\\extensions\\uqbar.wollok-lsp-ide-0.5.4\\out\\server\\src\\server.js:2398:5254)\n    at H2.updateEnvironmentWith (c:\\Users\\Estudiante\\.vscode\\extensions\\uqbar.wollok-lsp-ide-0.5.4\\out\\server\\src\\server.js:2398:4989)\n    at GF (c:\\Users\\Estudiante\\.vscode\\extensions\\uqbar.wollok-lsp-ide-0.5.4\\out\\server\\src\\server.js:2398:7383)\n    at V3.invoke (c:\\Users\\Estudiante\\.vscode\\extensions\\uqbar.wollok-lsp-ide-0.5.4\\out\\server\\src\\server.js:3:157328)\n    at o.fire (c:\\Users\\Estudiante\\.vscode\\extensions\\uqbar.wollok-lsp-ide-0.5.4\\out\\server\\src\\server.js:3:158098)\n    at c:\\Users\\Estudiante\\.vscode\\extensions\\uqbar.wollok-lsp-ide-0.5.4\\out\\server\\src\\server.js:37:57871\n    at nd (c:\\Users\\Estudiante\\.vscode\\extensions\\uqbar.wollok-lsp-ide-0.5.4\\out\\server\\src\\server.js:8:1561)","timestamp":"2026-06-14T23:19:46.278Z"}
{"level":"error","message":"✘ Failed to rebuild document Failed to parse game.wlk: \n-- PARSING FAILED --------------------------------------------------\n\n  133 |         }\n  134 | \n> 135 |     if ()\n      |         ^\n  136 |         resultado = \"ganaste\"\n  137 |         mostrarResultado = true\n\nExpected:\n\nsentence\n","stack":"Error: Failed to parse game.wlk: \n-- PARSING FAILED --------------------------------------------------\n\n  133 |         }\n  134 | \n> 135 |     if ()\n      |         ^\n  136 |         resultado = \"ganaste\"\n  137 |         mostrarResultado = true\n\nExpected:\n\nsentence\n\n    at c:\\Users\\Estudiante\\.vscode\\extensions\\uqbar.wollok-lsp-ide-0.5.4\\out\\server\\src\\server.js:2353:13026\n    at Array.map (<anonymous>)\n    at U1n (c:\\Users\\Estudiante\\.vscode\\extensions\\uqbar.wollok-lsp-ide-0.5.4\\out\\server\\src\\server.js:2353:12950)\n    at H2.buildEnvironmentFrom (c:\\Users\\Estudiante\\.vscode\\extensions\\uqbar.wollok-lsp-ide-0.5.4\\out\\server\\src\\server.js:2398:5254)\n    at H2.updateEnvironmentWith (c:\\Users\\Estudiante\\.vscode\\extensions\\uqbar.wollok-lsp-ide-0.5.4\\out\\server\\src\\server.js:2398:4989)\n    at GF (c:\\Users\\Estudiante\\.vscode\\extensions\\uqbar.wollok-lsp-ide-0.5.4\\out\\server\\src\\server.js:2398:7383)\n    at V3.invoke (c:\\Users\\Estudiante\\.vscode\\extensions\\uqbar.wollok-lsp-ide-0.5.4\\out\\server\\src\\server.js:3:157328)\n    at o.fire (c:\\Users\\Estudiante\\.vscode\\extensions\\uqbar.wollok-lsp-ide-0.5.4\\out\\server\\src\\server.js:3:158098)\n    at c:\\Users\\Estudiante\\.vscode\\extensions\\uqbar.wollok-lsp-ide-0.5.4\\out\\server\\src\\server.js:37:57871\n    at nd (c:\\Users\\Estudiante\\.vscode\\extensions\\uqbar.wollok-lsp-ide-0.5.4\\out\\server\\src\\server.js:8:1561)","timestamp":"2026-06-14T23:19:46.928Z"}
{"level":"error","message":"✘ Failed to rebuild document Failed to parse game.wlk: \n-- PARSING FAILED --------------------------------------------------\n\n  133 |         }\n  134 | \n> 135 |     if ()\n      |         ^\n  136 |         resultado = \"ganaste\"\n  137 |         mostrarResultado = true\n\nExpected:\n\nsentence\n","stack":"Error: Failed to parse game.wlk: \n-- PARSING FAILED --------------------------------------------------\n\n  133 |         }\n  134 | \n> 135 |     if ()\n      |         ^\n  136 |         resultado = \"ganaste\"\n  137 |         mostrarResultado = true\n\nExpected:\n\nsentence\n\n    at c:\\Users\\Estudiante\\.vscode\\extensions\\uqbar.wollok-lsp-ide-0.5.4\\out\\server\\src\\server.js:2353:13026\n    at Array.map (<anonymous>)\n    at U1n (c:\\Users\\Estudiante\\.vscode\\extensions\\uqbar.wollok-lsp-ide-0.5.4\\out\\server\\src\\server.js:2353:12950)\n    at H2.buildEnvironmentFrom (c:\\Users\\Estudiante\\.vscode\\extensions\\uqbar.wollok-lsp-ide-0.5.4\\out\\server\\src\\server.js:2398:5254)\n    at H2.updateEnvironmentWith (c:\\Users\\Estudiante\\.vscode\\extensions\\uqbar.wollok-lsp-ide-0.5.4\\out\\server\\src\\server.js:2398:4989)\n    at GF (c:\\Users\\Estudiante\\.vscode\\extensions\\uqbar.wollok-lsp-ide-0.5.4\\out\\server\\src\\server.js:2398:7383)\n    at V3.invoke (c:\\Users\\Estudiante\\.vscode\\extensions\\uqbar.wollok-lsp-ide-0.5.4\\out\\server\\src\\server.js:3:157328)\n    at o.fire (c:\\Users\\Estudiante\\.vscode\\extensions\\uqbar.wollok-lsp-ide-0.5.4\\out\\server\\src\\server.js:3:158098)\n    at c:\\Users\\Estudiante\\.vscode\\extensions\\uqbar.wollok-lsp-ide-0.5.4\\out\\server\\src\\server.js:37:57871\n    at nd (c:\\Users\\Estudiante\\.vscode\\extensions\\uqbar.wollok-lsp-ide-0.5.4\\out\\server\\src\\server.js:8:1561)","timestamp":"2026-06-14T23:19:47.099Z"}
{"level":"error","message":"✘ Failed to rebuild document Failed to parse game.wlk: \n-- PARSING FAILED --------------------------------------------------\n\n  133 |         }\n  134 | \n> 135 |     if ()\n      |         ^\n  136 |         resultado = \"ganaste\"\n  137 |         mostrarResultado = true\n\nExpected:\n\nsentence\n","stack":"Error: Failed to parse game.wlk: \n-- PARSING FAILED --------------------------------------------------\n\n  133 |         }\n  134 | \n> 135 |     if ()\n      |         ^\n  136 |         resultado = \"ganaste\"\n  137 |         mostrarResultado = true\n\nExpected:\n\nsentence\n\n    at c:\\Users\\Estudiante\\.vscode\\extensions\\uqbar.wollok-lsp-ide-0.5.4\\out\\server\\src\\server.js:2353:13026\n    at Array.map (<anonymous>)\n    at U1n (c:\\Users\\Estudiante\\.vscode\\extensions\\uqbar.wollok-lsp-ide-0.5.4\\out\\server\\src\\server.js:2353:12950)\n    at H2.buildEnvironmentFrom (c:\\Users\\Estudiante\\.vscode\\extensions\\uqbar.wollok-lsp-ide-0.5.4\\out\\server\\src\\server.js:2398:5254)\n    at H2.updateEnvironmentWith (c:\\Users\\Estudiante\\.vscode\\extensions\\uqbar.wollok-lsp-ide-0.5.4\\out\\server\\src\\server.js:2398:4989)\n    at GF (c:\\Users\\Estudiante\\.vscode\\extensions\\uqbar.wollok-lsp-ide-0.5.4\\out\\server\\src\\server.js:2398:7383)\n    at V3.invoke (c:\\Users\\Estudiante\\.vscode\\extensions\\uqbar.wollok-lsp-ide-0.5.4\\out\\server\\src\\server.js:3:157328)\n    at o.fire (c:\\Users\\Estudiante\\.vscode\\extensions\\uqbar.wollok-lsp-ide-0.5.4\\out\\server\\src\\server.js:3:158098)\n    at c:\\Users\\Estudiante\\.vscode\\extensions\\uqbar.wollok-lsp-ide-0.5.4\\out\\server\\src\\server.js:37:57871\n    at nd (c:\\Users\\Estudiante\\.vscode\\extensions\\uqbar.wollok-lsp-ide-0.5.4\\out\\server\\src\\server.js:8:1561)","timestamp":"2026-06-14T23:19:47.350Z"}
{"level":"error","message":"✘ Failed to rebuild document Failed to parse game.wlk: \n-- PARSING FAILED --------------------------------------------------\n\n  133 |         }\n  134 | \n> 135 |     if ()\n      |         ^\n  136 |         resultado = \"ganaste\"\n  137 |         mostrarResultado = true\n\nExpected:\n\nsentence\n","stack":"Error: Failed to parse game.wlk: \n-- PARSING FAILED --------------------------------------------------\n\n  133 |         }\n  134 | \n> 135 |     if ()\n      |         ^\n  136 |         resultado = \"ganaste\"\n  137 |         mostrarResultado = true\n\nExpected:\n\nsentence\n\n    at c:\\Users\\Estudiante\\.vscode\\extensions\\uqbar.wollok-lsp-ide-0.5.4\\out\\server\\src\\server.js:2353:13026\n    at Array.map (<anonymous>)\n    at U1n (c:\\Users\\Estudiante\\.vscode\\extensions\\uqbar.wollok-lsp-ide-0.5.4\\out\\server\\src\\server.js:2353:12950)\n    at H2.buildEnvironmentFrom (c:\\Users\\Estudiante\\.vscode\\extensions\\uqbar.wollok-lsp-ide-0.5.4\\out\\server\\src\\server.js:2398:5254)\n    at H2.updateEnvironmentWith (c:\\Users\\Estudiante\\.vscode\\extensions\\uqbar.wollok-lsp-ide-0.5.4\\out\\server\\src\\server.js:2398:4989)\n    at GF (c:\\Users\\Estudiante\\.vscode\\extensions\\uqbar.wollok-lsp-ide-0.5.4\\out\\server\\src\\server.js:2398:7383)\n    at V3.invoke (c:\\Users\\Estudiante\\.vscode\\extensions\\uqbar.wollok-lsp-ide-0.5.4\\out\\server\\src\\server.js:3:157328)\n    at o.fire (c:\\Users\\Estudiante\\.vscode\\extensions\\uqbar.wollok-lsp-ide-0.5.4\\out\\server\\src\\server.js:3:158098)\n    at c:\\Users\\Estudiante\\.vscode\\extensions\\uqbar.wollok-lsp-ide-0.5.4\\out\\server\\src\\server.js:37:57871\n    at nd (c:\\Users\\Estudiante\\.vscode\\extensions\\uqbar.wollok-lsp-ide-0.5.4\\out\\server\\src\\server.js:8:1561)","timestamp":"2026-06-14T23:19:47.474Z"}
{"level":"error","message":"✘ Failed to rebuild document Failed to parse game.wlk: \n-- PARSING FAILED --------------------------------------------------\n\n  133 |         }\n  134 | \n> 135 |     if ()\n      |         ^\n  136 |         resultado = \"ganaste\"\n  137 |         mostrarResultado = true\n\nExpected:\n\nsentence\n","stack":"Error: Failed to parse game.wlk: \n-- PARSING FAILED --------------------------------------------------\n\n  133 |         }\n  134 | \n> 135 |     if ()\n      |         ^\n  136 |         resultado = \"ganaste\"\n  137 |         mostrarResultado = true\n\nExpected:\n\nsentence\n\n    at c:\\Users\\Estudiante\\.vscode\\extensions\\uqbar.wollok-lsp-ide-0.5.4\\out\\server\\src\\server.js:2353:13026\n    at Array.map (<anonymous>)\n    at U1n (c:\\Users\\Estudiante\\.vscode\\extensions\\uqbar.wollok-lsp-ide-0.5.4\\out\\server\\src\\server.js:2353:12950)\n    at H2.buildEnvironmentFrom (c:\\Users\\Estudiante\\.vscode\\extensions\\uqbar.wollok-lsp-ide-0.5.4\\out\\server\\src\\server.js:2398:5254)\n    at H2.updateEnvironmentWith (c:\\Users\\Estudiante\\.vscode\\extensions\\uqbar.wollok-lsp-ide-0.5.4\\out\\server\\src\\server.js:2398:4989)\n    at GF (c:\\Users\\Estudiante\\.vscode\\extensions\\uqbar.wollok-lsp-ide-0.5.4\\out\\server\\src\\server.js:2398:7383)\n    at V3.invoke (c:\\Users\\Estudiante\\.vscode\\extensions\\uqbar.wollok-lsp-ide-0.5.4\\out\\server\\src\\server.js:3:157328)\n    at o.fire (c:\\Users\\Estudiante\\.vscode\\extensions\\uqbar.wollok-lsp-ide-0.5.4\\out\\server\\src\\server.js:3:158098)\n    at c:\\Users\\Estudiante\\.vscode\\extensions\\uqbar.wollok-lsp-ide-0.5.4\\out\\server\\src\\server.js:37:57871\n    at nd (c:\\Users\\Estudiante\\.vscode\\extensions\\uqbar.wollok-lsp-ide-0.5.4\\out\\server\\src\\server.js:8:1561)","timestamp":"2026-06-14T23:19:47.631Z"}
{"level":"error","message":"✘ Failed to rebuild document Failed to parse game.wlk: \n-- PARSING FAILED --------------------------------------------------\n\n  133 |         }\n  134 | \n> 135 |     if ()\n      |         ^\n  136 |         resultado = \"ganaste\"\n  137 |         mostrarResultado = true\n\nExpected:\n\nsentence\n","stack":"Error: Failed to parse game.wlk: \n-- PARSING FAILED --------------------------------------------------\n\n  133 |         }\n  134 | \n> 135 |     if ()\n      |         ^\n  136 |         resultado = \"ganaste\"\n  137 |         mostrarResultado = true\n\nExpected:\n\nsentence\n\n    at c:\\Users\\Estudiante\\.vscode\\extensions\\uqbar.wollok-lsp-ide-0.5.4\\out\\server\\src\\server.js:2353:13026\n    at Array.map (<anonymous>)\n    at U1n (c:\\Users\\Estudiante\\.vscode\\extensions\\uqbar.wollok-lsp-ide-0.5.4\\out\\server\\src\\server.js:2353:12950)\n    at H2.buildEnvironmentFrom (c:\\Users\\Estudiante\\.vscode\\extensions\\uqbar.wollok-lsp-ide-0.5.4\\out\\server\\src\\server.js:2398:5254)\n    at H2.updateEnvironmentWith (c:\\Users\\Estudiante\\.vscode\\extensions\\uqbar.wollok-lsp-ide-0.5.4\\out\\server\\src\\server.js:2398:4989)\n    at GF (c:\\Users\\Estudiante\\.vscode\\extensions\\uqbar.wollok-lsp-ide-0.5.4\\out\\server\\src\\server.js:2398:7383)\n    at V3.invoke (c:\\Users\\Estudiante\\.vscode\\extensions\\uqbar.wollok-lsp-ide-0.5.4\\out\\server\\src\\server.js:3:157328)\n    at o.fire (c:\\Users\\Estudiante\\.vscode\\extensions\\uqbar.wollok-lsp-ide-0.5.4\\out\\server\\src\\server.js:3:158098)\n    at c:\\Users\\Estudiante\\.vscode\\extensions\\uqbar.wollok-lsp-ide-0.5.4\\out\\server\\src\\server.js:37:57871\n    at nd (c:\\Users\\Estudiante\\.vscode\\extensions\\uqbar.wollok-lsp-ide-0.5.4\\out\\server\\src\\server.js:8:1561)","timestamp":"2026-06-14T23:19:47.937Z"}
{"level":"error","message":"✘ Failed to rebuild document Failed to parse game.wlk: \n-- PARSING FAILED --------------------------------------------------\n\n  131 | \n  132 |         return \"Empate\"\n> 133 |         }\n      |         ^\n  134 | \n  135 |     if ()\n\nExpected one of the following: \n\n'@', 'class', 'const', 'describe', 'mixin', 'object', 'only', 'package', 'program', 'test', 'var', '{', EOF, comment, not \"}\r\n\r\n    \", whitespace\n","stack":"Error: Failed to parse game.wlk: \n-- PARSING FAILED --------------------------------------------------\n\n  131 | \n  132 |         return \"Empate\"\n> 133 |         }\n      |         ^\n  134 | \n  135 |     if ()\n\nExpected one of the following: \n\n'@', 'class', 'const', 'describe', 'mixin', 'object', 'only', 'package', 'program', 'test', 'var', '{', EOF, comment, not \"}\r\n\r\n    \", whitespace\n\n    at c:\\Users\\Estudiante\\.vscode\\extensions\\uqbar.wollok-lsp-ide-0.5.4\\out\\server\\src\\server.js:2353:13026\n    at Array.map (<anonymous>)\n    at U1n (c:\\Users\\Estudiante\\.vscode\\extensions\\uqbar.wollok-lsp-ide-0.5.4\\out\\server\\src\\server.js:2353:12950)\n    at H2.buildEnvironmentFrom (c:\\Users\\Estudiante\\.vscode\\extensions\\uqbar.wollok-lsp-ide-0.5.4\\out\\server\\src\\server.js:2398:5254)\n    at H2.updateEnvironmentWith (c:\\Users\\Estudiante\\.vscode\\extensions\\uqbar.wollok-lsp-ide-0.5.4\\out\\server\\src\\server.js:2398:4989)\n    at GF (c:\\Users\\Estudiante\\.vscode\\extensions\\uqbar.wollok-lsp-ide-0.5.4\\out\\server\\src\\server.js:2398:7383)\n    at V3.invoke (c:\\Users\\Estudiante\\.vscode\\extensions\\uqbar.wollok-lsp-ide-0.5.4\\out\\server\\src\\server.js:3:157328)\n    at o.fire (c:\\Users\\Estudiante\\.vscode\\extensions\\uqbar.wollok-lsp-ide-0.5.4\\out\\server\\src\\server.js:3:158098)\n    at c:\\Users\\Estudiante\\.vscode\\extensions\\uqbar.wollok-lsp-ide-0.5.4\\out\\server\\src\\server.js:37:57871\n    at nd (c:\\Users\\Estudiante\\.vscode\\extensions\\uqbar.wollok-lsp-ide-0.5.4\\out\\server\\src\\server.js:8:1561)","timestamp":"2026-06-14T23:19:48.405Z"}
{"level":"error","message":"✘ Failed to rebuild document Failed to parse game.wlk: \n-- PARSING FAILED --------------------------------------------------\n\n  133 |         }\n  134 | \n> 135 |     if ()\n      |         ^\n  136 |         resultado = \"ganaste\"\n  137 |         mostrarResultado = true\n\nExpected:\n\nsentence\n","stack":"Error: Failed to parse game.wlk: \n-- PARSING FAILED --------------------------------------------------\n\n  133 |         }\n  134 | \n> 135 |     if ()\n      |         ^\n  136 |         resultado = \"ganaste\"\n  137 |         mostrarResultado = true\n\nExpected:\n\nsentence\n\n    at c:\\Users\\Estudiante\\.vscode\\extensions\\uqbar.wollok-lsp-ide-0.5.4\\out\\server\\src\\server.js:2353:13026\n    at Array.map (<anonymous>)\n    at U1n (c:\\Users\\Estudiante\\.vscode\\extensions\\uqbar.wollok-lsp-ide-0.5.4\\out\\server\\src\\server.js:2353:12950)\n    at H2.buildEnvironmentFrom (c:\\Users\\Estudiante\\.vscode\\extensions\\uqbar.wollok-lsp-ide-0.5.4\\out\\server\\src\\server.js:2398:5254)\n    at H2.updateEnvironmentWith (c:\\Users\\Estudiante\\.vscode\\extensions\\uqbar.wollok-lsp-ide-0.5.4\\out\\server\\src\\server.js:2398:4989)\n    at GF (c:\\Users\\Estudiante\\.vscode\\extensions\\uqbar.wollok-lsp-ide-0.5.4\\out\\server\\src\\server.js:2398:7383)\n    at V3.invoke (c:\\Users\\Estudiante\\.vscode\\extensions\\uqbar.wollok-lsp-ide-0.5.4\\out\\server\\src\\server.js:3:157328)\n    at o.fire (c:\\Users\\Estudiante\\.vscode\\extensions\\uqbar.wollok-lsp-ide-0.5.4\\out\\server\\src\\server.js:3:158098)\n    at c:\\Users\\Estudiante\\.vscode\\extensions\\uqbar.wollok-lsp-ide-0.5.4\\out\\server\\src\\server.js:37:57871\n    at nd (c:\\Users\\Estudiante\\.vscode\\extensions\\uqbar.wollok-lsp-ide-0.5.4\\out\\server\\src\\server.js:8:1561)","timestamp":"2026-06-14T23:19:48.794Z"}
{"level":"error","message":"✘ Failed to rebuild document Failed to parse game.wlk: \n-- PARSING FAILED --------------------------------------------------\n\n  133 |         }\n  134 | \n> 135 |     if ()\n      |         ^\n  136 |         resultado = \"ganaste\"\n  137 |         mostrarResultado = true\n\nExpected:\n\nsentence\n","stack":"Error: Failed to parse game.wlk: \n-- PARSING FAILED --------------------------------------------------\n\n  133 |         }\n  134 | \n> 135 |     if ()\n      |         ^\n  136 |         resultado = \"ganaste\"\n  137 |         mostrarResultado = true\n\nExpected:\n\nsentence\n\n    at c:\\Users\\Estudiante\\.vscode\\extensions\\uqbar.wollok-lsp-ide-0.5.4\\out\\server\\src\\server.js:2353:13026\n    at Array.map (<anonymous>)\n    at U1n (c:\\Users\\Estudiante\\.vscode\\extensions\\uqbar.wollok-lsp-ide-0.5.4\\out\\server\\src\\server.js:2353:12950)\n    at H2.buildEnvironmentFrom (c:\\Users\\Estudiante\\.vscode\\extensions\\uqbar.wollok-lsp-ide-0.5.4\\out\\server\\src\\server.js:2398:5254)\n    at H2.updateEnvironmentWith (c:\\Users\\Estudiante\\.vscode\\extensions\\uqbar.wollok-lsp-ide-0.5.4\\out\\server\\src\\server.js:2398:4989)\n    at GF (c:\\Users\\Estudiante\\.vscode\\extensions\\uqbar.wollok-lsp-ide-0.5.4\\out\\server\\src\\server.js:2398:7383)\n    at V3.invoke (c:\\Users\\Estudiante\\.vscode\\extensions\\uqbar.wollok-lsp-ide-0.5.4\\out\\server\\src\\server.js:3:157328)\n    at o.fire (c:\\Users\\Estudiante\\.vscode\\extensions\\uqbar.wollok-lsp-ide-0.5.4\\out\\server\\src\\server.js:3:158098)\n    at c:\\Users\\Estudiante\\.vscode\\extensions\\uqbar.wollok-lsp-ide-0.5.4\\out\\server\\src\\server.js:37:57871\n    at nd (c:\\Users\\Estudiante\\.vscode\\extensions\\uqbar.wollok-lsp-ide-0.5.4\\out\\server\\src\\server.js:8:1561)","timestamp":"2026-06-14T23:19:48.896Z"}
{"level":"error","message":"✘ Failed to rebuild document Failed to parse game.wlk: \n-- PARSING FAILED --------------------------------------------------\n\n  133 |         }\n  134 | \n> 135 |     if ()\n      |         ^\n  136 |         resultado = \"ganaste\"\n  137 |         mostrarResultado = true\n\nExpected:\n\nsentence\n","stack":"Error: Failed to parse game.wlk: \n-- PARSING FAILED --------------------------------------------------\n\n  133 |         }\n  134 | \n> 135 |     if ()\n      |         ^\n  136 |         resultado = \"ganaste\"\n  137 |         mostrarResultado = true\n\nExpected:\n\nsentence\n\n    at c:\\Users\\Estudiante\\.vscode\\extensions\\uqbar.wollok-lsp-ide-0.5.4\\out\\server\\src\\server.js:2353:13026\n    at Array.map (<anonymous>)\n    at U1n (c:\\Users\\Estudiante\\.vscode\\extensions\\uqbar.wollok-lsp-ide-0.5.4\\out\\server\\src\\server.js:2353:12950)\n    at H2.buildEnvironmentFrom (c:\\Users\\Estudiante\\.vscode\\extensions\\uqbar.wollok-lsp-ide-0.5.4\\out\\server\\src\\server.js:2398:5254)\n    at H2.updateEnvironmentWith (c:\\Users\\Estudiante\\.vscode\\extensions\\uqbar.wollok-lsp-ide-0.5.4\\out\\server\\src\\server.js:2398:4989)\n    at GF (c:\\Users\\Estudiante\\.vscode\\extensions\\uqbar.wollok-lsp-ide-0.5.4\\out\\server\\src\\server.js:2398:7383)\n    at V3.invoke (c:\\Users\\Estudiante\\.vscode\\extensions\\uqbar.wollok-lsp-ide-0.5.4\\out\\server\\src\\server.js:3:157328)\n    at o.fire (c:\\Users\\Estudiante\\.vscode\\extensions\\uqbar.wollok-lsp-ide-0.5.4\\out\\server\\src\\server.js:3:158098)\n    at c:\\Users\\Estudiante\\.vscode\\extensions\\uqbar.wollok-lsp-ide-0.5.4\\out\\server\\src\\server.js:37:57871\n    at nd (c:\\Users\\Estudiante\\.vscode\\extensions\\uqbar.wollok-lsp-ide-0.5.4\\out\\server\\src\\server.js:8:1561)","timestamp":"2026-06-14T23:19:49.102Z"}
{"level":"error","message":"✘ Failed to rebuild document Failed to parse game.wlk: \n-- PARSING FAILED --------------------------------------------------\n\n  133 |         }\n  134 | \n> 135 |     if ()\n      |         ^\n  136 |         resultado = \"ganaste\"\n  137 |         mostrarResultado = true\n\nExpected:\n\nsentence\n","stack":"Error: Failed to parse game.wlk: \n-- PARSING FAILED --------------------------------------------------\n\n  133 |         }\n  134 | \n> 135 |     if ()\n      |         ^\n  136 |         resultado = \"ganaste\"\n  137 |         mostrarResultado = true\n\nExpected:\n\nsentence\n\n    at c:\\Users\\Estudiante\\.vscode\\extensions\\uqbar.wollok-lsp-ide-0.5.4\\out\\server\\src\\server.js:2353:13026\n    at Array.map (<anonymous>)\n    at U1n (c:\\Users\\Estudiante\\.vscode\\extensions\\uqbar.wollok-lsp-ide-0.5.4\\out\\server\\src\\server.js:2353:12950)\n    at H2.buildEnvironmentFrom (c:\\Users\\Estudiante\\.vscode\\extensions\\uqbar.wollok-lsp-ide-0.5.4\\out\\server\\src\\server.js:2398:5254)\n    at H2.updateEnvironmentWith (c:\\Users\\Estudiante\\.vscode\\extensions\\uqbar.wollok-lsp-ide-0.5.4\\out\\server\\src\\server.js:2398:4989)\n    at GF (c:\\Users\\Estudiante\\.vscode\\extensions\\uqbar.wollok-lsp-ide-0.5.4\\out\\server\\src\\server.js:2398:7383)\n    at V3.invoke (c:\\Users\\Estudiante\\.vscode\\extensions\\uqbar.wollok-lsp-ide-0.5.4\\out\\server\\src\\server.js:3:157328)\n    at o.fire (c:\\Users\\Estudiante\\.vscode\\extensions\\uqbar.wollok-lsp-ide-0.5.4\\out\\server\\src\\server.js:3:158098)\n    at c:\\Users\\Estudiante\\.vscode\\extensions\\uqbar.wollok-lsp-ide-0.5.4\\out\\server\\src\\server.js:37:57871\n    at nd (c:\\Users\\Estudiante\\.vscode\\extensions\\uqbar.wollok-lsp-ide-0.5.4\\out\\server\\src\\server.js:8:1561)","timestamp":"2026-06-14T23:19:49.927Z"}
{"level":"error","message":"✘ Failed to rebuild document Failed to parse game.wlk: \n-- PARSING FAILED --------------------------------------------------\n\n  133 |         }\n  134 | \n> 135 |     if ()\n      |         ^\n  136 |         resultado = \"ganaste\"\n  137 |         mostrarResultado = true\n\nExpected:\n\nsentence\n","stack":"Error: Failed to parse game.wlk: \n-- PARSING FAILED --------------------------------------------------\n\n  133 |         }\n  134 | \n> 135 |     if ()\n      |         ^\n  136 |         resultado = \"ganaste\"\n  137 |         mostrarResultado = true\n\nExpected:\n\nsentence\n\n    at c:\\Users\\Estudiante\\.vscode\\extensions\\uqbar.wollok-lsp-ide-0.5.4\\out\\server\\src\\server.js:2353:13026\n    at Array.map (<anonymous>)\n    at U1n (c:\\Users\\Estudiante\\.vscode\\extensions\\uqbar.wollok-lsp-ide-0.5.4\\out\\server\\src\\server.js:2353:12950)\n    at H2.buildEnvironmentFrom (c:\\Users\\Estudiante\\.vscode\\extensions\\uqbar.wollok-lsp-ide-0.5.4\\out\\server\\src\\server.js:2398:5254)\n    at H2.updateEnvironmentWith (c:\\Users\\Estudiante\\.vscode\\extensions\\uqbar.wollok-lsp-ide-0.5.4\\out\\server\\src\\server.js:2398:4989)\n    at GF (c:\\Users\\Estudiante\\.vscode\\extensions\\uqbar.wollok-lsp-ide-0.5.4\\out\\server\\src\\server.js:2398:7383)\n    at V3.invoke (c:\\Users\\Estudiante\\.vscode\\extensions\\uqbar.wollok-lsp-ide-0.5.4\\out\\server\\src\\server.js:3:157328)\n    at o.fire (c:\\Users\\Estudiante\\.vscode\\extensions\\uqbar.wollok-lsp-ide-0.5.4\\out\\server\\src\\server.js:3:158098)\n    at c:\\Users\\Estudiante\\.vscode\\extensions\\uqbar.wollok-lsp-ide-0.5.4\\out\\server\\src\\server.js:37:57871\n    at nd (c:\\Users\\Estudiante\\.vscode\\extensions\\uqbar.wollok-lsp-ide-0.5.4\\out\\server\\src\\server.js:8:1561)","timestamp":"2026-06-14T23:19:50.218Z"}
{"level":"error","message":"✘ Failed to rebuild document Failed to parse game.wlk: \n-- PARSING FAILED --------------------------------------------------\n\n  133 |         }\n  134 | \n> 135 |     if ()\n      |         ^\n  136 |         resultado = \"ganaste\"\n  137 |         mostrarResultado = true\n\nExpected:\n\nsentence\n","stack":"Error: Failed to parse game.wlk: \n-- PARSING FAILED --------------------------------------------------\n\n  133 |         }\n  134 | \n> 135 |     if ()\n      |         ^\n  136 |         resultado = \"ganaste\"\n  137 |         mostrarResultado = true\n\nExpected:\n\nsentence\n\n    at c:\\Users\\Estudiante\\.vscode\\extensions\\uqbar.wollok-lsp-ide-0.5.4\\out\\server\\src\\server.js:2353:13026\n    at Array.map (<anonymous>)\n    at U1n (c:\\Users\\Estudiante\\.vscode\\extensions\\uqbar.wollok-lsp-ide-0.5.4\\out\\server\\src\\server.js:2353:12950)\n    at H2.buildEnvironmentFrom (c:\\Users\\Estudiante\\.vscode\\extensions\\uqbar.wollok-lsp-ide-0.5.4\\out\\server\\src\\server.js:2398:5254)\n    at H2.updateEnvironmentWith (c:\\Users\\Estudiante\\.vscode\\extensions\\uqbar.wollok-lsp-ide-0.5.4\\out\\server\\src\\server.js:2398:4989)\n    at GF (c:\\Users\\Estudiante\\.vscode\\extensions\\uqbar.wollok-lsp-ide-0.5.4\\out\\server\\src\\server.js:2398:7383)\n    at V3.invoke (c:\\Users\\Estudiante\\.vscode\\extensions\\uqbar.wollok-lsp-ide-0.5.4\\out\\server\\src\\server.js:3:157328)\n    at o.fire (c:\\Users\\Estudiante\\.vscode\\extensions\\uqbar.wollok-lsp-ide-0.5.4\\out\\server\\src\\server.js:3:158098)\n    at c:\\Users\\Estudiante\\.vscode\\extensions\\uqbar.wollok-lsp-ide-0.5.4\\out\\server\\src\\server.js:37:57871\n    at nd (c:\\Users\\Estudiante\\.vscode\\extensions\\uqbar.wollok-lsp-ide-0.5.4\\out\\server\\src\\server.js:8:1561)","timestamp":"2026-06-14T23:19:50.439Z"}
{"level":"error","message":"✘ Failed to rebuild document Failed to parse game.wlk: \n-- PARSING FAILED --------------------------------------------------\n\n  133 |         }\n  134 | \n> 135 |     if ()\n      |         ^\n  136 |         resultado = \"ganaste\"\n  137 |         mostrarResultado = true\n\nExpected:\n\nsentence\n","stack":"Error: Failed to parse game.wlk: \n-- PARSING FAILED --------------------------------------------------\n\n  133 |         }\n  134 | \n> 135 |     if ()\n      |         ^\n  136 |         resultado = \"ganaste\"\n  137 |         mostrarResultado = true\n\nExpected:\n\nsentence\n\n    at c:\\Users\\Estudiante\\.vscode\\extensions\\uqbar.wollok-lsp-ide-0.5.4\\out\\server\\src\\server.js:2353:13026\n    at Array.map (<anonymous>)\n    at U1n (c:\\Users\\Estudiante\\.vscode\\extensions\\uqbar.wollok-lsp-ide-0.5.4\\out\\server\\src\\server.js:2353:12950)\n    at H2.buildEnvironmentFrom (c:\\Users\\Estudiante\\.vscode\\extensions\\uqbar.wollok-lsp-ide-0.5.4\\out\\server\\src\\server.js:2398:5254)\n    at H2.updateEnvironmentWith (c:\\Users\\Estudiante\\.vscode\\extensions\\uqbar.wollok-lsp-ide-0.5.4\\out\\server\\src\\server.js:2398:4989)\n    at GF (c:\\Users\\Estudiante\\.vscode\\extensions\\uqbar.wollok-lsp-ide-0.5.4\\out\\server\\src\\server.js:2398:7383)\n    at V3.invoke (c:\\Users\\Estudiante\\.vscode\\extensions\\uqbar.wollok-lsp-ide-0.5.4\\out\\server\\src\\server.js:3:157328)\n    at o.fire (c:\\Users\\Estudiante\\.vscode\\extensions\\uqbar.wollok-lsp-ide-0.5.4\\out\\server\\src\\server.js:3:158098)\n    at c:\\Users\\Estudiante\\.vscode\\extensions\\uqbar.wollok-lsp-ide-0.5.4\\out\\server\\src\\server.js:37:57871\n    at nd (c:\\Users\\Estudiante\\.vscode\\extensions\\uqbar.wollok-lsp-ide-0.5.4\\out\\server\\src\\server.js:8:1561)","timestamp":"2026-06-14T23:19:50.813Z"}
{"level":"error","message":"✘ Failed to rebuild document Failed to parse game.wlk: \n-- PARSING FAILED --------------------------------------------------\n\n  133 |         }\n  134 | \n> 135 |     if ()\n      |         ^\n  136 |         resultado = \"ganaste\"\n  137 |         mostrarResultado = true\n\nExpected:\n\nsentence\n","stack":"Error: Failed to parse game.wlk: \n-- PARSING FAILED --------------------------------------------------\n\n  133 |         }\n  134 | \n> 135 |     if ()\n      |         ^\n  136 |         resultado = \"ganaste\"\n  137 |         mostrarResultado = true\n\nExpected:\n\nsentence\n\n    at c:\\Users\\Estudiante\\.vscode\\extensions\\uqbar.wollok-lsp-ide-0.5.4\\out\\server\\src\\server.js:2353:13026\n    at Array.map (<anonymous>)\n    at U1n (c:\\Users\\Estudiante\\.vscode\\extensions\\uqbar.wollok-lsp-ide-0.5.4\\out\\server\\src\\server.js:2353:12950)\n    at H2.buildEnvironmentFrom (c:\\Users\\Estudiante\\.vscode\\extensions\\uqbar.wollok-lsp-ide-0.5.4\\out\\server\\src\\server.js:2398:5254)\n    at H2.updateEnvironmentWith (c:\\Users\\Estudiante\\.vscode\\extensions\\uqbar.wollok-lsp-ide-0.5.4\\out\\server\\src\\server.js:2398:4989)\n    at GF (c:\\Users\\Estudiante\\.vscode\\extensions\\uqbar.wollok-lsp-ide-0.5.4\\out\\server\\src\\server.js:2398:7383)\n    at V3.invoke (c:\\Users\\Estudiante\\.vscode\\extensions\\uqbar.wollok-lsp-ide-0.5.4\\out\\server\\src\\server.js:3:157328)\n    at o.fire (c:\\Users\\Estudiante\\.vscode\\extensions\\uqbar.wollok-lsp-ide-0.5.4\\out\\server\\src\\server.js:3:158098)\n    at c:\\Users\\Estudiante\\.vscode\\extensions\\uqbar.wollok-lsp-ide-0.5.4\\out\\server\\src\\server.js:37:57871\n    at nd (c:\\Users\\Estudiante\\.vscode\\extensions\\uqbar.wollok-lsp-ide-0.5.4\\out\\server\\src\\server.js:8:1561)","timestamp":"2026-06-14T23:19:51.639Z"}
{"level":"error","message":"✘ Failed to rebuild document Failed to parse game.wlk: \n-- PARSING FAILED --------------------------------------------------\n\n  133 |         }\n  134 | \n> 135 |     if ()\n      |         ^\n  136 |         resultado = \"ganaste\"\n  137 |         mostrarResultado = true\n\nExpected:\n\nsentence\n","stack":"Error: Failed to parse game.wlk: \n-- PARSING FAILED --------------------------------------------------\n\n  133 |         }\n  134 | \n> 135 |     if ()\n      |         ^\n  136 |         resultado = \"ganaste\"\n  137 |         mostrarResultado = true\n\nExpected:\n\nsentence\n\n    at c:\\Users\\Estudiante\\.vscode\\extensions\\uqbar.wollok-lsp-ide-0.5.4\\out\\server\\src\\server.js:2353:13026\n    at Array.map (<anonymous>)\n    at U1n (c:\\Users\\Estudiante\\.vscode\\extensions\\uqbar.wollok-lsp-ide-0.5.4\\out\\server\\src\\server.js:2353:12950)\n    at H2.buildEnvironmentFrom (c:\\Users\\Estudiante\\.vscode\\extensions\\uqbar.wollok-lsp-ide-0.5.4\\out\\server\\src\\server.js:2398:5254)\n    at H2.updateEnvironmentWith (c:\\Users\\Estudiante\\.vscode\\extensions\\uqbar.wollok-lsp-ide-0.5.4\\out\\server\\src\\server.js:2398:4989)\n    at GF (c:\\Users\\Estudiante\\.vscode\\extensions\\uqbar.wollok-lsp-ide-0.5.4\\out\\server\\src\\server.js:2398:7383)\n    at V3.invoke (c:\\Users\\Estudiante\\.vscode\\extensions\\uqbar.wollok-lsp-ide-0.5.4\\out\\server\\src\\server.js:3:157328)\n    at o.fire (c:\\Users\\Estudiante\\.vscode\\extensions\\uqbar.wollok-lsp-ide-0.5.4\\out\\server\\src\\server.js:3:158098)\n    at c:\\Users\\Estudiante\\.vscode\\extensions\\uqbar.wollok-lsp-ide-0.5.4\\out\\server\\src\\server.js:37:57871\n    at nd (c:\\Users\\Estudiante\\.vscode\\extensions\\uqbar.wollok-lsp-ide-0.5.4\\out\\server\\src\\server.js:8:1561)","timestamp":"2026-06-14T23:19:52.661Z"}
{"level":"error","message":"✘ Failed to rebuild document Failed to parse game.wlk: \n-- PARSING FAILED --------------------------------------------------\n\n  133 |         }\n  134 | \n> 135 |     if ()\n      |         ^\n  136 |         resultado = \"ganaste\"\n  137 |         mostrarResultado = true\n\nExpected:\n\nsentence\n","stack":"Error: Failed to parse game.wlk: \n-- PARSING FAILED --------------------------------------------------\n\n  133 |         }\n  134 | \n> 135 |     if ()\n      |         ^\n  136 |         resultado = \"ganaste\"\n  137 |         mostrarResultado = true\n\nExpected:\n\nsentence\n\n    at c:\\Users\\Estudiante\\.vscode\\extensions\\uqbar.wollok-lsp-ide-0.5.4\\out\\server\\src\\server.js:2353:13026\n    at Array.map (<anonymous>)\n    at U1n (c:\\Users\\Estudiante\\.vscode\\extensions\\uqbar.wollok-lsp-ide-0.5.4\\out\\server\\src\\server.js:2353:12950)\n    at H2.buildEnvironmentFrom (c:\\Users\\Estudiante\\.vscode\\extensions\\uqbar.wollok-lsp-ide-0.5.4\\out\\server\\src\\server.js:2398:5254)\n    at H2.updateEnvironmentWith (c:\\Users\\Estudiante\\.vscode\\extensions\\uqbar.wollok-lsp-ide-0.5.4\\out\\server\\src\\server.js:2398:4989)\n    at GF (c:\\Users\\Estudiante\\.vscode\\extensions\\uqbar.wollok-lsp-ide-0.5.4\\out\\server\\src\\server.js:2398:7383)\n    at V3.invoke (c:\\Users\\Estudiante\\.vscode\\extensions\\uqbar.wollok-lsp-ide-0.5.4\\out\\server\\src\\server.js:3:157328)\n    at o.fire (c:\\Users\\Estudiante\\.vscode\\extensions\\uqbar.wollok-lsp-ide-0.5.4\\out\\server\\src\\server.js:3:158098)\n    at c:\\Users\\Estudiante\\.vscode\\extensions\\uqbar.wollok-lsp-ide-0.5.4\\out\\server\\src\\server.js:37:57871\n    at nd (c:\\Users\\Estudiante\\.vscode\\extensions\\uqbar.wollok-lsp-ide-0.5.4\\out\\server\\src\\server.js:8:1561)","timestamp":"2026-06-14T23:19:52.810Z"}
{"level":"error","message":"✘ Failed to rebuild document Failed to parse game.wlk: \n-- PARSING FAILED --------------------------------------------------\n\n  133 |         }\n  134 | \n> 135 |     if ()\n      |         ^\n  136 |         resultado = \"ganaste\"\n  137 |         mostrarResultado = true\n\nExpected:\n\nsentence\n","stack":"Error: Failed to parse game.wlk: \n-- PARSING FAILED --------------------------------------------------\n\n  133 |         }\n  134 | \n> 135 |     if ()\n      |         ^\n  136 |         resultado = \"ganaste\"\n  137 |         mostrarResultado = true\n\nExpected:\n\nsentence\n\n    at c:\\Users\\Estudiante\\.vscode\\extensions\\uqbar.wollok-lsp-ide-0.5.4\\out\\server\\src\\server.js:2353:13026\n    at Array.map (<anonymous>)\n    at U1n (c:\\Users\\Estudiante\\.vscode\\extensions\\uqbar.wollok-lsp-ide-0.5.4\\out\\server\\src\\server.js:2353:12950)\n    at H2.buildEnvironmentFrom (c:\\Users\\Estudiante\\.vscode\\extensions\\uqbar.wollok-lsp-ide-0.5.4\\out\\server\\src\\server.js:2398:5254)\n    at H2.updateEnvironmentWith (c:\\Users\\Estudiante\\.vscode\\extensions\\uqbar.wollok-lsp-ide-0.5.4\\out\\server\\src\\server.js:2398:4989)\n    at GF (c:\\Users\\Estudiante\\.vscode\\extensions\\uqbar.wollok-lsp-ide-0.5.4\\out\\server\\src\\server.js:2398:7383)\n    at V3.invoke (c:\\Users\\Estudiante\\.vscode\\extensions\\uqbar.wollok-lsp-ide-0.5.4\\out\\server\\src\\server.js:3:157328)\n    at o.fire (c:\\Users\\Estudiante\\.vscode\\extensions\\uqbar.wollok-lsp-ide-0.5.4\\out\\server\\src\\server.js:3:158098)\n    at c:\\Users\\Estudiante\\.vscode\\extensions\\uqbar.wollok-lsp-ide-0.5.4\\out\\server\\src\\server.js:37:57871\n    at nd (c:\\Users\\Estudiante\\.vscode\\extensions\\uqbar.wollok-lsp-ide-0.5.4\\out\\server\\src\\server.js:8:1561)","timestamp":"2026-06-14T23:19:56.097Z"}
{"level":"error","message":"✘ Failed to rebuild document Failed to parse game.wlk: \n-- PARSING FAILED --------------------------------------------------\n\n  133 |         }\n  134 | \n> 135 |     if ()\n      |         ^\n  136 |         resultado = \"ganaste\"\n  137 |         mostrarResultado = true\n\nExpected:\n\nsentence\n","stack":"Error: Failed to parse game.wlk: \n-- PARSING FAILED --------------------------------------------------\n\n  133 |         }\n  134 | \n> 135 |     if ()\n      |         ^\n  136 |         resultado = \"ganaste\"\n  137 |         mostrarResultado = true\n\nExpected:\n\nsentence\n\n    at c:\\Users\\Estudiante\\.vscode\\extensions\\uqbar.wollok-lsp-ide-0.5.4\\out\\server\\src\\server.js:2353:13026\n    at Array.map (<anonymous>)\n    at U1n (c:\\Users\\Estudiante\\.vscode\\extensions\\uqbar.wollok-lsp-ide-0.5.4\\out\\server\\src\\server.js:2353:12950)\n    at H2.buildEnvironmentFrom (c:\\Users\\Estudiante\\.vscode\\extensions\\uqbar.wollok-lsp-ide-0.5.4\\out\\server\\src\\server.js:2398:5254)\n    at H2.updateEnvironmentWith (c:\\Users\\Estudiante\\.vscode\\extensions\\uqbar.wollok-lsp-ide-0.5.4\\out\\server\\src\\server.js:2398:4989)\n    at GF (c:\\Users\\Estudiante\\.vscode\\extensions\\uqbar.wollok-lsp-ide-0.5.4\\out\\server\\src\\server.js:2398:7383)\n    at V3.invoke (c:\\Users\\Estudiante\\.vscode\\extensions\\uqbar.wollok-lsp-ide-0.5.4\\out\\server\\src\\server.js:3:157328)\n    at o.fire (c:\\Users\\Estudiante\\.vscode\\extensions\\uqbar.wollok-lsp-ide-0.5.4\\out\\server\\src\\server.js:3:158098)\n    at c:\\Users\\Estudiante\\.vscode\\extensions\\uqbar.wollok-lsp-ide-0.5.4\\out\\server\\src\\server.js:37:57871\n    at nd (c:\\Users\\Estudiante\\.vscode\\extensions\\uqbar.wollok-lsp-ide-0.5.4\\out\\server\\src\\server.js:8:1561)","timestamp":"2026-06-14T23:19:56.524Z"}
{"level":"error","message":"✘ Failed to rebuild document Failed to parse game.wlk: \n-- PARSING FAILED --------------------------------------------------\n\n  133 |         }\n  134 | \n> 135 |     if ()\n      |         ^\n  136 |         resultado = \"ganaste\"\n  137 |         mostrarResultado = true\n\nExpected:\n\nsentence\n","stack":"Error: Failed to parse game.wlk: \n-- PARSING FAILED --------------------------------------------------\n\n  133 |         }\n  134 | \n> 135 |     if ()\n      |         ^\n  136 |         resultado = \"ganaste\"\n  137 |         mostrarResultado = true\n\nExpected:\n\nsentence\n\n    at c:\\Users\\Estudiante\\.vscode\\extensions\\uqbar.wollok-lsp-ide-0.5.4\\out\\server\\src\\server.js:2353:13026\n    at Array.map (<anonymous>)\n    at U1n (c:\\Users\\Estudiante\\.vscode\\extensions\\uqbar.wollok-lsp-ide-0.5.4\\out\\server\\src\\server.js:2353:12950)\n    at H2.buildEnvironmentFrom (c:\\Users\\Estudiante\\.vscode\\extensions\\uqbar.wollok-lsp-ide-0.5.4\\out\\server\\src\\server.js:2398:5254)\n    at H2.updateEnvironmentWith (c:\\Users\\Estudiante\\.vscode\\extensions\\uqbar.wollok-lsp-ide-0.5.4\\out\\server\\src\\server.js:2398:4989)\n    at GF (c:\\Users\\Estudiante\\.vscode\\extensions\\uqbar.wollok-lsp-ide-0.5.4\\out\\server\\src\\server.js:2398:7383)\n    at V3.invoke (c:\\Users\\Estudiante\\.vscode\\extensions\\uqbar.wollok-lsp-ide-0.5.4\\out\\server\\src\\server.js:3:157328)\n    at o.fire (c:\\Users\\Estudiante\\.vscode\\extensions\\uqbar.wollok-lsp-ide-0.5.4\\out\\server\\src\\server.js:3:158098)\n    at c:\\Users\\Estudiante\\.vscode\\extensions\\uqbar.wollok-lsp-ide-0.5.4\\out\\server\\src\\server.js:37:57871\n    at nd (c:\\Users\\Estudiante\\.vscode\\extensions\\uqbar.wollok-lsp-ide-0.5.4\\out\\server\\src\\server.js:8:1561)","timestamp":"2026-06-14T23:19:57.255Z"}
{"level":"error","message":"✘ Failed to rebuild document Failed to parse game.wlk: \n-- PARSING FAILED --------------------------------------------------\n\n  135 |         }\n  136 | \n> 137 |     if ()\n      |         ^\n  138 |         resultado = \"ganaste\"\n  139 |         mostrarResultado = true\n\nExpected:\n\nsentence\n","stack":"Error: Failed to parse game.wlk: \n-- PARSING FAILED --------------------------------------------------\n\n  135 |         }\n  136 | \n> 137 |     if ()\n      |         ^\n  138 |         resultado = \"ganaste\"\n  139 |         mostrarResultado = true\n\nExpected:\n\nsentence\n\n    at c:\\Users\\Estudiante\\.vscode\\extensions\\uqbar.wollok-lsp-ide-0.5.4\\out\\server\\src\\server.js:2353:13026\n    at Array.map (<anonymous>)\n    at U1n (c:\\Users\\Estudiante\\.vscode\\extensions\\uqbar.wollok-lsp-ide-0.5.4\\out\\server\\src\\server.js:2353:12950)\n    at H2.buildEnvironmentFrom (c:\\Users\\Estudiante\\.vscode\\extensions\\uqbar.wollok-lsp-ide-0.5.4\\out\\server\\src\\server.js:2398:5254)\n    at H2.updateEnvironmentWith (c:\\Users\\Estudiante\\.vscode\\extensions\\uqbar.wollok-lsp-ide-0.5.4\\out\\server\\src\\server.js:2398:4989)\n    at GF (c:\\Users\\Estudiante\\.vscode\\extensions\\uqbar.wollok-lsp-ide-0.5.4\\out\\server\\src\\server.js:2398:7383)\n    at V3.invoke (c:\\Users\\Estudiante\\.vscode\\extensions\\uqbar.wollok-lsp-ide-0.5.4\\out\\server\\src\\server.js:3:157328)\n    at o.fire (c:\\Users\\Estudiante\\.vscode\\extensions\\uqbar.wollok-lsp-ide-0.5.4\\out\\server\\src\\server.js:3:158098)\n    at c:\\Users\\Estudiante\\.vscode\\extensions\\uqbar.wollok-lsp-ide-0.5.4\\out\\server\\src\\server.js:37:57871\n    at nd (c:\\Users\\Estudiante\\.vscode\\extensions\\uqbar.wollok-lsp-ide-0.5.4\\out\\server\\src\\server.js:8:1561)","timestamp":"2026-06-14T23:19:57.566Z"}
{"level":"error","message":"✘ Failed to rebuild document Failed to parse game.wlk: \n-- PARSING FAILED --------------------------------------------------\n\n  135 |         }\n  136 | \n> 137 |     if ()\n      |         ^\n  138 |         resultado = \"ganaste\"\n  139 |         mostrarResultado = true\n\nExpected:\n\nsentence\n","stack":"Error: Failed to parse game.wlk: \n-- PARSING FAILED --------------------------------------------------\n\n  135 |         }\n  136 | \n> 137 |     if ()\n      |         ^\n  138 |         resultado = \"ganaste\"\n  139 |         mostrarResultado = true\n\nExpected:\n\nsentence\n\n    at c:\\Users\\Estudiante\\.vscode\\extensions\\uqbar.wollok-lsp-ide-0.5.4\\out\\server\\src\\server.js:2353:13026\n    at Array.map (<anonymous>)\n    at U1n (c:\\Users\\Estudiante\\.vscode\\extensions\\uqbar.wollok-lsp-ide-0.5.4\\out\\server\\src\\server.js:2353:12950)\n    at H2.buildEnvironmentFrom (c:\\Users\\Estudiante\\.vscode\\extensions\\uqbar.wollok-lsp-ide-0.5.4\\out\\server\\src\\server.js:2398:5254)\n    at H2.updateEnvironmentWith (c:\\Users\\Estudiante\\.vscode\\extensions\\uqbar.wollok-lsp-ide-0.5.4\\out\\server\\src\\server.js:2398:4989)\n    at GF (c:\\Users\\Estudiante\\.vscode\\extensions\\uqbar.wollok-lsp-ide-0.5.4\\out\\server\\src\\server.js:2398:7383)\n    at V3.invoke (c:\\Users\\Estudiante\\.vscode\\extensions\\uqbar.wollok-lsp-ide-0.5.4\\out\\server\\src\\server.js:3:157328)\n    at o.fire (c:\\Users\\Estudiante\\.vscode\\extensions\\uqbar.wollok-lsp-ide-0.5.4\\out\\server\\src\\server.js:3:158098)\n    at c:\\Users\\Estudiante\\.vscode\\extensions\\uqbar.wollok-lsp-ide-0.5.4\\out\\server\\src\\server.js:37:57871\n    at nd (c:\\Users\\Estudiante\\.vscode\\extensions\\uqbar.wollok-lsp-ide-0.5.4\\out\\server\\src\\server.js:8:1561)","timestamp":"2026-06-14T23:19:59.144Z"}
{"level":"error","message":"✘ Failed to rebuild document Failed to parse game.wlk: \n-- PARSING FAILED --------------------------------------------------\n\n  135 |         }\n  136 | \n> 137 |     if ()\n      |         ^\n  138 |         resultado = \"ganaste\"\n  139 |         mostrarResultado = true\n\nExpected:\n\nsentence\n","stack":"Error: Failed to parse game.wlk: \n-- PARSING FAILED --------------------------------------------------\n\n  135 |         }\n  136 | \n> 137 |     if ()\n      |         ^\n  138 |         resultado = \"ganaste\"\n  139 |         mostrarResultado = true\n\nExpected:\n\nsentence\n\n    at c:\\Users\\Estudiante\\.vscode\\extensions\\uqbar.wollok-lsp-ide-0.5.4\\out\\server\\src\\server.js:2353:13026\n    at Array.map (<anonymous>)\n    at U1n (c:\\Users\\Estudiante\\.vscode\\extensions\\uqbar.wollok-lsp-ide-0.5.4\\out\\server\\src\\server.js:2353:12950)\n    at H2.buildEnvironmentFrom (c:\\Users\\Estudiante\\.vscode\\extensions\\uqbar.wollok-lsp-ide-0.5.4\\out\\server\\src\\server.js:2398:5254)\n    at H2.updateEnvironmentWith (c:\\Users\\Estudiante\\.vscode\\extensions\\uqbar.wollok-lsp-ide-0.5.4\\out\\server\\src\\server.js:2398:4989)\n    at GF (c:\\Users\\Estudiante\\.vscode\\extensions\\uqbar.wollok-lsp-ide-0.5.4\\out\\server\\src\\server.js:2398:7383)\n    at V3.invoke (c:\\Users\\Estudiante\\.vscode\\extensions\\uqbar.wollok-lsp-ide-0.5.4\\out\\server\\src\\server.js:3:157328)\n    at o.fire (c:\\Users\\Estudiante\\.vscode\\extensions\\uqbar.wollok-lsp-ide-0.5.4\\out\\server\\src\\server.js:3:158098)\n    at c:\\Users\\Estudiante\\.vscode\\extensions\\uqbar.wollok-lsp-ide-0.5.4\\out\\server\\src\\server.js:37:57871\n    at nd (c:\\Users\\Estudiante\\.vscode\\extensions\\uqbar.wollok-lsp-ide-0.5.4\\out\\server\\src\\server.js:8:1561)","timestamp":"2026-06-14T23:20:04.681Z"}
{"level":"error","message":"✘ Failed to rebuild document Failed to parse game.wlk: \n-- PARSING FAILED --------------------------------------------------\n\n  135 |         }\n  136 | \n> 137 |     if ()\n      |         ^\n  138 |         resultado = \"ganaste\"\n  139 |         mostrarResultado = true\n\nExpected:\n\nsentence\n","stack":"Error: Failed to parse game.wlk: \n-- PARSING FAILED --------------------------------------------------\n\n  135 |         }\n  136 | \n> 137 |     if ()\n      |         ^\n  138 |         resultado = \"ganaste\"\n  139 |         mostrarResultado = true\n\nExpected:\n\nsentence\n\n    at c:\\Users\\Estudiante\\.vscode\\extensions\\uqbar.wollok-lsp-ide-0.5.4\\out\\server\\src\\server.js:2353:13026\n    at Array.map (<anonymous>)\n    at U1n (c:\\Users\\Estudiante\\.vscode\\extensions\\uqbar.wollok-lsp-ide-0.5.4\\out\\server\\src\\server.js:2353:12950)\n    at H2.buildEnvironmentFrom (c:\\Users\\Estudiante\\.vscode\\extensions\\uqbar.wollok-lsp-ide-0.5.4\\out\\server\\src\\server.js:2398:5254)\n    at H2.updateEnvironmentWith (c:\\Users\\Estudiante\\.vscode\\extensions\\uqbar.wollok-lsp-ide-0.5.4\\out\\server\\src\\server.js:2398:4989)\n    at GF (c:\\Users\\Estudiante\\.vscode\\extensions\\uqbar.wollok-lsp-ide-0.5.4\\out\\server\\src\\server.js:2398:7383)\n    at V3.invoke (c:\\Users\\Estudiante\\.vscode\\extensions\\uqbar.wollok-lsp-ide-0.5.4\\out\\server\\src\\server.js:3:157328)\n    at o.fire (c:\\Users\\Estudiante\\.vscode\\extensions\\uqbar.wollok-lsp-ide-0.5.4\\out\\server\\src\\server.js:3:158098)\n    at c:\\Users\\Estudiante\\.vscode\\extensions\\uqbar.wollok-lsp-ide-0.5.4\\out\\server\\src\\server.js:37:57871\n    at nd (c:\\Users\\Estudiante\\.vscode\\extensions\\uqbar.wollok-lsp-ide-0.5.4\\out\\server\\src\\server.js:8:1561)","timestamp":"2026-06-14T23:20:05.079Z"}
{"level":"error","message":"✘ Failed to rebuild document Failed to parse game.wlk: \n-- PARSING FAILED --------------------------------------------------\n\n  135 |         }\n  136 | \n> 137 |     if ()\n      |         ^\n  138 |         resultado = \"ganaste\"\n  139 |         mostrarResultado = true\n\nExpected:\n\nsentence\n","stack":"Error: Failed to parse game.wlk: \n-- PARSING FAILED --------------------------------------------------\n\n  135 |         }\n  136 | \n> 137 |     if ()\n      |         ^\n  138 |         resultado = \"ganaste\"\n  139 |         mostrarResultado = true\n\nExpected:\n\nsentence\n\n    at c:\\Users\\Estudiante\\.vscode\\extensions\\uqbar.wollok-lsp-ide-0.5.4\\out\\server\\src\\server.js:2353:13026\n    at Array.map (<anonymous>)\n    at U1n (c:\\Users\\Estudiante\\.vscode\\extensions\\uqbar.wollok-lsp-ide-0.5.4\\out\\server\\src\\server.js:2353:12950)\n    at H2.buildEnvironmentFrom (c:\\Users\\Estudiante\\.vscode\\extensions\\uqbar.wollok-lsp-ide-0.5.4\\out\\server\\src\\server.js:2398:5254)\n    at H2.updateEnvironmentWith (c:\\Users\\Estudiante\\.vscode\\extensions\\uqbar.wollok-lsp-ide-0.5.4\\out\\server\\src\\server.js:2398:4989)\n    at GF (c:\\Users\\Estudiante\\.vscode\\extensions\\uqbar.wollok-lsp-ide-0.5.4\\out\\server\\src\\server.js:2398:7383)\n    at V3.invoke (c:\\Users\\Estudiante\\.vscode\\extensions\\uqbar.wollok-lsp-ide-0.5.4\\out\\server\\src\\server.js:3:157328)\n    at o.fire (c:\\Users\\Estudiante\\.vscode\\extensions\\uqbar.wollok-lsp-ide-0.5.4\\out\\server\\src\\server.js:3:158098)\n    at c:\\Users\\Estudiante\\.vscode\\extensions\\uqbar.wollok-lsp-ide-0.5.4\\out\\server\\src\\server.js:37:57871\n    at nd (c:\\Users\\Estudiante\\.vscode\\extensions\\uqbar.wollok-lsp-ide-0.5.4\\out\\server\\src\\server.js:8:1561)","timestamp":"2026-06-14T23:20:05.977Z"}
{"level":"error","message":"✘ Failed to rebuild document Failed to parse game.wlk: \n-- PARSING FAILED --------------------------------------------------\n\n  135 |         }\n  136 | \n> 137 |     if ()\n      |         ^\n  138 |         resultado = \"ganaste\"\n  139 |         mostrarResultado = true\n\nExpected:\n\nsentence\n","stack":"Error: Failed to parse game.wlk: \n-- PARSING FAILED --------------------------------------------------\n\n  135 |         }\n  136 | \n> 137 |     if ()\n      |         ^\n  138 |         resultado = \"ganaste\"\n  139 |         mostrarResultado = true\n\nExpected:\n\nsentence\n\n    at c:\\Users\\Estudiante\\.vscode\\extensions\\uqbar.wollok-lsp-ide-0.5.4\\out\\server\\src\\server.js:2353:13026\n    at Array.map (<anonymous>)\n    at U1n (c:\\Users\\Estudiante\\.vscode\\extensions\\uqbar.wollok-lsp-ide-0.5.4\\out\\server\\src\\server.js:2353:12950)\n    at H2.buildEnvironmentFrom (c:\\Users\\Estudiante\\.vscode\\extensions\\uqbar.wollok-lsp-ide-0.5.4\\out\\server\\src\\server.js:2398:5254)\n    at H2.updateEnvironmentWith (c:\\Users\\Estudiante\\.vscode\\extensions\\uqbar.wollok-lsp-ide-0.5.4\\out\\server\\src\\server.js:2398:4989)\n    at GF (c:\\Users\\Estudiante\\.vscode\\extensions\\uqbar.wollok-lsp-ide-0.5.4\\out\\server\\src\\server.js:2398:7383)\n    at V3.invoke (c:\\Users\\Estudiante\\.vscode\\extensions\\uqbar.wollok-lsp-ide-0.5.4\\out\\server\\src\\server.js:3:157328)\n    at o.fire (c:\\Users\\Estudiante\\.vscode\\extensions\\uqbar.wollok-lsp-ide-0.5.4\\out\\server\\src\\server.js:3:158098)\n    at c:\\Users\\Estudiante\\.vscode\\extensions\\uqbar.wollok-lsp-ide-0.5.4\\out\\server\\src\\server.js:37:57871\n    at nd (c:\\Users\\Estudiante\\.vscode\\extensions\\uqbar.wollok-lsp-ide-0.5.4\\out\\server\\src\\server.js:8:1561)","timestamp":"2026-06-14T23:20:10.429Z"}
{"level":"error","message":"✘ Failed to rebuild document Failed to parse game.wlk: \n-- PARSING FAILED --------------------------------------------------\n\n  136 |         }\n  137 | \n> 138 |     if ()\n      |         ^\n  139 |         resultado = \"ganaste\"\n  140 |         mostrarResultado = true\n\nExpected:\n\nsentence\n","stack":"Error: Failed to parse game.wlk: \n-- PARSING FAILED --------------------------------------------------\n\n  136 |         }\n  137 | \n> 138 |     if ()\n      |         ^\n  139 |         resultado = \"ganaste\"\n  140 |         mostrarResultado = true\n\nExpected:\n\nsentence\n\n    at c:\\Users\\Estudiante\\.vscode\\extensions\\uqbar.wollok-lsp-ide-0.5.4\\out\\server\\src\\server.js:2353:13026\n    at Array.map (<anonymous>)\n    at U1n (c:\\Users\\Estudiante\\.vscode\\extensions\\uqbar.wollok-lsp-ide-0.5.4\\out\\server\\src\\server.js:2353:12950)\n    at H2.buildEnvironmentFrom (c:\\Users\\Estudiante\\.vscode\\extensions\\uqbar.wollok-lsp-ide-0.5.4\\out\\server\\src\\server.js:2398:5254)\n    at H2.updateEnvironmentWith (c:\\Users\\Estudiante\\.vscode\\extensions\\uqbar.wollok-lsp-ide-0.5.4\\out\\server\\src\\server.js:2398:4989)\n    at GF (c:\\Users\\Estudiante\\.vscode\\extensions\\uqbar.wollok-lsp-ide-0.5.4\\out\\server\\src\\server.js:2398:7383)\n    at V3.invoke (c:\\Users\\Estudiante\\.vscode\\extensions\\uqbar.wollok-lsp-ide-0.5.4\\out\\server\\src\\server.js:3:157328)\n    at o.fire (c:\\Users\\Estudiante\\.vscode\\extensions\\uqbar.wollok-lsp-ide-0.5.4\\out\\server\\src\\server.js:3:158098)\n    at c:\\Users\\Estudiante\\.vscode\\extensions\\uqbar.wollok-lsp-ide-0.5.4\\out\\server\\src\\server.js:37:57871\n    at nd (c:\\Users\\Estudiante\\.vscode\\extensions\\uqbar.wollok-lsp-ide-0.5.4\\out\\server\\src\\server.js:8:1561)","timestamp":"2026-06-14T23:20:11.622Z"}
{"level":"error","message":"✘ Failed to rebuild document Failed to parse game.wlk: \n-- PARSING FAILED --------------------------------------------------\n\n  136 |         }\n  137 | \n> 138 |     if ()\n      |         ^\n  139 |         resultado = \"ganaste\"\n  140 |         mostrarResultado = true\n\nExpected:\n\nsentence\n","stack":"Error: Failed to parse game.wlk: \n-- PARSING FAILED --------------------------------------------------\n\n  136 |         }\n  137 | \n> 138 |     if ()\n      |         ^\n  139 |         resultado = \"ganaste\"\n  140 |         mostrarResultado = true\n\nExpected:\n\nsentence\n\n    at c:\\Users\\Estudiante\\.vscode\\extensions\\uqbar.wollok-lsp-ide-0.5.4\\out\\server\\src\\server.js:2353:13026\n    at Array.map (<anonymous>)\n    at U1n (c:\\Users\\Estudiante\\.vscode\\extensions\\uqbar.wollok-lsp-ide-0.5.4\\out\\server\\src\\server.js:2353:12950)\n    at H2.buildEnvironmentFrom (c:\\Users\\Estudiante\\.vscode\\extensions\\uqbar.wollok-lsp-ide-0.5.4\\out\\server\\src\\server.js:2398:5254)\n    at H2.updateEnvironmentWith (c:\\Users\\Estudiante\\.vscode\\extensions\\uqbar.wollok-lsp-ide-0.5.4\\out\\server\\src\\server.js:2398:4989)\n    at GF (c:\\Users\\Estudiante\\.vscode\\extensions\\uqbar.wollok-lsp-ide-0.5.4\\out\\server\\src\\server.js:2398:7383)\n    at V3.invoke (c:\\Users\\Estudiante\\.vscode\\extensions\\uqbar.wollok-lsp-ide-0.5.4\\out\\server\\src\\server.js:3:157328)\n    at o.fire (c:\\Users\\Estudiante\\.vscode\\extensions\\uqbar.wollok-lsp-ide-0.5.4\\out\\server\\src\\server.js:3:158098)\n    at c:\\Users\\Estudiante\\.vscode\\extensions\\uqbar.wollok-lsp-ide-0.5.4\\out\\server\\src\\server.js:37:57871\n    at nd (c:\\Users\\Estudiante\\.vscode\\extensions\\uqbar.wollok-lsp-ide-0.5.4\\out\\server\\src\\server.js:8:1561)","timestamp":"2026-06-14T23:20:13.918Z"}
{"level":"error","message":"✘ Failed to rebuild document Failed to parse game.wlk: \n-- PARSING FAILED --------------------------------------------------\n\n  136 |         }\n  137 | \n> 138 |     if ()\n      |         ^\n  139 |         resultado = \"ganaste\"\n  140 |         mostrarResultado = true\n\nExpected:\n\nsentence\n","stack":"Error: Failed to parse game.wlk: \n-- PARSING FAILED --------------------------------------------------\n\n  136 |         }\n  137 | \n> 138 |     if ()\n      |         ^\n  139 |         resultado = \"ganaste\"\n  140 |         mostrarResultado = true\n\nExpected:\n\nsentence\n\n    at c:\\Users\\Estudiante\\.vscode\\extensions\\uqbar.wollok-lsp-ide-0.5.4\\out\\server\\src\\server.js:2353:13026\n    at Array.map (<anonymous>)\n    at U1n (c:\\Users\\Estudiante\\.vscode\\extensions\\uqbar.wollok-lsp-ide-0.5.4\\out\\server\\src\\server.js:2353:12950)\n    at H2.buildEnvironmentFrom (c:\\Users\\Estudiante\\.vscode\\extensions\\uqbar.wollok-lsp-ide-0.5.4\\out\\server\\src\\server.js:2398:5254)\n    at H2.updateEnvironmentWith (c:\\Users\\Estudiante\\.vscode\\extensions\\uqbar.wollok-lsp-ide-0.5.4\\out\\server\\src\\server.js:2398:4989)\n    at GF (c:\\Users\\Estudiante\\.vscode\\extensions\\uqbar.wollok-lsp-ide-0.5.4\\out\\server\\src\\server.js:2398:7383)\n    at V3.invoke (c:\\Users\\Estudiante\\.vscode\\extensions\\uqbar.wollok-lsp-ide-0.5.4\\out\\server\\src\\server.js:3:157328)\n    at o.fire (c:\\Users\\Estudiante\\.vscode\\extensions\\uqbar.wollok-lsp-ide-0.5.4\\out\\server\\src\\server.js:3:158098)\n    at c:\\Users\\Estudiante\\.vscode\\extensions\\uqbar.wollok-lsp-ide-0.5.4\\out\\server\\src\\server.js:37:57871\n    at nd (c:\\Users\\Estudiante\\.vscode\\extensions\\uqbar.wollok-lsp-ide-0.5.4\\out\\server\\src\\server.js:8:1561)","timestamp":"2026-06-14T23:20:14.093Z"}
{"level":"error","message":"✘ Failed to rebuild document Failed to parse game.wlk: \n-- PARSING FAILED --------------------------------------------------\n\n  136 |         }\n  137 | \n> 138 |     if ()\n      |         ^\n  139 |         resultado = \"ganaste\"\n  140 |         mostrarResultado = true\n\nExpected:\n\nsentence\n","stack":"Error: Failed to parse game.wlk: \n-- PARSING FAILED --------------------------------------------------\n\n  136 |         }\n  137 | \n> 138 |     if ()\n      |         ^\n  139 |         resultado = \"ganaste\"\n  140 |         mostrarResultado = true\n\nExpected:\n\nsentence\n\n    at c:\\Users\\Estudiante\\.vscode\\extensions\\uqbar.wollok-lsp-ide-0.5.4\\out\\server\\src\\server.js:2353:13026\n    at Array.map (<anonymous>)\n    at U1n (c:\\Users\\Estudiante\\.vscode\\extensions\\uqbar.wollok-lsp-ide-0.5.4\\out\\server\\src\\server.js:2353:12950)\n    at H2.buildEnvironmentFrom (c:\\Users\\Estudiante\\.vscode\\extensions\\uqbar.wollok-lsp-ide-0.5.4\\out\\server\\src\\server.js:2398:5254)\n    at H2.updateEnvironmentWith (c:\\Users\\Estudiante\\.vscode\\extensions\\uqbar.wollok-lsp-ide-0.5.4\\out\\server\\src\\server.js:2398:4989)\n    at GF (c:\\Users\\Estudiante\\.vscode\\extensions\\uqbar.wollok-lsp-ide-0.5.4\\out\\server\\src\\server.js:2398:7383)\n    at V3.invoke (c:\\Users\\Estudiante\\.vscode\\extensions\\uqbar.wollok-lsp-ide-0.5.4\\out\\server\\src\\server.js:3:157328)\n    at o.fire (c:\\Users\\Estudiante\\.vscode\\extensions\\uqbar.wollok-lsp-ide-0.5.4\\out\\server\\src\\server.js:3:158098)\n    at c:\\Users\\Estudiante\\.vscode\\extensions\\uqbar.wollok-lsp-ide-0.5.4\\out\\server\\src\\server.js:37:57871\n    at nd (c:\\Users\\Estudiante\\.vscode\\extensions\\uqbar.wollok-lsp-ide-0.5.4\\out\\server\\src\\server.js:8:1561)","timestamp":"2026-06-14T23:20:14.354Z"}
{"level":"error","message":"✘ Failed to rebuild document Failed to parse game.wlk: \n-- PARSING FAILED --------------------------------------------------\n\n  136 |         }\n  137 | \n> 138 |     if ()\n      |         ^\n  139 |         resultado = \"ganaste\"\n  140 |         mostrarResultado = true\n\nExpected:\n\nsentence\n","stack":"Error: Failed to parse game.wlk: \n-- PARSING FAILED --------------------------------------------------\n\n  136 |         }\n  137 | \n> 138 |     if ()\n      |         ^\n  139 |         resultado = \"ganaste\"\n  140 |         mostrarResultado = true\n\nExpected:\n\nsentence\n\n    at c:\\Users\\Estudiante\\.vscode\\extensions\\uqbar.wollok-lsp-ide-0.5.4\\out\\server\\src\\server.js:2353:13026\n    at Array.map (<anonymous>)\n    at U1n (c:\\Users\\Estudiante\\.vscode\\extensions\\uqbar.wollok-lsp-ide-0.5.4\\out\\server\\src\\server.js:2353:12950)\n    at H2.buildEnvironmentFrom (c:\\Users\\Estudiante\\.vscode\\extensions\\uqbar.wollok-lsp-ide-0.5.4\\out\\server\\src\\server.js:2398:5254)\n    at H2.updateEnvironmentWith (c:\\Users\\Estudiante\\.vscode\\extensions\\uqbar.wollok-lsp-ide-0.5.4\\out\\server\\src\\server.js:2398:4989)\n    at GF (c:\\Users\\Estudiante\\.vscode\\extensions\\uqbar.wollok-lsp-ide-0.5.4\\out\\server\\src\\server.js:2398:7383)\n    at V3.invoke (c:\\Users\\Estudiante\\.vscode\\extensions\\uqbar.wollok-lsp-ide-0.5.4\\out\\server\\src\\server.js:3:157328)\n    at o.fire (c:\\Users\\Estudiante\\.vscode\\extensions\\uqbar.wollok-lsp-ide-0.5.4\\out\\server\\src\\server.js:3:158098)\n    at c:\\Users\\Estudiante\\.vscode\\extensions\\uqbar.wollok-lsp-ide-0.5.4\\out\\server\\src\\server.js:37:57871\n    at nd (c:\\Users\\Estudiante\\.vscode\\extensions\\uqbar.wollok-lsp-ide-0.5.4\\out\\server\\src\\server.js:8:1561)","timestamp":"2026-06-14T23:20:14.720Z"}
{"level":"error","message":"✘ Failed to rebuild document Failed to parse game.wlk: \n-- PARSING FAILED --------------------------------------------------\n\n  136 |         }\n  137 | \n> 138 |     if ()\n      |         ^\n  139 |         resultado = \"ganaste\"\n  140 |         mostrarResultado = true\n\nExpected:\n\nsentence\n","stack":"Error: Failed to parse game.wlk: \n-- PARSING FAILED --------------------------------------------------\n\n  136 |         }\n  137 | \n> 138 |     if ()\n      |         ^\n  139 |         resultado = \"ganaste\"\n  140 |         mostrarResultado = true\n\nExpected:\n\nsentence\n\n    at c:\\Users\\Estudiante\\.vscode\\extensions\\uqbar.wollok-lsp-ide-0.5.4\\out\\server\\src\\server.js:2353:13026\n    at Array.map (<anonymous>)\n    at U1n (c:\\Users\\Estudiante\\.vscode\\extensions\\uqbar.wollok-lsp-ide-0.5.4\\out\\server\\src\\server.js:2353:12950)\n    at H2.buildEnvironmentFrom (c:\\Users\\Estudiante\\.vscode\\extensions\\uqbar.wollok-lsp-ide-0.5.4\\out\\server\\src\\server.js:2398:5254)\n    at H2.updateEnvironmentWith (c:\\Users\\Estudiante\\.vscode\\extensions\\uqbar.wollok-lsp-ide-0.5.4\\out\\server\\src\\server.js:2398:4989)\n    at GF (c:\\Users\\Estudiante\\.vscode\\extensions\\uqbar.wollok-lsp-ide-0.5.4\\out\\server\\src\\server.js:2398:7383)\n    at V3.invoke (c:\\Users\\Estudiante\\.vscode\\extensions\\uqbar.wollok-lsp-ide-0.5.4\\out\\server\\src\\server.js:3:157328)\n    at o.fire (c:\\Users\\Estudiante\\.vscode\\extensions\\uqbar.wollok-lsp-ide-0.5.4\\out\\server\\src\\server.js:3:158098)\n    at c:\\Users\\Estudiante\\.vscode\\extensions\\uqbar.wollok-lsp-ide-0.5.4\\out\\server\\src\\server.js:37:57871\n    at nd (c:\\Users\\Estudiante\\.vscode\\extensions\\uqbar.wollok-lsp-ide-0.5.4\\out\\server\\src\\server.js:8:1561)","timestamp":"2026-06-14T23:20:15.172Z"}
{"level":"error","message":"✘ Failed to rebuild document Failed to parse game.wlk: \n-- PARSING FAILED --------------------------------------------------\n\n  136 |         }\n  137 | \n> 138 |     if ()\n      |         ^\n  139 |         resultado = \"ganaste\"\n  140 |         mostrarResultado = true\n\nExpected:\n\nsentence\n","stack":"Error: Failed to parse game.wlk: \n-- PARSING FAILED --------------------------------------------------\n\n  136 |         }\n  137 | \n> 138 |     if ()\n      |         ^\n  139 |         resultado = \"ganaste\"\n  140 |         mostrarResultado = true\n\nExpected:\n\nsentence\n\n    at c:\\Users\\Estudiante\\.vscode\\extensions\\uqbar.wollok-lsp-ide-0.5.4\\out\\server\\src\\server.js:2353:13026\n    at Array.map (<anonymous>)\n    at U1n (c:\\Users\\Estudiante\\.vscode\\extensions\\uqbar.wollok-lsp-ide-0.5.4\\out\\server\\src\\server.js:2353:12950)\n    at H2.buildEnvironmentFrom (c:\\Users\\Estudiante\\.vscode\\extensions\\uqbar.wollok-lsp-ide-0.5.4\\out\\server\\src\\server.js:2398:5254)\n    at H2.updateEnvironmentWith (c:\\Users\\Estudiante\\.vscode\\extensions\\uqbar.wollok-lsp-ide-0.5.4\\out\\server\\src\\server.js:2398:4989)\n    at GF (c:\\Users\\Estudiante\\.vscode\\extensions\\uqbar.wollok-lsp-ide-0.5.4\\out\\server\\src\\server.js:2398:7383)\n    at V3.invoke (c:\\Users\\Estudiante\\.vscode\\extensions\\uqbar.wollok-lsp-ide-0.5.4\\out\\server\\src\\server.js:3:157328)\n    at o.fire (c:\\Users\\Estudiante\\.vscode\\extensions\\uqbar.wollok-lsp-ide-0.5.4\\out\\server\\src\\server.js:3:158098)\n    at c:\\Users\\Estudiante\\.vscode\\extensions\\uqbar.wollok-lsp-ide-0.5.4\\out\\server\\src\\server.js:37:57871\n    at nd (c:\\Users\\Estudiante\\.vscode\\extensions\\uqbar.wollok-lsp-ide-0.5.4\\out\\server\\src\\server.js:8:1561)","timestamp":"2026-06-14T23:20:15.526Z"}
{"level":"error","message":"✘ Failed to rebuild document Failed to parse game.wlk: \n-- PARSING FAILED --------------------------------------------------\n\n  136 |         }\n  137 | \n> 138 |     if ()\n      |         ^\n  139 |         resultado = \"ganaste\"\n  140 |         mostrarResultado = true\n\nExpected:\n\nsentence\n","stack":"Error: Failed to parse game.wlk: \n-- PARSING FAILED --------------------------------------------------\n\n  136 |         }\n  137 | \n> 138 |     if ()\n      |         ^\n  139 |         resultado = \"ganaste\"\n  140 |         mostrarResultado = true\n\nExpected:\n\nsentence\n\n    at c:\\Users\\Estudiante\\.vscode\\extensions\\uqbar.wollok-lsp-ide-0.5.4\\out\\server\\src\\server.js:2353:13026\n    at Array.map (<anonymous>)\n    at U1n (c:\\Users\\Estudiante\\.vscode\\extensions\\uqbar.wollok-lsp-ide-0.5.4\\out\\server\\src\\server.js:2353:12950)\n    at H2.buildEnvironmentFrom (c:\\Users\\Estudiante\\.vscode\\extensions\\uqbar.wollok-lsp-ide-0.5.4\\out\\server\\src\\server.js:2398:5254)\n    at H2.updateEnvironmentWith (c:\\Users\\Estudiante\\.vscode\\extensions\\uqbar.wollok-lsp-ide-0.5.4\\out\\server\\src\\server.js:2398:4989)\n    at GF (c:\\Users\\Estudiante\\.vscode\\extensions\\uqbar.wollok-lsp-ide-0.5.4\\out\\server\\src\\server.js:2398:7383)\n    at V3.invoke (c:\\Users\\Estudiante\\.vscode\\extensions\\uqbar.wollok-lsp-ide-0.5.4\\out\\server\\src\\server.js:3:157328)\n    at o.fire (c:\\Users\\Estudiante\\.vscode\\extensions\\uqbar.wollok-lsp-ide-0.5.4\\out\\server\\src\\server.js:3:158098)\n    at c:\\Users\\Estudiante\\.vscode\\extensions\\uqbar.wollok-lsp-ide-0.5.4\\out\\server\\src\\server.js:37:57871\n    at nd (c:\\Users\\Estudiante\\.vscode\\extensions\\uqbar.wollok-lsp-ide-0.5.4\\out\\server\\src\\server.js:8:1561)","timestamp":"2026-06-14T23:20:16.572Z"}
{"level":"error","message":"✘ Failed to rebuild document Failed to parse game.wlk: \n-- PARSING FAILED --------------------------------------------------\n\n  136 |         }\n  137 | \n> 138 |     if ()\n      |         ^\n  139 |         resultado = \"ganaste\"\n  140 |         mostrarResultado = true\n\nExpected:\n\nsentence\n","stack":"Error: Failed to parse game.wlk: \n-- PARSING FAILED --------------------------------------------------\n\n  136 |         }\n  137 | \n> 138 |     if ()\n      |         ^\n  139 |         resultado = \"ganaste\"\n  140 |         mostrarResultado = true\n\nExpected:\n\nsentence\n\n    at c:\\Users\\Estudiante\\.vscode\\extensions\\uqbar.wollok-lsp-ide-0.5.4\\out\\server\\src\\server.js:2353:13026\n    at Array.map (<anonymous>)\n    at U1n (c:\\Users\\Estudiante\\.vscode\\extensions\\uqbar.wollok-lsp-ide-0.5.4\\out\\server\\src\\server.js:2353:12950)\n    at H2.buildEnvironmentFrom (c:\\Users\\Estudiante\\.vscode\\extensions\\uqbar.wollok-lsp-ide-0.5.4\\out\\server\\src\\server.js:2398:5254)\n    at H2.updateEnvironmentWith (c:\\Users\\Estudiante\\.vscode\\extensions\\uqbar.wollok-lsp-ide-0.5.4\\out\\server\\src\\server.js:2398:4989)\n    at GF (c:\\Users\\Estudiante\\.vscode\\extensions\\uqbar.wollok-lsp-ide-0.5.4\\out\\server\\src\\server.js:2398:7383)\n    at V3.invoke (c:\\Users\\Estudiante\\.vscode\\extensions\\uqbar.wollok-lsp-ide-0.5.4\\out\\server\\src\\server.js:3:157328)\n    at o.fire (c:\\Users\\Estudiante\\.vscode\\extensions\\uqbar.wollok-lsp-ide-0.5.4\\out\\server\\src\\server.js:3:158098)\n    at c:\\Users\\Estudiante\\.vscode\\extensions\\uqbar.wollok-lsp-ide-0.5.4\\out\\server\\src\\server.js:37:57871\n    at nd (c:\\Users\\Estudiante\\.vscode\\extensions\\uqbar.wollok-lsp-ide-0.5.4\\out\\server\\src\\server.js:8:1561)","timestamp":"2026-06-14T23:20:20.041Z"}
{"level":"error","message":"✘ Failed to rebuild document Failed to parse game.wlk: \n-- PARSING FAILED --------------------------------------------------\n\n  137 |         }\n  138 | \n> 139 |     if ()\n      |         ^\n  140 |         resultado = \"ganaste\"\n  141 |         mostrarResultado = true\n\nExpected:\n\nsentence\n","stack":"Error: Failed to parse game.wlk: \n-- PARSING FAILED --------------------------------------------------\n\n  137 |         }\n  138 | \n> 139 |     if ()\n      |         ^\n  140 |         resultado = \"ganaste\"\n  141 |         mostrarResultado = true\n\nExpected:\n\nsentence\n\n    at c:\\Users\\Estudiante\\.vscode\\extensions\\uqbar.wollok-lsp-ide-0.5.4\\out\\server\\src\\server.js:2353:13026\n    at Array.map (<anonymous>)\n    at U1n (c:\\Users\\Estudiante\\.vscode\\extensions\\uqbar.wollok-lsp-ide-0.5.4\\out\\server\\src\\server.js:2353:12950)\n    at H2.buildEnvironmentFrom (c:\\Users\\Estudiante\\.vscode\\extensions\\uqbar.wollok-lsp-ide-0.5.4\\out\\server\\src\\server.js:2398:5254)\n    at H2.updateEnvironmentWith (c:\\Users\\Estudiante\\.vscode\\extensions\\uqbar.wollok-lsp-ide-0.5.4\\out\\server\\src\\server.js:2398:4989)\n    at GF (c:\\Users\\Estudiante\\.vscode\\extensions\\uqbar.wollok-lsp-ide-0.5.4\\out\\server\\src\\server.js:2398:7383)\n    at V3.invoke (c:\\Users\\Estudiante\\.vscode\\extensions\\uqbar.wollok-lsp-ide-0.5.4\\out\\server\\src\\server.js:3:157328)\n    at o.fire (c:\\Users\\Estudiante\\.vscode\\extensions\\uqbar.wollok-lsp-ide-0.5.4\\out\\server\\src\\server.js:3:158098)\n    at c:\\Users\\Estudiante\\.vscode\\extensions\\uqbar.wollok-lsp-ide-0.5.4\\out\\server\\src\\server.js:37:57871\n    at nd (c:\\Users\\Estudiante\\.vscode\\extensions\\uqbar.wollok-lsp-ide-0.5.4\\out\\server\\src\\server.js:8:1561)","timestamp":"2026-06-14T23:20:20.878Z"}
{"level":"error","message":"✘ Failed to rebuild document Failed to parse game.wlk: \n-- PARSING FAILED --------------------------------------------------\n\n  137 |         }\n  138 | \n> 139 |     if ()\n      |         ^\n  140 |         resultado = \"ganaste\"\n  141 |         mostrarResultado = true\n\nExpected:\n\nsentence\n","stack":"Error: Failed to parse game.wlk: \n-- PARSING FAILED --------------------------------------------------\n\n  137 |         }\n  138 | \n> 139 |     if ()\n      |         ^\n  140 |         resultado = \"ganaste\"\n  141 |         mostrarResultado = true\n\nExpected:\n\nsentence\n\n    at c:\\Users\\Estudiante\\.vscode\\extensions\\uqbar.wollok-lsp-ide-0.5.4\\out\\server\\src\\server.js:2353:13026\n    at Array.map (<anonymous>)\n    at U1n (c:\\Users\\Estudiante\\.vscode\\extensions\\uqbar.wollok-lsp-ide-0.5.4\\out\\server\\src\\server.js:2353:12950)\n    at H2.buildEnvironmentFrom (c:\\Users\\Estudiante\\.vscode\\extensions\\uqbar.wollok-lsp-ide-0.5.4\\out\\server\\src\\server.js:2398:5254)\n    at H2.updateEnvironmentWith (c:\\Users\\Estudiante\\.vscode\\extensions\\uqbar.wollok-lsp-ide-0.5.4\\out\\server\\src\\server.js:2398:4989)\n    at GF (c:\\Users\\Estudiante\\.vscode\\extensions\\uqbar.wollok-lsp-ide-0.5.4\\out\\server\\src\\server.js:2398:7383)\n    at V3.invoke (c:\\Users\\Estudiante\\.vscode\\extensions\\uqbar.wollok-lsp-ide-0.5.4\\out\\server\\src\\server.js:3:157328)\n    at o.fire (c:\\Users\\Estudiante\\.vscode\\extensions\\uqbar.wollok-lsp-ide-0.5.4\\out\\server\\src\\server.js:3:158098)\n    at c:\\Users\\Estudiante\\.vscode\\extensions\\uqbar.wollok-lsp-ide-0.5.4\\out\\server\\src\\server.js:37:57871\n    at nd (c:\\Users\\Estudiante\\.vscode\\extensions\\uqbar.wollok-lsp-ide-0.5.4\\out\\server\\src\\server.js:8:1561)","timestamp":"2026-06-14T23:20:23.073Z"}
{"level":"error","message":"✘ Failed to rebuild document Failed to parse game.wlk: \n-- PARSING FAILED --------------------------------------------------\n\n  137 |         }\n  138 | \n> 139 |     if ()\n      |         ^\n  140 |         resultado = \"ganaste\"\n  141 |         mostrarResultado = true\n\nExpected:\n\nsentence\n","stack":"Error: Failed to parse game.wlk: \n-- PARSING FAILED --------------------------------------------------\n\n  137 |         }\n  138 | \n> 139 |     if ()\n      |         ^\n  140 |         resultado = \"ganaste\"\n  141 |         mostrarResultado = true\n\nExpected:\n\nsentence\n\n    at c:\\Users\\Estudiante\\.vscode\\extensions\\uqbar.wollok-lsp-ide-0.5.4\\out\\server\\src\\server.js:2353:13026\n    at Array.map (<anonymous>)\n    at U1n (c:\\Users\\Estudiante\\.vscode\\extensions\\uqbar.wollok-lsp-ide-0.5.4\\out\\server\\src\\server.js:2353:12950)\n    at H2.buildEnvironmentFrom (c:\\Users\\Estudiante\\.vscode\\extensions\\uqbar.wollok-lsp-ide-0.5.4\\out\\server\\src\\server.js:2398:5254)\n    at H2.updateEnvironmentWith (c:\\Users\\Estudiante\\.vscode\\extensions\\uqbar.wollok-lsp-ide-0.5.4\\out\\server\\src\\server.js:2398:4989)\n    at GF (c:\\Users\\Estudiante\\.vscode\\extensions\\uqbar.wollok-lsp-ide-0.5.4\\out\\server\\src\\server.js:2398:7383)\n    at V3.invoke (c:\\Users\\Estudiante\\.vscode\\extensions\\uqbar.wollok-lsp-ide-0.5.4\\out\\server\\src\\server.js:3:157328)\n    at o.fire (c:\\Users\\Estudiante\\.vscode\\extensions\\uqbar.wollok-lsp-ide-0.5.4\\out\\server\\src\\server.js:3:158098)\n    at c:\\Users\\Estudiante\\.vscode\\extensions\\uqbar.wollok-lsp-ide-0.5.4\\out\\server\\src\\server.js:37:57871\n    at nd (c:\\Users\\Estudiante\\.vscode\\extensions\\uqbar.wollok-lsp-ide-0.5.4\\out\\server\\src\\server.js:8:1561)","timestamp":"2026-06-14T23:20:23.264Z"}
{"level":"error","message":"✘ Failed to rebuild document Failed to parse game.wlk: \n-- PARSING FAILED --------------------------------------------------\n\n  137 |         }\n  138 | \n> 139 |     if ()\n      |         ^\n  140 |         resultado = \"ganaste\"\n  141 |         mostrarResultado = true\n\nExpected:\n\nsentence\n","stack":"Error: Failed to parse game.wlk: \n-- PARSING FAILED --------------------------------------------------\n\n  137 |         }\n  138 | \n> 139 |     if ()\n      |         ^\n  140 |         resultado = \"ganaste\"\n  141 |         mostrarResultado = true\n\nExpected:\n\nsentence\n\n    at c:\\Users\\Estudiante\\.vscode\\extensions\\uqbar.wollok-lsp-ide-0.5.4\\out\\server\\src\\server.js:2353:13026\n    at Array.map (<anonymous>)\n    at U1n (c:\\Users\\Estudiante\\.vscode\\extensions\\uqbar.wollok-lsp-ide-0.5.4\\out\\server\\src\\server.js:2353:12950)\n    at H2.buildEnvironmentFrom (c:\\Users\\Estudiante\\.vscode\\extensions\\uqbar.wollok-lsp-ide-0.5.4\\out\\server\\src\\server.js:2398:5254)\n    at H2.updateEnvironmentWith (c:\\Users\\Estudiante\\.vscode\\extensions\\uqbar.wollok-lsp-ide-0.5.4\\out\\server\\src\\server.js:2398:4989)\n    at GF (c:\\Users\\Estudiante\\.vscode\\extensions\\uqbar.wollok-lsp-ide-0.5.4\\out\\server\\src\\server.js:2398:7383)\n    at V3.invoke (c:\\Users\\Estudiante\\.vscode\\extensions\\uqbar.wollok-lsp-ide-0.5.4\\out\\server\\src\\server.js:3:157328)\n    at o.fire (c:\\Users\\Estudiante\\.vscode\\extensions\\uqbar.wollok-lsp-ide-0.5.4\\out\\server\\src\\server.js:3:158098)\n    at c:\\Users\\Estudiante\\.vscode\\extensions\\uqbar.wollok-lsp-ide-0.5.4\\out\\server\\src\\server.js:37:57871\n    at nd (c:\\Users\\Estudiante\\.vscode\\extensions\\uqbar.wollok-lsp-ide-0.5.4\\out\\server\\src\\server.js:8:1561)","timestamp":"2026-06-14T23:20:23.392Z"}
{"level":"error","message":"✘ Failed to rebuild document Failed to parse game.wlk: \n-- PARSING FAILED --------------------------------------------------\n\n  137 |         }\n  138 | \n> 139 |     if ()\n      |         ^\n  140 |         resultado = \"ganaste\"\n  141 |         mostrarResultado = true\n\nExpected:\n\nsentence\n","stack":"Error: Failed to parse game.wlk: \n-- PARSING FAILED --------------------------------------------------\n\n  137 |         }\n  138 | \n> 139 |     if ()\n      |         ^\n  140 |         resultado = \"ganaste\"\n  141 |         mostrarResultado = true\n\nExpected:\n\nsentence\n\n    at c:\\Users\\Estudiante\\.vscode\\extensions\\uqbar.wollok-lsp-ide-0.5.4\\out\\server\\src\\server.js:2353:13026\n    at Array.map (<anonymous>)\n    at U1n (c:\\Users\\Estudiante\\.vscode\\extensions\\uqbar.wollok-lsp-ide-0.5.4\\out\\server\\src\\server.js:2353:12950)\n    at H2.buildEnvironmentFrom (c:\\Users\\Estudiante\\.vscode\\extensions\\uqbar.wollok-lsp-ide-0.5.4\\out\\server\\src\\server.js:2398:5254)\n    at H2.updateEnvironmentWith (c:\\Users\\Estudiante\\.vscode\\extensions\\uqbar.wollok-lsp-ide-0.5.4\\out\\server\\src\\server.js:2398:4989)\n    at GF (c:\\Users\\Estudiante\\.vscode\\extensions\\uqbar.wollok-lsp-ide-0.5.4\\out\\server\\src\\server.js:2398:7383)\n    at V3.invoke (c:\\Users\\Estudiante\\.vscode\\extensions\\uqbar.wollok-lsp-ide-0.5.4\\out\\server\\src\\server.js:3:157328)\n    at o.fire (c:\\Users\\Estudiante\\.vscode\\extensions\\uqbar.wollok-lsp-ide-0.5.4\\out\\server\\src\\server.js:3:158098)\n    at c:\\Users\\Estudiante\\.vscode\\extensions\\uqbar.wollok-lsp-ide-0.5.4\\out\\server\\src\\server.js:37:57871\n    at nd (c:\\Users\\Estudiante\\.vscode\\extensions\\uqbar.wollok-lsp-ide-0.5.4\\out\\server\\src\\server.js:8:1561)","timestamp":"2026-06-14T23:20:23.733Z"}
{"level":"error","message":"✘ Failed to rebuild document Failed to parse game.wlk: \n-- PARSING FAILED --------------------------------------------------\n\n  137 |         }\n  138 | \n> 139 |     if ()\n      |         ^\n  140 |         resultado = \"ganaste\"\n  141 |         mostrarResultado = true\n\nExpected:\n\nsentence\n","stack":"Error: Failed to parse game.wlk: \n-- PARSING FAILED --------------------------------------------------\n\n  137 |         }\n  138 | \n> 139 |     if ()\n      |         ^\n  140 |         resultado = \"ganaste\"\n  141 |         mostrarResultado = true\n\nExpected:\n\nsentence\n\n    at c:\\Users\\Estudiante\\.vscode\\extensions\\uqbar.wollok-lsp-ide-0.5.4\\out\\server\\src\\server.js:2353:13026\n    at Array.map (<anonymous>)\n    at U1n (c:\\Users\\Estudiante\\.vscode\\extensions\\uqbar.wollok-lsp-ide-0.5.4\\out\\server\\src\\server.js:2353:12950)\n    at H2.buildEnvironmentFrom (c:\\Users\\Estudiante\\.vscode\\extensions\\uqbar.wollok-lsp-ide-0.5.4\\out\\server\\src\\server.js:2398:5254)\n    at H2.updateEnvironmentWith (c:\\Users\\Estudiante\\.vscode\\extensions\\uqbar.wollok-lsp-ide-0.5.4\\out\\server\\src\\server.js:2398:4989)\n    at GF (c:\\Users\\Estudiante\\.vscode\\extensions\\uqbar.wollok-lsp-ide-0.5.4\\out\\server\\src\\server.js:2398:7383)\n    at V3.invoke (c:\\Users\\Estudiante\\.vscode\\extensions\\uqbar.wollok-lsp-ide-0.5.4\\out\\server\\src\\server.js:3:157328)\n    at o.fire (c:\\Users\\Estudiante\\.vscode\\extensions\\uqbar.wollok-lsp-ide-0.5.4\\out\\server\\src\\server.js:3:158098)\n    at c:\\Users\\Estudiante\\.vscode\\extensions\\uqbar.wollok-lsp-ide-0.5.4\\out\\server\\src\\server.js:37:57871\n    at nd (c:\\Users\\Estudiante\\.vscode\\extensions\\uqbar.wollok-lsp-ide-0.5.4\\out\\server\\src\\server.js:8:1561)","timestamp":"2026-06-14T23:20:24.292Z"}
{"level":"error","message":"✘ Failed to rebuild document Failed to parse game.wlk: \n-- PARSING FAILED --------------------------------------------------\n\n  137 |         }\n  138 | \n> 139 |     if ()\n      |         ^\n  140 |         resultado = \"ganaste\"\n  141 |         mostrarResultado = true\n\nExpected:\n\nsentence\n","stack":"Error: Failed to parse game.wlk: \n-- PARSING FAILED --------------------------------------------------\n\n  137 |         }\n  138 | \n> 139 |     if ()\n      |         ^\n  140 |         resultado = \"ganaste\"\n  141 |         mostrarResultado = true\n\nExpected:\n\nsentence\n\n    at c:\\Users\\Estudiante\\.vscode\\extensions\\uqbar.wollok-lsp-ide-0.5.4\\out\\server\\src\\server.js:2353:13026\n    at Array.map (<anonymous>)\n    at U1n (c:\\Users\\Estudiante\\.vscode\\extensions\\uqbar.wollok-lsp-ide-0.5.4\\out\\server\\src\\server.js:2353:12950)\n    at H2.buildEnvironmentFrom (c:\\Users\\Estudiante\\.vscode\\extensions\\uqbar.wollok-lsp-ide-0.5.4\\out\\server\\src\\server.js:2398:5254)\n    at H2.updateEnvironmentWith (c:\\Users\\Estudiante\\.vscode\\extensions\\uqbar.wollok-lsp-ide-0.5.4\\out\\server\\src\\server.js:2398:4989)\n    at GF (c:\\Users\\Estudiante\\.vscode\\extensions\\uqbar.wollok-lsp-ide-0.5.4\\out\\server\\src\\server.js:2398:7383)\n    at V3.invoke (c:\\Users\\Estudiante\\.vscode\\extensions\\uqbar.wollok-lsp-ide-0.5.4\\out\\server\\src\\server.js:3:157328)\n    at o.fire (c:\\Users\\Estudiante\\.vscode\\extensions\\uqbar.wollok-lsp-ide-0.5.4\\out\\server\\src\\server.js:3:158098)\n    at c:\\Users\\Estudiante\\.vscode\\extensions\\uqbar.wollok-lsp-ide-0.5.4\\out\\server\\src\\server.js:37:57871\n    at nd (c:\\Users\\Estudiante\\.vscode\\extensions\\uqbar.wollok-lsp-ide-0.5.4\\out\\server\\src\\server.js:8:1561)","timestamp":"2026-06-14T23:20:24.618Z"}
{"level":"error","message":"✘ Failed to rebuild document Failed to parse game.wlk: \n-- PARSING FAILED --------------------------------------------------\n\n  137 |         }\n  138 | \n> 139 |     if ()\n      |         ^\n  140 |         resultado = \"ganaste\"\n  141 |         mostrarResultado = true\n\nExpected:\n\nsentence\n","stack":"Error: Failed to parse game.wlk: \n-- PARSING FAILED --------------------------------------------------\n\n  137 |         }\n  138 | \n> 139 |     if ()\n      |         ^\n  140 |         resultado = \"ganaste\"\n  141 |         mostrarResultado = true\n\nExpected:\n\nsentence\n\n    at c:\\Users\\Estudiante\\.vscode\\extensions\\uqbar.wollok-lsp-ide-0.5.4\\out\\server\\src\\server.js:2353:13026\n    at Array.map (<anonymous>)\n    at U1n (c:\\Users\\Estudiante\\.vscode\\extensions\\uqbar.wollok-lsp-ide-0.5.4\\out\\server\\src\\server.js:2353:12950)\n    at H2.buildEnvironmentFrom (c:\\Users\\Estudiante\\.vscode\\extensions\\uqbar.wollok-lsp-ide-0.5.4\\out\\server\\src\\server.js:2398:5254)\n    at H2.updateEnvironmentWith (c:\\Users\\Estudiante\\.vscode\\extensions\\uqbar.wollok-lsp-ide-0.5.4\\out\\server\\src\\server.js:2398:4989)\n    at GF (c:\\Users\\Estudiante\\.vscode\\extensions\\uqbar.wollok-lsp-ide-0.5.4\\out\\server\\src\\server.js:2398:7383)\n    at V3.invoke (c:\\Users\\Estudiante\\.vscode\\extensions\\uqbar.wollok-lsp-ide-0.5.4\\out\\server\\src\\server.js:3:157328)\n    at o.fire (c:\\Users\\Estudiante\\.vscode\\extensions\\uqbar.wollok-lsp-ide-0.5.4\\out\\server\\src\\server.js:3:158098)\n    at c:\\Users\\Estudiante\\.vscode\\extensions\\uqbar.wollok-lsp-ide-0.5.4\\out\\server\\src\\server.js:37:57871\n    at nd (c:\\Users\\Estudiante\\.vscode\\extensions\\uqbar.wollok-lsp-ide-0.5.4\\out\\server\\src\\server.js:8:1561)","timestamp":"2026-06-14T23:20:25.084Z"}
{"level":"error","message":"✘ Failed to rebuild document Failed to parse game.wlk: \n-- PARSING FAILED --------------------------------------------------\n\n  137 |         }\n  138 | \n> 139 |     if ()\n      |         ^\n  140 |         resultado = \"ganaste\"\n  141 |         mostrarResultado = true\n\nExpected:\n\nsentence\n","stack":"Error: Failed to parse game.wlk: \n-- PARSING FAILED --------------------------------------------------\n\n  137 |         }\n  138 | \n> 139 |     if ()\n      |         ^\n  140 |         resultado = \"ganaste\"\n  141 |         mostrarResultado = true\n\nExpected:\n\nsentence\n\n    at c:\\Users\\Estudiante\\.vscode\\extensions\\uqbar.wollok-lsp-ide-0.5.4\\out\\server\\src\\server.js:2353:13026\n    at Array.map (<anonymous>)\n    at U1n (c:\\Users\\Estudiante\\.vscode\\extensions\\uqbar.wollok-lsp-ide-0.5.4\\out\\server\\src\\server.js:2353:12950)\n    at H2.buildEnvironmentFrom (c:\\Users\\Estudiante\\.vscode\\extensions\\uqbar.wollok-lsp-ide-0.5.4\\out\\server\\src\\server.js:2398:5254)\n    at H2.updateEnvironmentWith (c:\\Users\\Estudiante\\.vscode\\extensions\\uqbar.wollok-lsp-ide-0.5.4\\out\\server\\src\\server.js:2398:4989)\n    at GF (c:\\Users\\Estudiante\\.vscode\\extensions\\uqbar.wollok-lsp-ide-0.5.4\\out\\server\\src\\server.js:2398:7383)\n    at V3.invoke (c:\\Users\\Estudiante\\.vscode\\extensions\\uqbar.wollok-lsp-ide-0.5.4\\out\\server\\src\\server.js:3:157328)\n    at o.fire (c:\\Users\\Estudiante\\.vscode\\extensions\\uqbar.wollok-lsp-ide-0.5.4\\out\\server\\src\\server.js:3:158098)\n    at c:\\Users\\Estudiante\\.vscode\\extensions\\uqbar.wollok-lsp-ide-0.5.4\\out\\server\\src\\server.js:37:57871\n    at nd (c:\\Users\\Estudiante\\.vscode\\extensions\\uqbar.wollok-lsp-ide-0.5.4\\out\\server\\src\\server.js:8:1561)","timestamp":"2026-06-14T23:20:29.492Z"}
{"level":"error","message":"✘ Failed to rebuild document Failed to parse game.wlk: \n-- PARSING FAILED --------------------------------------------------\n\n  139 |         }\n  140 | \n> 141 |     if ()\n      |         ^\n  142 |         resultado = \"ganaste\"\n  143 |         mostrarResultado = true\n\nExpected:\n\nsentence\n","stack":"Error: Failed to parse game.wlk: \n-- PARSING FAILED --------------------------------------------------\n\n  139 |         }\n  140 | \n> 141 |     if ()\n      |         ^\n  142 |         resultado = \"ganaste\"\n  143 |         mostrarResultado = true\n\nExpected:\n\nsentence\n\n    at c:\\Users\\Estudiante\\.vscode\\extensions\\uqbar.wollok-lsp-ide-0.5.4\\out\\server\\src\\server.js:2353:13026\n    at Array.map (<anonymous>)\n    at U1n (c:\\Users\\Estudiante\\.vscode\\extensions\\uqbar.wollok-lsp-ide-0.5.4\\out\\server\\src\\server.js:2353:12950)\n    at H2.buildEnvironmentFrom (c:\\Users\\Estudiante\\.vscode\\extensions\\uqbar.wollok-lsp-ide-0.5.4\\out\\server\\src\\server.js:2398:5254)\n    at H2.updateEnvironmentWith (c:\\Users\\Estudiante\\.vscode\\extensions\\uqbar.wollok-lsp-ide-0.5.4\\out\\server\\src\\server.js:2398:4989)\n    at GF (c:\\Users\\Estudiante\\.vscode\\extensions\\uqbar.wollok-lsp-ide-0.5.4\\out\\server\\src\\server.js:2398:7383)\n    at V3.invoke (c:\\Users\\Estudiante\\.vscode\\extensions\\uqbar.wollok-lsp-ide-0.5.4\\out\\server\\src\\server.js:3:157328)\n    at o.fire (c:\\Users\\Estudiante\\.vscode\\extensions\\uqbar.wollok-lsp-ide-0.5.4\\out\\server\\src\\server.js:3:158098)\n    at c:\\Users\\Estudiante\\.vscode\\extensions\\uqbar.wollok-lsp-ide-0.5.4\\out\\server\\src\\server.js:37:57871\n    at nd (c:\\Users\\Estudiante\\.vscode\\extensions\\uqbar.wollok-lsp-ide-0.5.4\\out\\server\\src\\server.js:8:1561)","timestamp":"2026-06-14T23:20:29.848Z"}
{"level":"error","message":"✘ Failed to rebuild document Failed to parse game.wlk: \n-- PARSING FAILED --------------------------------------------------\n\n  139 |         }\n  140 | \n> 141 |     if ()\n      |         ^\n  142 |         resultado = \"ganaste\"\n  143 |         mostrarResultado = true\n\nExpected:\n\nsentence\n","stack":"Error: Failed to parse game.wlk: \n-- PARSING FAILED --------------------------------------------------\n\n  139 |         }\n  140 | \n> 141 |     if ()\n      |         ^\n  142 |         resultado = \"ganaste\"\n  143 |         mostrarResultado = true\n\nExpected:\n\nsentence\n\n    at c:\\Users\\Estudiante\\.vscode\\extensions\\uqbar.wollok-lsp-ide-0.5.4\\out\\server\\src\\server.js:2353:13026\n    at Array.map (<anonymous>)\n    at U1n (c:\\Users\\Estudiante\\.vscode\\extensions\\uqbar.wollok-lsp-ide-0.5.4\\out\\server\\src\\server.js:2353:12950)\n    at H2.buildEnvironmentFrom (c:\\Users\\Estudiante\\.vscode\\extensions\\uqbar.wollok-lsp-ide-0.5.4\\out\\server\\src\\server.js:2398:5254)\n    at H2.updateEnvironmentWith (c:\\Users\\Estudiante\\.vscode\\extensions\\uqbar.wollok-lsp-ide-0.5.4\\out\\server\\src\\server.js:2398:4989)\n    at GF (c:\\Users\\Estudiante\\.vscode\\extensions\\uqbar.wollok-lsp-ide-0.5.4\\out\\server\\src\\server.js:2398:7383)\n    at V3.invoke (c:\\Users\\Estudiante\\.vscode\\extensions\\uqbar.wollok-lsp-ide-0.5.4\\out\\server\\src\\server.js:3:157328)\n    at o.fire (c:\\Users\\Estudiante\\.vscode\\extensions\\uqbar.wollok-lsp-ide-0.5.4\\out\\server\\src\\server.js:3:158098)\n    at c:\\Users\\Estudiante\\.vscode\\extensions\\uqbar.wollok-lsp-ide-0.5.4\\out\\server\\src\\server.js:37:57871\n    at nd (c:\\Users\\Estudiante\\.vscode\\extensions\\uqbar.wollok-lsp-ide-0.5.4\\out\\server\\src\\server.js:8:1561)","timestamp":"2026-06-14T23:20:31.557Z"}
{"level":"error","message":"✘ Failed to rebuild document Failed to parse game.wlk: \n-- PARSING FAILED --------------------------------------------------\n\n  139 |         }\n  140 | \n> 141 |     if ()\n      |         ^\n  142 |         resultado = \"ganaste\"\n  143 |         mostrarResultado = true\n\nExpected:\n\nsentence\n","stack":"Error: Failed to parse game.wlk: \n-- PARSING FAILED --------------------------------------------------\n\n  139 |         }\n  140 | \n> 141 |     if ()\n      |         ^\n  142 |         resultado = \"ganaste\"\n  143 |         mostrarResultado = true\n\nExpected:\n\nsentence\n\n    at c:\\Users\\Estudiante\\.vscode\\extensions\\uqbar.wollok-lsp-ide-0.5.4\\out\\server\\src\\server.js:2353:13026\n    at Array.map (<anonymous>)\n    at U1n (c:\\Users\\Estudiante\\.vscode\\extensions\\uqbar.wollok-lsp-ide-0.5.4\\out\\server\\src\\server.js:2353:12950)\n    at H2.buildEnvironmentFrom (c:\\Users\\Estudiante\\.vscode\\extensions\\uqbar.wollok-lsp-ide-0.5.4\\out\\server\\src\\server.js:2398:5254)\n    at H2.updateEnvironmentWith (c:\\Users\\Estudiante\\.vscode\\extensions\\uqbar.wollok-lsp-ide-0.5.4\\out\\server\\src\\server.js:2398:4989)\n    at GF (c:\\Users\\Estudiante\\.vscode\\extensions\\uqbar.wollok-lsp-ide-0.5.4\\out\\server\\src\\server.js:2398:7383)\n    at V3.invoke (c:\\Users\\Estudiante\\.vscode\\extensions\\uqbar.wollok-lsp-ide-0.5.4\\out\\server\\src\\server.js:3:157328)\n    at o.fire (c:\\Users\\Estudiante\\.vscode\\extensions\\uqbar.wollok-lsp-ide-0.5.4\\out\\server\\src\\server.js:3:158098)\n    at c:\\Users\\Estudiante\\.vscode\\extensions\\uqbar.wollok-lsp-ide-0.5.4\\out\\server\\src\\server.js:37:57871\n    at nd (c:\\Users\\Estudiante\\.vscode\\extensions\\uqbar.wollok-lsp-ide-0.5.4\\out\\server\\src\\server.js:8:1561)","timestamp":"2026-06-14T23:20:31.765Z"}
{"level":"error","message":"✘ Failed to rebuild document Failed to parse game.wlk: \n-- PARSING FAILED --------------------------------------------------\n\n  139 |         }\n  140 | \n> 141 |     if ()\n      |         ^\n  142 |         resultado = \"ganaste\"\n  143 |         mostrarResultado = true\n\nExpected:\n\nsentence\n","stack":"Error: Failed to parse game.wlk: \n-- PARSING FAILED --------------------------------------------------\n\n  139 |         }\n  140 | \n> 141 |     if ()\n      |         ^\n  142 |         resultado = \"ganaste\"\n  143 |         mostrarResultado = true\n\nExpected:\n\nsentence\n\n    at c:\\Users\\Estudiante\\.vscode\\extensions\\uqbar.wollok-lsp-ide-0.5.4\\out\\server\\src\\server.js:2353:13026\n    at Array.map (<anonymous>)\n    at U1n (c:\\Users\\Estudiante\\.vscode\\extensions\\uqbar.wollok-lsp-ide-0.5.4\\out\\server\\src\\server.js:2353:12950)\n    at H2.buildEnvironmentFrom (c:\\Users\\Estudiante\\.vscode\\extensions\\uqbar.wollok-lsp-ide-0.5.4\\out\\server\\src\\server.js:2398:5254)\n    at H2.updateEnvironmentWith (c:\\Users\\Estudiante\\.vscode\\extensions\\uqbar.wollok-lsp-ide-0.5.4\\out\\server\\src\\server.js:2398:4989)\n    at GF (c:\\Users\\Estudiante\\.vscode\\extensions\\uqbar.wollok-lsp-ide-0.5.4\\out\\server\\src\\server.js:2398:7383)\n    at V3.invoke (c:\\Users\\Estudiante\\.vscode\\extensions\\uqbar.wollok-lsp-ide-0.5.4\\out\\server\\src\\server.js:3:157328)\n    at o.fire (c:\\Users\\Estudiante\\.vscode\\extensions\\uqbar.wollok-lsp-ide-0.5.4\\out\\server\\src\\server.js:3:158098)\n    at c:\\Users\\Estudiante\\.vscode\\extensions\\uqbar.wollok-lsp-ide-0.5.4\\out\\server\\src\\server.js:37:57871\n    at nd (c:\\Users\\Estudiante\\.vscode\\extensions\\uqbar.wollok-lsp-ide-0.5.4\\out\\server\\src\\server.js:8:1561)","timestamp":"2026-06-14T23:20:32.055Z"}
{"level":"error","message":"✘ Failed to rebuild document Failed to parse game.wlk: \n-- PARSING FAILED --------------------------------------------------\n\n  139 |         }\n  140 | \n> 141 |     if ()\n      |         ^\n  142 |         resultado = \"ganaste\"\n  143 |         mostrarResultado = true\n\nExpected:\n\nsentence\n","stack":"Error: Failed to parse game.wlk: \n-- PARSING FAILED --------------------------------------------------\n\n  139 |         }\n  140 | \n> 141 |     if ()\n      |         ^\n  142 |         resultado = \"ganaste\"\n  143 |         mostrarResultado = true\n\nExpected:\n\nsentence\n\n    at c:\\Users\\Estudiante\\.vscode\\extensions\\uqbar.wollok-lsp-ide-0.5.4\\out\\server\\src\\server.js:2353:13026\n    at Array.map (<anonymous>)\n    at U1n (c:\\Users\\Estudiante\\.vscode\\extensions\\uqbar.wollok-lsp-ide-0.5.4\\out\\server\\src\\server.js:2353:12950)\n    at H2.buildEnvironmentFrom (c:\\Users\\Estudiante\\.vscode\\extensions\\uqbar.wollok-lsp-ide-0.5.4\\out\\server\\src\\server.js:2398:5254)\n    at H2.updateEnvironmentWith (c:\\Users\\Estudiante\\.vscode\\extensions\\uqbar.wollok-lsp-ide-0.5.4\\out\\server\\src\\server.js:2398:4989)\n    at GF (c:\\Users\\Estudiante\\.vscode\\extensions\\uqbar.wollok-lsp-ide-0.5.4\\out\\server\\src\\server.js:2398:7383)\n    at V3.invoke (c:\\Users\\Estudiante\\.vscode\\extensions\\uqbar.wollok-lsp-ide-0.5.4\\out\\server\\src\\server.js:3:157328)\n    at o.fire (c:\\Users\\Estudiante\\.vscode\\extensions\\uqbar.wollok-lsp-ide-0.5.4\\out\\server\\src\\server.js:3:158098)\n    at c:\\Users\\Estudiante\\.vscode\\extensions\\uqbar.wollok-lsp-ide-0.5.4\\out\\server\\src\\server.js:37:57871\n    at nd (c:\\Users\\Estudiante\\.vscode\\extensions\\uqbar.wollok-lsp-ide-0.5.4\\out\\server\\src\\server.js:8:1561)","timestamp":"2026-06-14T23:20:32.175Z"}
{"level":"error","message":"✘ Failed to rebuild document Failed to parse game.wlk: \n-- PARSING FAILED --------------------------------------------------\n\n  139 |         }\n  140 | \n> 141 |     if ()\n      |         ^\n  142 |         resultado = \"ganaste\"\n  143 |         mostrarResultado = true\n\nExpected:\n\nsentence\n","stack":"Error: Failed to parse game.wlk: \n-- PARSING FAILED --------------------------------------------------\n\n  139 |         }\n  140 | \n> 141 |     if ()\n      |         ^\n  142 |         resultado = \"ganaste\"\n  143 |         mostrarResultado = true\n\nExpected:\n\nsentence\n\n    at c:\\Users\\Estudiante\\.vscode\\extensions\\uqbar.wollok-lsp-ide-0.5.4\\out\\server\\src\\server.js:2353:13026\n    at Array.map (<anonymous>)\n    at U1n (c:\\Users\\Estudiante\\.vscode\\extensions\\uqbar.wollok-lsp-ide-0.5.4\\out\\server\\src\\server.js:2353:12950)\n    at H2.buildEnvironmentFrom (c:\\Users\\Estudiante\\.vscode\\extensions\\uqbar.wollok-lsp-ide-0.5.4\\out\\server\\src\\server.js:2398:5254)\n    at H2.updateEnvironmentWith (c:\\Users\\Estudiante\\.vscode\\extensions\\uqbar.wollok-lsp-ide-0.5.4\\out\\server\\src\\server.js:2398:4989)\n    at GF (c:\\Users\\Estudiante\\.vscode\\extensions\\uqbar.wollok-lsp-ide-0.5.4\\out\\server\\src\\server.js:2398:7383)\n    at V3.invoke (c:\\Users\\Estudiante\\.vscode\\extensions\\uqbar.wollok-lsp-ide-0.5.4\\out\\server\\src\\server.js:3:157328)\n    at o.fire (c:\\Users\\Estudiante\\.vscode\\extensions\\uqbar.wollok-lsp-ide-0.5.4\\out\\server\\src\\server.js:3:158098)\n    at c:\\Users\\Estudiante\\.vscode\\extensions\\uqbar.wollok-lsp-ide-0.5.4\\out\\server\\src\\server.js:37:57871\n    at nd (c:\\Users\\Estudiante\\.vscode\\extensions\\uqbar.wollok-lsp-ide-0.5.4\\out\\server\\src\\server.js:8:1561)","timestamp":"2026-06-14T23:20:32.350Z"}
{"level":"error","message":"✘ Failed to rebuild document Failed to parse game.wlk: \n-- PARSING FAILED --------------------------------------------------\n\n  139 |         }\n  140 | \n> 141 |     if ()\n      |         ^\n  142 |         resultado = \"ganaste\"\n  143 |         mostrarResultado = true\n\nExpected:\n\nsentence\n","stack":"Error: Failed to parse game.wlk: \n-- PARSING FAILED --------------------------------------------------\n\n  139 |         }\n  140 | \n> 141 |     if ()\n      |         ^\n  142 |         resultado = \"ganaste\"\n  143 |         mostrarResultado = true\n\nExpected:\n\nsentence\n\n    at c:\\Users\\Estudiante\\.vscode\\extensions\\uqbar.wollok-lsp-ide-0.5.4\\out\\server\\src\\server.js:2353:13026\n    at Array.map (<anonymous>)\n    at U1n (c:\\Users\\Estudiante\\.vscode\\extensions\\uqbar.wollok-lsp-ide-0.5.4\\out\\server\\src\\server.js:2353:12950)\n    at H2.buildEnvironmentFrom (c:\\Users\\Estudiante\\.vscode\\extensions\\uqbar.wollok-lsp-ide-0.5.4\\out\\server\\src\\server.js:2398:5254)\n    at H2.updateEnvironmentWith (c:\\Users\\Estudiante\\.vscode\\extensions\\uqbar.wollok-lsp-ide-0.5.4\\out\\server\\src\\server.js:2398:4989)\n    at GF (c:\\Users\\Estudiante\\.vscode\\extensions\\uqbar.wollok-lsp-ide-0.5.4\\out\\server\\src\\server.js:2398:7383)\n    at V3.invoke (c:\\Users\\Estudiante\\.vscode\\extensions\\uqbar.wollok-lsp-ide-0.5.4\\out\\server\\src\\server.js:3:157328)\n    at o.fire (c:\\Users\\Estudiante\\.vscode\\extensions\\uqbar.wollok-lsp-ide-0.5.4\\out\\server\\src\\server.js:3:158098)\n    at c:\\Users\\Estudiante\\.vscode\\extensions\\uqbar.wollok-lsp-ide-0.5.4\\out\\server\\src\\server.js:37:57871\n    at nd (c:\\Users\\Estudiante\\.vscode\\extensions\\uqbar.wollok-lsp-ide-0.5.4\\out\\server\\src\\server.js:8:1561)","timestamp":"2026-06-14T23:20:32.619Z"}
{"level":"error","message":"✘ Failed to rebuild document Failed to parse game.wlk: \n-- PARSING FAILED --------------------------------------------------\n\n  139 |         }\n  140 | \n> 141 |     if ()\n      |         ^\n  142 |         resultado = \"ganaste\"\n  143 |         mostrarResultado = true\n\nExpected:\n\nsentence\n","stack":"Error: Failed to parse game.wlk: \n-- PARSING FAILED --------------------------------------------------\n\n  139 |         }\n  140 | \n> 141 |     if ()\n      |         ^\n  142 |         resultado = \"ganaste\"\n  143 |         mostrarResultado = true\n\nExpected:\n\nsentence\n\n    at c:\\Users\\Estudiante\\.vscode\\extensions\\uqbar.wollok-lsp-ide-0.5.4\\out\\server\\src\\server.js:2353:13026\n    at Array.map (<anonymous>)\n    at U1n (c:\\Users\\Estudiante\\.vscode\\extensions\\uqbar.wollok-lsp-ide-0.5.4\\out\\server\\src\\server.js:2353:12950)\n    at H2.buildEnvironmentFrom (c:\\Users\\Estudiante\\.vscode\\extensions\\uqbar.wollok-lsp-ide-0.5.4\\out\\server\\src\\server.js:2398:5254)\n    at H2.updateEnvironmentWith (c:\\Users\\Estudiante\\.vscode\\extensions\\uqbar.wollok-lsp-ide-0.5.4\\out\\server\\src\\server.js:2398:4989)\n    at GF (c:\\Users\\Estudiante\\.vscode\\extensions\\uqbar.wollok-lsp-ide-0.5.4\\out\\server\\src\\server.js:2398:7383)\n    at V3.invoke (c:\\Users\\Estudiante\\.vscode\\extensions\\uqbar.wollok-lsp-ide-0.5.4\\out\\server\\src\\server.js:3:157328)\n    at o.fire (c:\\Users\\Estudiante\\.vscode\\extensions\\uqbar.wollok-lsp-ide-0.5.4\\out\\server\\src\\server.js:3:158098)\n    at c:\\Users\\Estudiante\\.vscode\\extensions\\uqbar.wollok-lsp-ide-0.5.4\\out\\server\\src\\server.js:37:57871\n    at nd (c:\\Users\\Estudiante\\.vscode\\extensions\\uqbar.wollok-lsp-ide-0.5.4\\out\\server\\src\\server.js:8:1561)","timestamp":"2026-06-14T23:20:32.733Z"}
{"level":"error","message":"✘ Failed to rebuild document Failed to parse game.wlk: \n-- PARSING FAILED --------------------------------------------------\n\n  139 |         }\n  140 | \n> 141 |     if ()\n      |         ^\n  142 |         resultado = \"ganaste\"\n  143 |         mostrarResultado = true\n\nExpected:\n\nsentence\n","stack":"Error: Failed to parse game.wlk: \n-- PARSING FAILED --------------------------------------------------\n\n  139 |         }\n  140 | \n> 141 |     if ()\n      |         ^\n  142 |         resultado = \"ganaste\"\n  143 |         mostrarResultado = true\n\nExpected:\n\nsentence\n\n    at c:\\Users\\Estudiante\\.vscode\\extensions\\uqbar.wollok-lsp-ide-0.5.4\\out\\server\\src\\server.js:2353:13026\n    at Array.map (<anonymous>)\n    at U1n (c:\\Users\\Estudiante\\.vscode\\extensions\\uqbar.wollok-lsp-ide-0.5.4\\out\\server\\src\\server.js:2353:12950)\n    at H2.buildEnvironmentFrom (c:\\Users\\Estudiante\\.vscode\\extensions\\uqbar.wollok-lsp-ide-0.5.4\\out\\server\\src\\server.js:2398:5254)\n    at H2.updateEnvironmentWith (c:\\Users\\Estudiante\\.vscode\\extensions\\uqbar.wollok-lsp-ide-0.5.4\\out\\server\\src\\server.js:2398:4989)\n    at GF (c:\\Users\\Estudiante\\.vscode\\extensions\\uqbar.wollok-lsp-ide-0.5.4\\out\\server\\src\\server.js:2398:7383)\n    at V3.invoke (c:\\Users\\Estudiante\\.vscode\\extensions\\uqbar.wollok-lsp-ide-0.5.4\\out\\server\\src\\server.js:3:157328)\n    at o.fire (c:\\Users\\Estudiante\\.vscode\\extensions\\uqbar.wollok-lsp-ide-0.5.4\\out\\server\\src\\server.js:3:158098)\n    at c:\\Users\\Estudiante\\.vscode\\extensions\\uqbar.wollok-lsp-ide-0.5.4\\out\\server\\src\\server.js:37:57871\n    at nd (c:\\Users\\Estudiante\\.vscode\\extensions\\uqbar.wollok-lsp-ide-0.5.4\\out\\server\\src\\server.js:8:1561)","timestamp":"2026-06-14T23:20:40.121Z"}
{"level":"error","message":"✘ Failed to rebuild document Failed to parse game.wlk: \n-- PARSING FAILED --------------------------------------------------\n\n  139 |         }\n  140 | \n> 141 |     if ()\n      |         ^\n  142 |         resultado = \"ganaste\"\n  143 |         mostrarResultado = true\n\nExpected:\n\nsentence\n","stack":"Error: Failed to parse game.wlk: \n-- PARSING FAILED --------------------------------------------------\n\n  139 |         }\n  140 | \n> 141 |     if ()\n      |         ^\n  142 |         resultado = \"ganaste\"\n  143 |         mostrarResultado = true\n\nExpected:\n\nsentence\n\n    at c:\\Users\\Estudiante\\.vscode\\extensions\\uqbar.wollok-lsp-ide-0.5.4\\out\\server\\src\\server.js:2353:13026\n    at Array.map (<anonymous>)\n    at U1n (c:\\Users\\Estudiante\\.vscode\\extensions\\uqbar.wollok-lsp-ide-0.5.4\\out\\server\\src\\server.js:2353:12950)\n    at H2.buildEnvironmentFrom (c:\\Users\\Estudiante\\.vscode\\extensions\\uqbar.wollok-lsp-ide-0.5.4\\out\\server\\src\\server.js:2398:5254)\n    at H2.updateEnvironmentWith (c:\\Users\\Estudiante\\.vscode\\extensions\\uqbar.wollok-lsp-ide-0.5.4\\out\\server\\src\\server.js:2398:4989)\n    at GF (c:\\Users\\Estudiante\\.vscode\\extensions\\uqbar.wollok-lsp-ide-0.5.4\\out\\server\\src\\server.js:2398:7383)\n    at V3.invoke (c:\\Users\\Estudiante\\.vscode\\extensions\\uqbar.wollok-lsp-ide-0.5.4\\out\\server\\src\\server.js:3:157328)\n    at o.fire (c:\\Users\\Estudiante\\.vscode\\extensions\\uqbar.wollok-lsp-ide-0.5.4\\out\\server\\src\\server.js:3:158098)\n    at c:\\Users\\Estudiante\\.vscode\\extensions\\uqbar.wollok-lsp-ide-0.5.4\\out\\server\\src\\server.js:37:57871\n    at nd (c:\\Users\\Estudiante\\.vscode\\extensions\\uqbar.wollok-lsp-ide-0.5.4\\out\\server\\src\\server.js:8:1561)","timestamp":"2026-06-14T23:20:42.430Z"}
{"level":"error","message":"✘ Failed to rebuild document Failed to parse game.wlk: \n-- PARSING FAILED --------------------------------------------------\n\n  141 |         }\n  142 | \n> 143 |     if ()\n      |         ^\n  144 |         resultado = \"ganaste\"\n  145 |         mostrarResultado = true\n\nExpected:\n\nsentence\n","stack":"Error: Failed to parse game.wlk: \n-- PARSING FAILED --------------------------------------------------\n\n  141 |         }\n  142 | \n> 143 |     if ()\n      |         ^\n  144 |         resultado = \"ganaste\"\n  145 |         mostrarResultado = true\n\nExpected:\n\nsentence\n\n    at c:\\Users\\Estudiante\\.vscode\\extensions\\uqbar.wollok-lsp-ide-0.5.4\\out\\server\\src\\server.js:2353:13026\n    at Array.map (<anonymous>)\n    at U1n (c:\\Users\\Estudiante\\.vscode\\extensions\\uqbar.wollok-lsp-ide-0.5.4\\out\\server\\src\\server.js:2353:12950)\n    at H2.buildEnvironmentFrom (c:\\Users\\Estudiante\\.vscode\\extensions\\uqbar.wollok-lsp-ide-0.5.4\\out\\server\\src\\server.js:2398:5254)\n    at H2.updateEnvironmentWith (c:\\Users\\Estudiante\\.vscode\\extensions\\uqbar.wollok-lsp-ide-0.5.4\\out\\server\\src\\server.js:2398:4989)\n    at GF (c:\\Users\\Estudiante\\.vscode\\extensions\\uqbar.wollok-lsp-ide-0.5.4\\out\\server\\src\\server.js:2398:7383)\n    at V3.invoke (c:\\Users\\Estudiante\\.vscode\\extensions\\uqbar.wollok-lsp-ide-0.5.4\\out\\server\\src\\server.js:3:157328)\n    at o.fire (c:\\Users\\Estudiante\\.vscode\\extensions\\uqbar.wollok-lsp-ide-0.5.4\\out\\server\\src\\server.js:3:158098)\n    at c:\\Users\\Estudiante\\.vscode\\extensions\\uqbar.wollok-lsp-ide-0.5.4\\out\\server\\src\\server.js:37:57871\n    at nd (c:\\Users\\Estudiante\\.vscode\\extensions\\uqbar.wollok-lsp-ide-0.5.4\\out\\server\\src\\server.js:8:1561)","timestamp":"2026-06-14T23:20:42.751Z"}
{"level":"error","message":"✘ Failed to rebuild document Failed to parse game.wlk: \n-- PARSING FAILED --------------------------------------------------\n\n  141 |         }\n  142 | \n> 143 |     if ()\n      |         ^\n  144 |         resultado = \"ganaste\"\n  145 |         mostrarResultado = true\n\nExpected:\n\nsentence\n","stack":"Error: Failed to parse game.wlk: \n-- PARSING FAILED --------------------------------------------------\n\n  141 |         }\n  142 | \n> 143 |     if ()\n      |         ^\n  144 |         resultado = \"ganaste\"\n  145 |         mostrarResultado = true\n\nExpected:\n\nsentence\n\n    at c:\\Users\\Estudiante\\.vscode\\extensions\\uqbar.wollok-lsp-ide-0.5.4\\out\\server\\src\\server.js:2353:13026\n    at Array.map (<anonymous>)\n    at U1n (c:\\Users\\Estudiante\\.vscode\\extensions\\uqbar.wollok-lsp-ide-0.5.4\\out\\server\\src\\server.js:2353:12950)\n    at H2.buildEnvironmentFrom (c:\\Users\\Estudiante\\.vscode\\extensions\\uqbar.wollok-lsp-ide-0.5.4\\out\\server\\src\\server.js:2398:5254)\n    at H2.updateEnvironmentWith (c:\\Users\\Estudiante\\.vscode\\extensions\\uqbar.wollok-lsp-ide-0.5.4\\out\\server\\src\\server.js:2398:4989)\n    at GF (c:\\Users\\Estudiante\\.vscode\\extensions\\uqbar.wollok-lsp-ide-0.5.4\\out\\server\\src\\server.js:2398:7383)\n    at V3.invoke (c:\\Users\\Estudiante\\.vscode\\extensions\\uqbar.wollok-lsp-ide-0.5.4\\out\\server\\src\\server.js:3:157328)\n    at o.fire (c:\\Users\\Estudiante\\.vscode\\extensions\\uqbar.wollok-lsp-ide-0.5.4\\out\\server\\src\\server.js:3:158098)\n    at c:\\Users\\Estudiante\\.vscode\\extensions\\uqbar.wollok-lsp-ide-0.5.4\\out\\server\\src\\server.js:37:57871\n    at nd (c:\\Users\\Estudiante\\.vscode\\extensions\\uqbar.wollok-lsp-ide-0.5.4\\out\\server\\src\\server.js:8:1561)","timestamp":"2026-06-14T23:20:44.137Z"}
{"level":"error","message":"✘ Failed to rebuild document Failed to parse game.wlk: \n-- PARSING FAILED --------------------------------------------------\n\n  141 |         }\n  142 | \n> 143 |     if ()\n      |         ^\n  144 |         resultado = \"ganaste\"\n  145 |         mostrarResultado = true\n\nExpected:\n\nsentence\n","stack":"Error: Failed to parse game.wlk: \n-- PARSING FAILED --------------------------------------------------\n\n  141 |         }\n  142 | \n> 143 |     if ()\n      |         ^\n  144 |         resultado = \"ganaste\"\n  145 |         mostrarResultado = true\n\nExpected:\n\nsentence\n\n    at c:\\Users\\Estudiante\\.vscode\\extensions\\uqbar.wollok-lsp-ide-0.5.4\\out\\server\\src\\server.js:2353:13026\n    at Array.map (<anonymous>)\n    at U1n (c:\\Users\\Estudiante\\.vscode\\extensions\\uqbar.wollok-lsp-ide-0.5.4\\out\\server\\src\\server.js:2353:12950)\n    at H2.buildEnvironmentFrom (c:\\Users\\Estudiante\\.vscode\\extensions\\uqbar.wollok-lsp-ide-0.5.4\\out\\server\\src\\server.js:2398:5254)\n    at H2.updateEnvironmentWith (c:\\Users\\Estudiante\\.vscode\\extensions\\uqbar.wollok-lsp-ide-0.5.4\\out\\server\\src\\server.js:2398:4989)\n    at GF (c:\\Users\\Estudiante\\.vscode\\extensions\\uqbar.wollok-lsp-ide-0.5.4\\out\\server\\src\\server.js:2398:7383)\n    at V3.invoke (c:\\Users\\Estudiante\\.vscode\\extensions\\uqbar.wollok-lsp-ide-0.5.4\\out\\server\\src\\server.js:3:157328)\n    at o.fire (c:\\Users\\Estudiante\\.vscode\\extensions\\uqbar.wollok-lsp-ide-0.5.4\\out\\server\\src\\server.js:3:158098)\n    at c:\\Users\\Estudiante\\.vscode\\extensions\\uqbar.wollok-lsp-ide-0.5.4\\out\\server\\src\\server.js:37:57871\n    at nd (c:\\Users\\Estudiante\\.vscode\\extensions\\uqbar.wollok-lsp-ide-0.5.4\\out\\server\\src\\server.js:8:1561)","timestamp":"2026-06-14T23:20:46.190Z"}
{"level":"error","message":"✘ Failed to rebuild document Failed to parse game.wlk: \n-- PARSING FAILED --------------------------------------------------\n\n  142 |         }\n  143 | \n> 144 |     if ()\n      |         ^\n  145 |         resultado = \"ganaste\"\n  146 |         mostrarResultado = true\n\nExpected:\n\nsentence\n","stack":"Error: Failed to parse game.wlk: \n-- PARSING FAILED --------------------------------------------------\n\n  142 |         }\n  143 | \n> 144 |     if ()\n      |         ^\n  145 |         resultado = \"ganaste\"\n  146 |         mostrarResultado = true\n\nExpected:\n\nsentence\n\n    at c:\\Users\\Estudiante\\.vscode\\extensions\\uqbar.wollok-lsp-ide-0.5.4\\out\\server\\src\\server.js:2353:13026\n    at Array.map (<anonymous>)\n    at U1n (c:\\Users\\Estudiante\\.vscode\\extensions\\uqbar.wollok-lsp-ide-0.5.4\\out\\server\\src\\server.js:2353:12950)\n    at H2.buildEnvironmentFrom (c:\\Users\\Estudiante\\.vscode\\extensions\\uqbar.wollok-lsp-ide-0.5.4\\out\\server\\src\\server.js:2398:5254)\n    at H2.updateEnvironmentWith (c:\\Users\\Estudiante\\.vscode\\extensions\\uqbar.wollok-lsp-ide-0.5.4\\out\\server\\src\\server.js:2398:4989)\n    at GF (c:\\Users\\Estudiante\\.vscode\\extensions\\uqbar.wollok-lsp-ide-0.5.4\\out\\server\\src\\server.js:2398:7383)\n    at V3.invoke (c:\\Users\\Estudiante\\.vscode\\extensions\\uqbar.wollok-lsp-ide-0.5.4\\out\\server\\src\\server.js:3:157328)\n    at o.fire (c:\\Users\\Estudiante\\.vscode\\extensions\\uqbar.wollok-lsp-ide-0.5.4\\out\\server\\src\\server.js:3:158098)\n    at c:\\Users\\Estudiante\\.vscode\\extensions\\uqbar.wollok-lsp-ide-0.5.4\\out\\server\\src\\server.js:37:57871\n    at nd (c:\\Users\\Estudiante\\.vscode\\extensions\\uqbar.wollok-lsp-ide-0.5.4\\out\\server\\src\\server.js:8:1561)","timestamp":"2026-06-14T23:20:48.622Z"}
{"level":"error","message":"✘ Failed to rebuild document Failed to parse game.wlk: \n-- PARSING FAILED --------------------------------------------------\n\n  143 |         }\n  144 | \n> 145 |     if ()\n      |         ^\n  146 |         resultado = \"ganaste\"\n  147 |         mostrarResultado = true\n\nExpected:\n\nsentence\n","stack":"Error: Failed to parse game.wlk: \n-- PARSING FAILED --------------------------------------------------\n\n  143 |         }\n  144 | \n> 145 |     if ()\n      |         ^\n  146 |         resultado = \"ganaste\"\n  147 |         mostrarResultado = true\n\nExpected:\n\nsentence\n\n    at c:\\Users\\Estudiante\\.vscode\\extensions\\uqbar.wollok-lsp-ide-0.5.4\\out\\server\\src\\server.js:2353:13026\n    at Array.map (<anonymous>)\n    at U1n (c:\\Users\\Estudiante\\.vscode\\extensions\\uqbar.wollok-lsp-ide-0.5.4\\out\\server\\src\\server.js:2353:12950)\n    at H2.buildEnvironmentFrom (c:\\Users\\Estudiante\\.vscode\\extensions\\uqbar.wollok-lsp-ide-0.5.4\\out\\server\\src\\server.js:2398:5254)\n    at H2.updateEnvironmentWith (c:\\Users\\Estudiante\\.vscode\\extensions\\uqbar.wollok-lsp-ide-0.5.4\\out\\server\\src\\server.js:2398:4989)\n    at GF (c:\\Users\\Estudiante\\.vscode\\extensions\\uqbar.wollok-lsp-ide-0.5.4\\out\\server\\src\\server.js:2398:7383)\n    at V3.invoke (c:\\Users\\Estudiante\\.vscode\\extensions\\uqbar.wollok-lsp-ide-0.5.4\\out\\server\\src\\server.js:3:157328)\n    at o.fire (c:\\Users\\Estudiante\\.vscode\\extensions\\uqbar.wollok-lsp-ide-0.5.4\\out\\server\\src\\server.js:3:158098)\n    at c:\\Users\\Estudiante\\.vscode\\extensions\\uqbar.wollok-lsp-ide-0.5.4\\out\\server\\src\\server.js:37:57871\n    at nd (c:\\Users\\Estudiante\\.vscode\\extensions\\uqbar.wollok-lsp-ide-0.5.4\\out\\server\\src\\server.js:8:1561)","timestamp":"2026-06-14T23:20:49.773Z"}
{"level":"error","message":"✘ Failed to rebuild document Failed to parse game.wlk: \n-- PARSING FAILED --------------------------------------------------\n\n  143 |         }\n  144 | \n> 145 |      if ()\n      |          ^\n  146 |         resultado = \"ganaste\"\n  147 |         mostrarResultado = true\n\nExpected:\n\nsentence\n","stack":"Error: Failed to parse game.wlk: \n-- PARSING FAILED --------------------------------------------------\n\n  143 |         }\n  144 | \n> 145 |      if ()\n      |          ^\n  146 |         resultado = \"ganaste\"\n  147 |         mostrarResultado = true\n\nExpected:\n\nsentence\n\n    at c:\\Users\\Estudiante\\.vscode\\extensions\\uqbar.wollok-lsp-ide-0.5.4\\out\\server\\src\\server.js:2353:13026\n    at Array.map (<anonymous>)\n    at U1n (c:\\Users\\Estudiante\\.vscode\\extensions\\uqbar.wollok-lsp-ide-0.5.4\\out\\server\\src\\server.js:2353:12950)\n    at H2.buildEnvironmentFrom (c:\\Users\\Estudiante\\.vscode\\extensions\\uqbar.wollok-lsp-ide-0.5.4\\out\\server\\src\\server.js:2398:5254)\n    at H2.updateEnvironmentWith (c:\\Users\\Estudiante\\.vscode\\extensions\\uqbar.wollok-lsp-ide-0.5.4\\out\\server\\src\\server.js:2398:4989)\n    at GF (c:\\Users\\Estudiante\\.vscode\\extensions\\uqbar.wollok-lsp-ide-0.5.4\\out\\server\\src\\server.js:2398:7383)\n    at V3.invoke (c:\\Users\\Estudiante\\.vscode\\extensions\\uqbar.wollok-lsp-ide-0.5.4\\out\\server\\src\\server.js:3:157328)\n    at o.fire (c:\\Users\\Estudiante\\.vscode\\extensions\\uqbar.wollok-lsp-ide-0.5.4\\out\\server\\src\\server.js:3:158098)\n    at c:\\Users\\Estudiante\\.vscode\\extensions\\uqbar.wollok-lsp-ide-0.5.4\\out\\server\\src\\server.js:37:57871\n    at nd (c:\\Users\\Estudiante\\.vscode\\extensions\\uqbar.wollok-lsp-ide-0.5.4\\out\\server\\src\\server.js:8:1561)","timestamp":"2026-06-14T23:21:08.515Z"}
{"level":"error","message":"✘ Failed to rebuild document Failed to parse game.wlk: \n-- PARSING FAILED --------------------------------------------------\n\n  143 |         }\n  144 | \n> 145 |       if ()\n      |           ^\n  146 |         resultado = \"ganaste\"\n  147 |         mostrarResultado = true\n\nExpected:\n\nsentence\n","stack":"Error: Failed to parse game.wlk: \n-- PARSING FAILED --------------------------------------------------\n\n  143 |         }\n  144 | \n> 145 |       if ()\n      |           ^\n  146 |         resultado = \"ganaste\"\n  147 |         mostrarResultado = true\n\nExpected:\n\nsentence\n\n    at c:\\Users\\Estudiante\\.vscode\\extensions\\uqbar.wollok-lsp-ide-0.5.4\\out\\server\\src\\server.js:2353:13026\n    at Array.map (<anonymous>)\n    at U1n (c:\\Users\\Estudiante\\.vscode\\extensions\\uqbar.wollok-lsp-ide-0.5.4\\out\\server\\src\\server.js:2353:12950)\n    at H2.buildEnvironmentFrom (c:\\Users\\Estudiante\\.vscode\\extensions\\uqbar.wollok-lsp-ide-0.5.4\\out\\server\\src\\server.js:2398:5254)\n    at H2.updateEnvironmentWith (c:\\Users\\Estudiante\\.vscode\\extensions\\uqbar.wollok-lsp-ide-0.5.4\\out\\server\\src\\server.js:2398:4989)\n    at GF (c:\\Users\\Estudiante\\.vscode\\extensions\\uqbar.wollok-lsp-ide-0.5.4\\out\\server\\src\\server.js:2398:7383)\n    at V3.invoke (c:\\Users\\Estudiante\\.vscode\\extensions\\uqbar.wollok-lsp-ide-0.5.4\\out\\server\\src\\server.js:3:157328)\n    at o.fire (c:\\Users\\Estudiante\\.vscode\\extensions\\uqbar.wollok-lsp-ide-0.5.4\\out\\server\\src\\server.js:3:158098)\n    at c:\\Users\\Estudiante\\.vscode\\extensions\\uqbar.wollok-lsp-ide-0.5.4\\out\\server\\src\\server.js:37:57871\n    at nd (c:\\Users\\Estudiante\\.vscode\\extensions\\uqbar.wollok-lsp-ide-0.5.4\\out\\server\\src\\server.js:8:1561)","timestamp":"2026-06-14T23:21:08.721Z"}
{"level":"error","message":"✘ Failed to rebuild document Failed to parse game.wlk: \n-- PARSING FAILED --------------------------------------------------\n\n  143 |         }\n  144 | \n> 145 |        if ()\n      |            ^\n  146 |         resultado = \"ganaste\"\n  147 |         mostrarResultado = true\n\nExpected:\n\nsentence\n","stack":"Error: Failed to parse game.wlk: \n-- PARSING FAILED --------------------------------------------------\n\n  143 |         }\n  144 | \n> 145 |        if ()\n      |            ^\n  146 |         resultado = \"ganaste\"\n  147 |         mostrarResultado = true\n\nExpected:\n\nsentence\n\n    at c:\\Users\\Estudiante\\.vscode\\extensions\\uqbar.wollok-lsp-ide-0.5.4\\out\\server\\src\\server.js:2353:13026\n    at Array.map (<anonymous>)\n    at U1n (c:\\Users\\Estudiante\\.vscode\\extensions\\uqbar.wollok-lsp-ide-0.5.4\\out\\server\\src\\server.js:2353:12950)\n    at H2.buildEnvironmentFrom (c:\\Users\\Estudiante\\.vscode\\extensions\\uqbar.wollok-lsp-ide-0.5.4\\out\\server\\src\\server.js:2398:5254)\n    at H2.updateEnvironmentWith (c:\\Users\\Estudiante\\.vscode\\extensions\\uqbar.wollok-lsp-ide-0.5.4\\out\\server\\src\\server.js:2398:4989)\n    at GF (c:\\Users\\Estudiante\\.vscode\\extensions\\uqbar.wollok-lsp-ide-0.5.4\\out\\server\\src\\server.js:2398:7383)\n    at V3.invoke (c:\\Users\\Estudiante\\.vscode\\extensions\\uqbar.wollok-lsp-ide-0.5.4\\out\\server\\src\\server.js:3:157328)\n    at o.fire (c:\\Users\\Estudiante\\.vscode\\extensions\\uqbar.wollok-lsp-ide-0.5.4\\out\\server\\src\\server.js:3:158098)\n    at c:\\Users\\Estudiante\\.vscode\\extensions\\uqbar.wollok-lsp-ide-0.5.4\\out\\server\\src\\server.js:37:57871\n    at nd (c:\\Users\\Estudiante\\.vscode\\extensions\\uqbar.wollok-lsp-ide-0.5.4\\out\\server\\src\\server.js:8:1561)","timestamp":"2026-06-14T23:21:08.970Z"}
{"level":"error","message":"✘ Failed to rebuild document Failed to parse game.wlk: \n-- PARSING FAILED --------------------------------------------------\n\n  143 |         }\n  144 | \n> 145 |      if ()\n      |          ^\n  146 |         resultado = \"ganaste\"\n  147 |         mostrarResultado = true\n\nExpected:\n\nsentence\n","stack":"Error: Failed to parse game.wlk: \n-- PARSING FAILED --------------------------------------------------\n\n  143 |         }\n  144 | \n> 145 |      if ()\n      |          ^\n  146 |         resultado = \"ganaste\"\n  147 |         mostrarResultado = true\n\nExpected:\n\nsentence\n\n    at c:\\Users\\Estudiante\\.vscode\\extensions\\uqbar.wollok-lsp-ide-0.5.4\\out\\server\\src\\server.js:2353:13026\n    at Array.map (<anonymous>)\n    at U1n (c:\\Users\\Estudiante\\.vscode\\extensions\\uqbar.wollok-lsp-ide-0.5.4\\out\\server\\src\\server.js:2353:12950)\n    at H2.buildEnvironmentFrom (c:\\Users\\Estudiante\\.vscode\\extensions\\uqbar.wollok-lsp-ide-0.5.4\\out\\server\\src\\server.js:2398:5254)\n    at H2.updateEnvironmentWith (c:\\Users\\Estudiante\\.vscode\\extensions\\uqbar.wollok-lsp-ide-0.5.4\\out\\server\\src\\server.js:2398:4989)\n    at GF (c:\\Users\\Estudiante\\.vscode\\extensions\\uqbar.wollok-lsp-ide-0.5.4\\out\\server\\src\\server.js:2398:7383)\n    at V3.invoke (c:\\Users\\Estudiante\\.vscode\\extensions\\uqbar.wollok-lsp-ide-0.5.4\\out\\server\\src\\server.js:3:157328)\n    at o.fire (c:\\Users\\Estudiante\\.vscode\\extensions\\uqbar.wollok-lsp-ide-0.5.4\\out\\server\\src\\server.js:3:158098)\n    at c:\\Users\\Estudiante\\.vscode\\extensions\\uqbar.wollok-lsp-ide-0.5.4\\out\\server\\src\\server.js:37:57871\n    at nd (c:\\Users\\Estudiante\\.vscode\\extensions\\uqbar.wollok-lsp-ide-0.5.4\\out\\server\\src\\server.js:8:1561)","timestamp":"2026-06-14T23:21:09.673Z"}
{"level":"error","message":"✘ Failed to rebuild document Failed to parse game.wlk: \n-- PARSING FAILED --------------------------------------------------\n\n  143 |         }\n  144 | \n> 145 |  if ()\n      |      ^\n  146 |         resultado = \"ganaste\"\n  147 |         mostrarResultado = true\n\nExpected:\n\nsentence\n","stack":"Error: Failed to parse game.wlk: \n-- PARSING FAILED --------------------------------------------------\n\n  143 |         }\n  144 | \n> 145 |  if ()\n      |      ^\n  146 |         resultado = \"ganaste\"\n  147 |         mostrarResultado = true\n\nExpected:\n\nsentence\n\n    at c:\\Users\\Estudiante\\.vscode\\extensions\\uqbar.wollok-lsp-ide-0.5.4\\out\\server\\src\\server.js:2353:13026\n    at Array.map (<anonymous>)\n    at U1n (c:\\Users\\Estudiante\\.vscode\\extensions\\uqbar.wollok-lsp-ide-0.5.4\\out\\server\\src\\server.js:2353:12950)\n    at H2.buildEnvironmentFrom (c:\\Users\\Estudiante\\.vscode\\extensions\\uqbar.wollok-lsp-ide-0.5.4\\out\\server\\src\\server.js:2398:5254)\n    at H2.updateEnvironmentWith (c:\\Users\\Estudiante\\.vscode\\extensions\\uqbar.wollok-lsp-ide-0.5.4\\out\\server\\src\\server.js:2398:4989)\n    at GF (c:\\Users\\Estudiante\\.vscode\\extensions\\uqbar.wollok-lsp-ide-0.5.4\\out\\server\\src\\server.js:2398:7383)\n    at V3.invoke (c:\\Users\\Estudiante\\.vscode\\extensions\\uqbar.wollok-lsp-ide-0.5.4\\out\\server\\src\\server.js:3:157328)\n    at o.fire (c:\\Users\\Estudiante\\.vscode\\extensions\\uqbar.wollok-lsp-ide-0.5.4\\out\\server\\src\\server.js:3:158098)\n    at c:\\Users\\Estudiante\\.vscode\\extensions\\uqbar.wollok-lsp-ide-0.5.4\\out\\server\\src\\server.js:37:57871\n    at nd (c:\\Users\\Estudiante\\.vscode\\extensions\\uqbar.wollok-lsp-ide-0.5.4\\out\\server\\src\\server.js:8:1561)","timestamp":"2026-06-14T23:21:09.970Z"}
{"level":"error","message":"✘ Failed to rebuild document Failed to parse game.wlk: \n-- PARSING FAILED --------------------------------------------------\n\n  143 |         }\n  144 | \n> 145 |   if ()\n      |       ^\n  146 |         resultado = \"ganaste\"\n  147 |         mostrarResultado = true\n\nExpected:\n\nsentence\n","stack":"Error: Failed to parse game.wlk: \n-- PARSING FAILED --------------------------------------------------\n\n  143 |         }\n  144 | \n> 145 |   if ()\n      |       ^\n  146 |         resultado = \"ganaste\"\n  147 |         mostrarResultado = true\n\nExpected:\n\nsentence\n\n    at c:\\Users\\Estudiante\\.vscode\\extensions\\uqbar.wollok-lsp-ide-0.5.4\\out\\server\\src\\server.js:2353:13026\n    at Array.map (<anonymous>)\n    at U1n (c:\\Users\\Estudiante\\.vscode\\extensions\\uqbar.wollok-lsp-ide-0.5.4\\out\\server\\src\\server.js:2353:12950)\n    at H2.buildEnvironmentFrom (c:\\Users\\Estudiante\\.vscode\\extensions\\uqbar.wollok-lsp-ide-0.5.4\\out\\server\\src\\server.js:2398:5254)\n    at H2.updateEnvironmentWith (c:\\Users\\Estudiante\\.vscode\\extensions\\uqbar.wollok-lsp-ide-0.5.4\\out\\server\\src\\server.js:2398:4989)\n    at GF (c:\\Users\\Estudiante\\.vscode\\extensions\\uqbar.wollok-lsp-ide-0.5.4\\out\\server\\src\\server.js:2398:7383)\n    at V3.invoke (c:\\Users\\Estudiante\\.vscode\\extensions\\uqbar.wollok-lsp-ide-0.5.4\\out\\server\\src\\server.js:3:157328)\n    at o.fire (c:\\Users\\Estudiante\\.vscode\\extensions\\uqbar.wollok-lsp-ide-0.5.4\\out\\server\\src\\server.js:3:158098)\n    at c:\\Users\\Estudiante\\.vscode\\extensions\\uqbar.wollok-lsp-ide-0.5.4\\out\\server\\src\\server.js:37:57871\n    at nd (c:\\Users\\Estudiante\\.vscode\\extensions\\uqbar.wollok-lsp-ide-0.5.4\\out\\server\\src\\server.js:8:1561)","timestamp":"2026-06-14T23:21:10.493Z"}
{"level":"error","message":"✘ Failed to rebuild document Failed to parse game.wlk: \n-- PARSING FAILED --------------------------------------------------\n\n  143 |         }\n  144 | \n> 145 |    if ()\n      |        ^\n  146 |         resultado = \"ganaste\"\n  147 |         mostrarResultado = true\n\nExpected:\n\nsentence\n","stack":"Error: Failed to parse game.wlk: \n-- PARSING FAILED --------------------------------------------------\n\n  143 |         }\n  144 | \n> 145 |    if ()\n      |        ^\n  146 |         resultado = \"ganaste\"\n  147 |         mostrarResultado = true\n\nExpected:\n\nsentence\n\n    at c:\\Users\\Estudiante\\.vscode\\extensions\\uqbar.wollok-lsp-ide-0.5.4\\out\\server\\src\\server.js:2353:13026\n    at Array.map (<anonymous>)\n    at U1n (c:\\Users\\Estudiante\\.vscode\\extensions\\uqbar.wollok-lsp-ide-0.5.4\\out\\server\\src\\server.js:2353:12950)\n    at H2.buildEnvironmentFrom (c:\\Users\\Estudiante\\.vscode\\extensions\\uqbar.wollok-lsp-ide-0.5.4\\out\\server\\src\\server.js:2398:5254)\n    at H2.updateEnvironmentWith (c:\\Users\\Estudiante\\.vscode\\extensions\\uqbar.wollok-lsp-ide-0.5.4\\out\\server\\src\\server.js:2398:4989)\n    at GF (c:\\Users\\Estudiante\\.vscode\\extensions\\uqbar.wollok-lsp-ide-0.5.4\\out\\server\\src\\server.js:2398:7383)\n    at V3.invoke (c:\\Users\\Estudiante\\.vscode\\extensions\\uqbar.wollok-lsp-ide-0.5.4\\out\\server\\src\\server.js:3:157328)\n    at o.fire (c:\\Users\\Estudiante\\.vscode\\extensions\\uqbar.wollok-lsp-ide-0.5.4\\out\\server\\src\\server.js:3:158098)\n    at c:\\Users\\Estudiante\\.vscode\\extensions\\uqbar.wollok-lsp-ide-0.5.4\\out\\server\\src\\server.js:37:57871\n    at nd (c:\\Users\\Estudiante\\.vscode\\extensions\\uqbar.wollok-lsp-ide-0.5.4\\out\\server\\src\\server.js:8:1561)","timestamp":"2026-06-14T23:21:11.229Z"}
{"level":"error","message":"✘ Failed to rebuild document Failed to parse game.wlk: \n-- PARSING FAILED --------------------------------------------------\n\n  164 | \n  165 |     return \"Perdiste\"\n> 166 |     }\n      |     ^\n  167 |     \n  168 |     // reinicia el tablero\n\nExpected one of the following: \n\n'@', 'class', 'const', 'describe', 'mixin', 'object', 'only', 'package', 'program', 'test', 'var', '{', EOF, comment, not \"}\r\n    \r\n    \", whitespace\n","stack":"Error: Failed to parse game.wlk: \n-- PARSING FAILED --------------------------------------------------\n\n  164 | \n  165 |     return \"Perdiste\"\n> 166 |     }\n      |     ^\n  167 |     \n  168 |     // reinicia el tablero\n\nExpected one of the following: \n\n'@', 'class', 'const', 'describe', 'mixin', 'object', 'only', 'package', 'program', 'test', 'var', '{', EOF, comment, not \"}\r\n    \r\n    \", whitespace\n\n    at c:\\Users\\Estudiante\\.vscode\\extensions\\uqbar.wollok-lsp-ide-0.5.4\\out\\server\\src\\server.js:2353:13026\n    at Array.map (<anonymous>)\n    at U1n (c:\\Users\\Estudiante\\.vscode\\extensions\\uqbar.wollok-lsp-ide-0.5.4\\out\\server\\src\\server.js:2353:12950)\n    at H2.buildEnvironmentFrom (c:\\Users\\Estudiante\\.vscode\\extensions\\uqbar.wollok-lsp-ide-0.5.4\\out\\server\\src\\server.js:2398:5254)\n    at H2.updateEnvironmentWith (c:\\Users\\Estudiante\\.vscode\\extensions\\uqbar.wollok-lsp-ide-0.5.4\\out\\server\\src\\server.js:2398:4989)\n    at GF (c:\\Users\\Estudiante\\.vscode\\extensions\\uqbar.wollok-lsp-ide-0.5.4\\out\\server\\src\\server.js:2398:7383)\n    at V3.invoke (c:\\Users\\Estudiante\\.vscode\\extensions\\uqbar.wollok-lsp-ide-0.5.4\\out\\server\\src\\server.js:3:157328)\n    at o.fire (c:\\Users\\Estudiante\\.vscode\\extensions\\uqbar.wollok-lsp-ide-0.5.4\\out\\server\\src\\server.js:3:158098)\n    at c:\\Users\\Estudiante\\.vscode\\extensions\\uqbar.wollok-lsp-ide-0.5.4\\out\\server\\src\\server.js:37:57871\n    at nd (c:\\Users\\Estudiante\\.vscode\\extensions\\uqbar.wollok-lsp-ide-0.5.4\\out\\server\\src\\server.js:8:1561)","timestamp":"2026-06-14T23:21:22.993Z"}
{"level":"error","message":"✘ Failed to rebuild document Failed to parse game.wlk: \n-- PARSING FAILED --------------------------------------------------\n\n  164 | \n  165 |     return \"Perdiste\"\n> 166 |     }\n      |     ^\n  167 |     \n  168 |     // reinicia el tablero\n\nExpected one of the following: \n\n'@', 'class', 'const', 'describe', 'mixin', 'object', 'only', 'package', 'program', 'test', 'var', '{', EOF, comment, not \"}\r\n    \r\n    \", whitespace\n","stack":"Error: Failed to parse game.wlk: \n-- PARSING FAILED --------------------------------------------------\n\n  164 | \n  165 |     return \"Perdiste\"\n> 166 |     }\n      |     ^\n  167 |     \n  168 |     // reinicia el tablero\n\nExpected one of the following: \n\n'@', 'class', 'const', 'describe', 'mixin', 'object', 'only', 'package', 'program', 'test', 'var', '{', EOF, comment, not \"}\r\n    \r\n    \", whitespace\n\n    at c:\\Users\\Estudiante\\.vscode\\extensions\\uqbar.wollok-lsp-ide-0.5.4\\out\\server\\src\\server.js:2353:13026\n    at Array.map (<anonymous>)\n    at U1n (c:\\Users\\Estudiante\\.vscode\\extensions\\uqbar.wollok-lsp-ide-0.5.4\\out\\server\\src\\server.js:2353:12950)\n    at H2.buildEnvironmentFrom (c:\\Users\\Estudiante\\.vscode\\extensions\\uqbar.wollok-lsp-ide-0.5.4\\out\\server\\src\\server.js:2398:5254)\n    at H2.updateEnvironmentWith (c:\\Users\\Estudiante\\.vscode\\extensions\\uqbar.wollok-lsp-ide-0.5.4\\out\\server\\src\\server.js:2398:4989)\n    at GF (c:\\Users\\Estudiante\\.vscode\\extensions\\uqbar.wollok-lsp-ide-0.5.4\\out\\server\\src\\server.js:2398:7383)\n    at V3.invoke (c:\\Users\\Estudiante\\.vscode\\extensions\\uqbar.wollok-lsp-ide-0.5.4\\out\\server\\src\\server.js:3:157328)\n    at o.fire (c:\\Users\\Estudiante\\.vscode\\extensions\\uqbar.wollok-lsp-ide-0.5.4\\out\\server\\src\\server.js:3:158098)\n    at c:\\Users\\Estudiante\\.vscode\\extensions\\uqbar.wollok-lsp-ide-0.5.4\\out\\server\\src\\server.js:37:57871\n    at nd (c:\\Users\\Estudiante\\.vscode\\extensions\\uqbar.wollok-lsp-ide-0.5.4\\out\\server\\src\\server.js:8:1561)","timestamp":"2026-06-14T23:21:23.160Z"}
{"level":"error","message":"✘ Failed to rebuild document Failed to parse game.wlk: \n-- PARSING FAILED --------------------------------------------------\n\n  143 |         }\n  144 | \n> 145 |    if())\n      |       ^\n  146 |         resultado = \"ganaste\"\n  147 |         mostrarResultado = true\n\nExpected:\n\nsentence\n","stack":"Error: Failed to parse game.wlk: \n-- PARSING FAILED --------------------------------------------------\n\n  143 |         }\n  144 | \n> 145 |    if())\n      |       ^\n  146 |         resultado = \"ganaste\"\n  147 |         mostrarResultado = true\n\nExpected:\n\nsentence\n\n    at c:\\Users\\Estudiante\\.vscode\\extensions\\uqbar.wollok-lsp-ide-0.5.4\\out\\server\\src\\server.js:2353:13026\n    at Array.map (<anonymous>)\n    at U1n (c:\\Users\\Estudiante\\.vscode\\extensions\\uqbar.wollok-lsp-ide-0.5.4\\out\\server\\src\\server.js:2353:12950)\n    at H2.buildEnvironmentFrom (c:\\Users\\Estudiante\\.vscode\\extensions\\uqbar.wollok-lsp-ide-0.5.4\\out\\server\\src\\server.js:2398:5254)\n    at H2.updateEnvironmentWith (c:\\Users\\Estudiante\\.vscode\\extensions\\uqbar.wollok-lsp-ide-0.5.4\\out\\server\\src\\server.js:2398:4989)\n    at GF (c:\\Users\\Estudiante\\.vscode\\extensions\\uqbar.wollok-lsp-ide-0.5.4\\out\\server\\src\\server.js:2398:7383)\n    at V3.invoke (c:\\Users\\Estudiante\\.vscode\\extensions\\uqbar.wollok-lsp-ide-0.5.4\\out\\server\\src\\server.js:3:157328)\n    at o.fire (c:\\Users\\Estudiante\\.vscode\\extensions\\uqbar.wollok-lsp-ide-0.5.4\\out\\server\\src\\server.js:3:158098)\n    at c:\\Users\\Estudiante\\.vscode\\extensions\\uqbar.wollok-lsp-ide-0.5.4\\out\\server\\src\\server.js:37:57871\n    at nd (c:\\Users\\Estudiante\\.vscode\\extensions\\uqbar.wollok-lsp-ide-0.5.4\\out\\server\\src\\server.js:8:1561)","timestamp":"2026-06-14T23:21:24.079Z"}
{"level":"error","message":"✘ Failed to rebuild document Failed to parse game.wlk: \n-- PARSING FAILED --------------------------------------------------\n\n  143 |         }\n  144 | \n> 145 |    if(g))\n      |         ^\n  146 |         resultado = \"ganaste\"\n  147 |         mostrarResultado = true\n\nExpected:\n\nsentence\n","stack":"Error: Failed to parse game.wlk: \n-- PARSING FAILED --------------------------------------------------\n\n  143 |         }\n  144 | \n> 145 |    if(g))\n      |         ^\n  146 |         resultado = \"ganaste\"\n  147 |         mostrarResultado = true\n\nExpected:\n\nsentence\n\n    at c:\\Users\\Estudiante\\.vscode\\extensions\\uqbar.wollok-lsp-ide-0.5.4\\out\\server\\src\\server.js:2353:13026\n    at Array.map (<anonymous>)\n    at U1n (c:\\Users\\Estudiante\\.vscode\\extensions\\uqbar.wollok-lsp-ide-0.5.4\\out\\server\\src\\server.js:2353:12950)\n    at H2.buildEnvironmentFrom (c:\\Users\\Estudiante\\.vscode\\extensions\\uqbar.wollok-lsp-ide-0.5.4\\out\\server\\src\\server.js:2398:5254)\n    at H2.updateEnvironmentWith (c:\\Users\\Estudiante\\.vscode\\extensions\\uqbar.wollok-lsp-ide-0.5.4\\out\\server\\src\\server.js:2398:4989)\n    at GF (c:\\Users\\Estudiante\\.vscode\\extensions\\uqbar.wollok-lsp-ide-0.5.4\\out\\server\\src\\server.js:2398:7383)\n    at V3.invoke (c:\\Users\\Estudiante\\.vscode\\extensions\\uqbar.wollok-lsp-ide-0.5.4\\out\\server\\src\\server.js:3:157328)\n    at o.fire (c:\\Users\\Estudiante\\.vscode\\extensions\\uqbar.wollok-lsp-ide-0.5.4\\out\\server\\src\\server.js:3:158098)\n    at c:\\Users\\Estudiante\\.vscode\\extensions\\uqbar.wollok-lsp-ide-0.5.4\\out\\server\\src\\server.js:37:57871\n    at nd (c:\\Users\\Estudiante\\.vscode\\extensions\\uqbar.wollok-lsp-ide-0.5.4\\out\\server\\src\\server.js:8:1561)","timestamp":"2026-06-14T23:21:25.013Z"}
{"level":"error","message":"✘ Failed to rebuild document Failed to parse game.wlk: \n-- PARSING FAILED --------------------------------------------------\n\n  143 |         }\n  144 | \n> 145 |    if(ga))\n      |          ^\n  146 |         resultado = \"ganaste\"\n  147 |         mostrarResultado = true\n\nExpected:\n\nsentence\n","stack":"Error: Failed to parse game.wlk: \n-- PARSING FAILED --------------------------------------------------\n\n  143 |         }\n  144 | \n> 145 |    if(ga))\n      |          ^\n  146 |         resultado = \"ganaste\"\n  147 |         mostrarResultado = true\n\nExpected:\n\nsentence\n\n    at c:\\Users\\Estudiante\\.vscode\\extensions\\uqbar.wollok-lsp-ide-0.5.4\\out\\server\\src\\server.js:2353:13026\n    at Array.map (<anonymous>)\n    at U1n (c:\\Users\\Estudiante\\.vscode\\extensions\\uqbar.wollok-lsp-ide-0.5.4\\out\\server\\src\\server.js:2353:12950)\n    at H2.buildEnvironmentFrom (c:\\Users\\Estudiante\\.vscode\\extensions\\uqbar.wollok-lsp-ide-0.5.4\\out\\server\\src\\server.js:2398:5254)\n    at H2.updateEnvironmentWith (c:\\Users\\Estudiante\\.vscode\\extensions\\uqbar.wollok-lsp-ide-0.5.4\\out\\server\\src\\server.js:2398:4989)\n    at GF (c:\\Users\\Estudiante\\.vscode\\extensions\\uqbar.wollok-lsp-ide-0.5.4\\out\\server\\src\\server.js:2398:7383)\n    at V3.invoke (c:\\Users\\Estudiante\\.vscode\\extensions\\uqbar.wollok-lsp-ide-0.5.4\\out\\server\\src\\server.js:3:157328)\n    at o.fire (c:\\Users\\Estudiante\\.vscode\\extensions\\uqbar.wollok-lsp-ide-0.5.4\\out\\server\\src\\server.js:3:158098)\n    at c:\\Users\\Estudiante\\.vscode\\extensions\\uqbar.wollok-lsp-ide-0.5.4\\out\\server\\src\\server.js:37:57871\n    at nd (c:\\Users\\Estudiante\\.vscode\\extensions\\uqbar.wollok-lsp-ide-0.5.4\\out\\server\\src\\server.js:8:1561)","timestamp":"2026-06-14T23:21:25.171Z"}
{"level":"error","message":"✘ Failed to rebuild document Failed to parse game.wlk: \n-- PARSING FAILED --------------------------------------------------\n\n  143 |         }\n  144 | \n> 145 |    if(gan))\n      |           ^\n  146 |         resultado = \"ganaste\"\n  147 |         mostrarResultado = true\n\nExpected:\n\nsentence\n","stack":"Error: Failed to parse game.wlk: \n-- PARSING FAILED --------------------------------------------------\n\n  143 |         }\n  144 | \n> 145 |    if(gan))\n      |           ^\n  146 |         resultado = \"ganaste\"\n  147 |         mostrarResultado = true\n\nExpected:\n\nsentence\n\n    at c:\\Users\\Estudiante\\.vscode\\extensions\\uqbar.wollok-lsp-ide-0.5.4\\out\\server\\src\\server.js:2353:13026\n    at Array.map (<anonymous>)\n    at U1n (c:\\Users\\Estudiante\\.vscode\\extensions\\uqbar.wollok-lsp-ide-0.5.4\\out\\server\\src\\server.js:2353:12950)\n    at H2.buildEnvironmentFrom (c:\\Users\\Estudiante\\.vscode\\extensions\\uqbar.wollok-lsp-ide-0.5.4\\out\\server\\src\\server.js:2398:5254)\n    at H2.updateEnvironmentWith (c:\\Users\\Estudiante\\.vscode\\extensions\\uqbar.wollok-lsp-ide-0.5.4\\out\\server\\src\\server.js:2398:4989)\n    at GF (c:\\Users\\Estudiante\\.vscode\\extensions\\uqbar.wollok-lsp-ide-0.5.4\\out\\server\\src\\server.js:2398:7383)\n    at V3.invoke (c:\\Users\\Estudiante\\.vscode\\extensions\\uqbar.wollok-lsp-ide-0.5.4\\out\\server\\src\\server.js:3:157328)\n    at o.fire (c:\\Users\\Estudiante\\.vscode\\extensions\\uqbar.wollok-lsp-ide-0.5.4\\out\\server\\src\\server.js:3:158098)\n    at c:\\Users\\Estudiante\\.vscode\\extensions\\uqbar.wollok-lsp-ide-0.5.4\\out\\server\\src\\server.js:37:57871\n    at nd (c:\\Users\\Estudiante\\.vscode\\extensions\\uqbar.wollok-lsp-ide-0.5.4\\out\\server\\src\\server.js:8:1561)","timestamp":"2026-06-14T23:21:25.448Z"}
{"level":"error","message":"✘ Failed to rebuild document Failed to parse game.wlk: \n-- PARSING FAILED --------------------------------------------------\n\n  143 |         }\n  144 | \n> 145 |    if(gano))\n      |            ^\n  146 |         resultado = \"ganaste\"\n  147 |         mostrarResultado = true\n\nExpected:\n\nsentence\n","stack":"Error: Failed to parse game.wlk: \n-- PARSING FAILED --------------------------------------------------\n\n  143 |         }\n  144 | \n> 145 |    if(gano))\n      |            ^\n  146 |         resultado = \"ganaste\"\n  147 |         mostrarResultado = true\n\nExpected:\n\nsentence\n\n    at c:\\Users\\Estudiante\\.vscode\\extensions\\uqbar.wollok-lsp-ide-0.5.4\\out\\server\\src\\server.js:2353:13026\n    at Array.map (<anonymous>)\n    at U1n (c:\\Users\\Estudiante\\.vscode\\extensions\\uqbar.wollok-lsp-ide-0.5.4\\out\\server\\src\\server.js:2353:12950)\n    at H2.buildEnvironmentFrom (c:\\Users\\Estudiante\\.vscode\\extensions\\uqbar.wollok-lsp-ide-0.5.4\\out\\server\\src\\server.js:2398:5254)\n    at H2.updateEnvironmentWith (c:\\Users\\Estudiante\\.vscode\\extensions\\uqbar.wollok-lsp-ide-0.5.4\\out\\server\\src\\server.js:2398:4989)\n    at GF (c:\\Users\\Estudiante\\.vscode\\extensions\\uqbar.wollok-lsp-ide-0.5.4\\out\\server\\src\\server.js:2398:7383)\n    at V3.invoke (c:\\Users\\Estudiante\\.vscode\\extensions\\uqbar.wollok-lsp-ide-0.5.4\\out\\server\\src\\server.js:3:157328)\n    at o.fire (c:\\Users\\Estudiante\\.vscode\\extensions\\uqbar.wollok-lsp-ide-0.5.4\\out\\server\\src\\server.js:3:158098)\n    at c:\\Users\\Estudiante\\.vscode\\extensions\\uqbar.wollok-lsp-ide-0.5.4\\out\\server\\src\\server.js:37:57871\n    at nd (c:\\Users\\Estudiante\\.vscode\\extensions\\uqbar.wollok-lsp-ide-0.5.4\\out\\server\\src\\server.js:8:1561)","timestamp":"2026-06-14T23:21:25.692Z"}
{"level":"error","message":"✘ Failed to rebuild document Failed to parse game.wlk: \n-- PARSING FAILED --------------------------------------------------\n\n  143 |         }\n  144 | \n> 145 |    if(gano()))\n      |              ^\n  146 |         resultado = \"ganaste\"\n  147 |         mostrarResultado = true\n\nExpected:\n\nsentence\n","stack":"Error: Failed to parse game.wlk: \n-- PARSING FAILED --------------------------------------------------\n\n  143 |         }\n  144 | \n> 145 |    if(gano()))\n      |              ^\n  146 |         resultado = \"ganaste\"\n  147 |         mostrarResultado = true\n\nExpected:\n\nsentence\n\n    at c:\\Users\\Estudiante\\.vscode\\extensions\\uqbar.wollok-lsp-ide-0.5.4\\out\\server\\src\\server.js:2353:13026\n    at Array.map (<anonymous>)\n    at U1n (c:\\Users\\Estudiante\\.vscode\\extensions\\uqbar.wollok-lsp-ide-0.5.4\\out\\server\\src\\server.js:2353:12950)\n    at H2.buildEnvironmentFrom (c:\\Users\\Estudiante\\.vscode\\extensions\\uqbar.wollok-lsp-ide-0.5.4\\out\\server\\src\\server.js:2398:5254)\n    at H2.updateEnvironmentWith (c:\\Users\\Estudiante\\.vscode\\extensions\\uqbar.wollok-lsp-ide-0.5.4\\out\\server\\src\\server.js:2398:4989)\n    at GF (c:\\Users\\Estudiante\\.vscode\\extensions\\uqbar.wollok-lsp-ide-0.5.4\\out\\server\\src\\server.js:2398:7383)\n    at V3.invoke (c:\\Users\\Estudiante\\.vscode\\extensions\\uqbar.wollok-lsp-ide-0.5.4\\out\\server\\src\\server.js:3:157328)\n    at o.fire (c:\\Users\\Estudiante\\.vscode\\extensions\\uqbar.wollok-lsp-ide-0.5.4\\out\\server\\src\\server.js:3:158098)\n    at c:\\Users\\Estudiante\\.vscode\\extensions\\uqbar.wollok-lsp-ide-0.5.4\\out\\server\\src\\server.js:37:57871\n    at nd (c:\\Users\\Estudiante\\.vscode\\extensions\\uqbar.wollok-lsp-ide-0.5.4\\out\\server\\src\\server.js:8:1561)","timestamp":"2026-06-14T23:21:27.194Z"}
{"level":"error","message":"✘ Failed to rebuild document Failed to parse game.wlk: \n-- PARSING FAILED --------------------------------------------------\n\n  143 |         }\n  144 | \n> 145 |    if(gano()))\n      |              ^\n  146 |         resultado = \"ganaste\"\n  147 |         mostrarResultado = true\n\nExpected:\n\nsentence\n","stack":"Error: Failed to parse game.wlk: \n-- PARSING FAILED --------------------------------------------------\n\n  143 |         }\n  144 | \n> 145 |    if(gano()))\n      |              ^\n  146 |         resultado = \"ganaste\"\n  147 |         mostrarResultado = true\n\nExpected:\n\nsentence\n\n    at c:\\Users\\Estudiante\\.vscode\\extensions\\uqbar.wollok-lsp-ide-0.5.4\\out\\server\\src\\server.js:2353:13026\n    at Array.map (<anonymous>)\n    at U1n (c:\\Users\\Estudiante\\.vscode\\extensions\\uqbar.wollok-lsp-ide-0.5.4\\out\\server\\src\\server.js:2353:12950)\n    at H2.buildEnvironmentFrom (c:\\Users\\Estudiante\\.vscode\\extensions\\uqbar.wollok-lsp-ide-0.5.4\\out\\server\\src\\server.js:2398:5254)\n    at H2.updateEnvironmentWith (c:\\Users\\Estudiante\\.vscode\\extensions\\uqbar.wollok-lsp-ide-0.5.4\\out\\server\\src\\server.js:2398:4989)\n    at GF (c:\\Users\\Estudiante\\.vscode\\extensions\\uqbar.wollok-lsp-ide-0.5.4\\out\\server\\src\\server.js:2398:7383)\n    at V3.invoke (c:\\Users\\Estudiante\\.vscode\\extensions\\uqbar.wollok-lsp-ide-0.5.4\\out\\server\\src\\server.js:3:157328)\n    at o.fire (c:\\Users\\Estudiante\\.vscode\\extensions\\uqbar.wollok-lsp-ide-0.5.4\\out\\server\\src\\server.js:3:158098)\n    at c:\\Users\\Estudiante\\.vscode\\extensions\\uqbar.wollok-lsp-ide-0.5.4\\out\\server\\src\\server.js:37:57871\n    at nd (c:\\Users\\Estudiante\\.vscode\\extensions\\uqbar.wollok-lsp-ide-0.5.4\\out\\server\\src\\server.js:8:1561)","timestamp":"2026-06-14T23:21:27.434Z"}
{"level":"error","message":"✘ Failed to rebuild document Failed to parse game.wlk: \n-- PARSING FAILED --------------------------------------------------\n\n  143 |         }\n  144 | \n> 145 |    if(gano() ))\n      |               ^\n  146 |         resultado = \"ganaste\"\n  147 |         mostrarResultado = true\n\nExpected:\n\nsentence\n","stack":"Error: Failed to parse game.wlk: \n-- PARSING FAILED --------------------------------------------------\n\n  143 |         }\n  144 | \n> 145 |    if(gano() ))\n      |               ^\n  146 |         resultado = \"ganaste\"\n  147 |         mostrarResultado = true\n\nExpected:\n\nsentence\n\n    at c:\\Users\\Estudiante\\.vscode\\extensions\\uqbar.wollok-lsp-ide-0.5.4\\out\\server\\src\\server.js:2353:13026\n    at Array.map (<anonymous>)\n    at U1n (c:\\Users\\Estudiante\\.vscode\\extensions\\uqbar.wollok-lsp-ide-0.5.4\\out\\server\\src\\server.js:2353:12950)\n    at H2.buildEnvironmentFrom (c:\\Users\\Estudiante\\.vscode\\extensions\\uqbar.wollok-lsp-ide-0.5.4\\out\\server\\src\\server.js:2398:5254)\n    at H2.updateEnvironmentWith (c:\\Users\\Estudiante\\.vscode\\extensions\\uqbar.wollok-lsp-ide-0.5.4\\out\\server\\src\\server.js:2398:4989)\n    at GF (c:\\Users\\Estudiante\\.vscode\\extensions\\uqbar.wollok-lsp-ide-0.5.4\\out\\server\\src\\server.js:2398:7383)\n    at V3.invoke (c:\\Users\\Estudiante\\.vscode\\extensions\\uqbar.wollok-lsp-ide-0.5.4\\out\\server\\src\\server.js:3:157328)\n    at o.fire (c:\\Users\\Estudiante\\.vscode\\extensions\\uqbar.wollok-lsp-ide-0.5.4\\out\\server\\src\\server.js:3:158098)\n    at c:\\Users\\Estudiante\\.vscode\\extensions\\uqbar.wollok-lsp-ide-0.5.4\\out\\server\\src\\server.js:37:57871\n    at nd (c:\\Users\\Estudiante\\.vscode\\extensions\\uqbar.wollok-lsp-ide-0.5.4\\out\\server\\src\\server.js:8:1561)","timestamp":"2026-06-14T23:21:28.617Z"}
{"level":"info","message":"⌛ Building environment","timeElapsed":307,"timestamp":"2026-06-14T23:21:31.197Z"}
{"level":"info","message":"⌛ Validating game.wlk","timeElapsed":224,"timestamp":"2026-06-14T23:21:31.500Z"}
{"level":"info","message":"⌛ Building environment","timeElapsed":246,"timestamp":"2026-06-14T23:21:33.975Z"}
{"level":"info","message":"⌛ Validating game.wlk","timeElapsed":231,"timestamp":"2026-06-14T23:21:34.229Z"}
{"level":"info","message":"⌛ Building environment","timeElapsed":252,"timestamp":"2026-06-14T23:21:41.017Z"}
{"level":"info","message":"⌛ Building environment","timeElapsed":328,"timestamp":"2026-06-14T23:21:41.471Z"}
{"level":"info","message":"⌛ Building environment","timeElapsed":330,"timestamp":"2026-06-14T23:21:41.802Z"}
{"level":"info","message":"⌛ Validating game.wlk","timeElapsed":328,"timestamp":"2026-06-14T23:21:42.147Z"}
{"level":"info","message":"⌛ Building environment","timeElapsed":226,"timestamp":"2026-06-14T23:21:42.374Z"}
{"level":"info","message":"⌛ Validating game.wlk","timeElapsed":280,"timestamp":"2026-06-14T23:21:42.681Z"}
{"level":"info","message":"⌛ Building environment","timeElapsed":398,"timestamp":"2026-06-14T23:21:43.116Z"}
{"level":"info","message":"⌛ Building environment","timeElapsed":318,"timestamp":"2026-06-14T23:21:43.436Z"}
{"level":"info","message":"⌛ Validating game.wlk","timeElapsed":436,"timestamp":"2026-06-14T23:21:43.935Z"}
{"level":"info","message":"⌛ Validating game.wlk","timeElapsed":316,"timestamp":"2026-06-14T23:21:44.252Z"}
{"level":"info","message":"⌛ Building environment","timeElapsed":502,"timestamp":"2026-06-14T23:21:44.766Z"}
{"level":"info","message":"⌛ Validating game.wlk","timeElapsed":213,"timestamp":"2026-06-14T23:21:45.029Z"}
{"level":"info","message":"⌛ Validating game.wlk","timeElapsed":597,"timestamp":"2026-06-14T23:21:45.627Z"}
{"level":"info","message":"⌛ Validating game.wlk","timeElapsed":249,"timestamp":"2026-06-14T23:21:45.884Z"}
{"level":"info","message":"⌛ Building environment","timeElapsed":263,"timestamp":"2026-06-14T23:22:06.924Z"}
{"level":"info","message":"⌛ Validating game.wlk","timeElapsed":270,"timestamp":"2026-06-14T23:22:07.197Z"}
{"level":"info","message":"⌛ Building environment","timeElapsed":367,"timestamp":"2026-06-14T23:22:10.348Z"}
{"level":"info","message":"⌛ Validating game.wlk","timeElapsed":399,"timestamp":"2026-06-14T23:22:11.093Z"}
{"level":"info","message":"⌛ Building environment","timeElapsed":252,"timestamp":"2026-06-14T23:22:41.128Z"}
{"level":"info","message":"⌛ Building environment","timeElapsed":312,"timestamp":"2026-06-14T23:22:41.441Z"}
{"level":"info","message":"⌛ Validating game.wlk","timeElapsed":309,"timestamp":"2026-06-14T23:22:41.753Z"}
{"level":"info","message":"⌛ Building environment","timeElapsed":407,"timestamp":"2026-06-14T23:22:42.162Z"}
{"level":"info","message":"⌛ Building environment","timeElapsed":255,"timestamp":"2026-06-14T23:22:42.423Z"}
{"level":"info","message":"⌛ Validating game.wlk","timeElapsed":350,"timestamp":"2026-06-14T23:22:42.774Z"}
{"level":"info","message":"⌛ Building environment","timeElapsed":219,"timestamp":"2026-06-14T23:22:43.006Z"}
{"level":"info","message":"⌛ Building environment","timeElapsed":192,"timestamp":"2026-06-14T23:22:43.203Z"}
{"level":"info","message":"⌛ Validating game.wlk","timeElapsed":519,"timestamp":"2026-06-14T23:22:43.778Z"}
{"level":"error","message":"✘ Completions for node Send ([147:7, 147:19] - game.wlk) failed: Error: [Send]{a2ba8c} at game.wlk:147 exhausted all cases without a match [Send]{a2ba8c} at game.wlk:147 exhausted all cases without a match","stack":"Error: [Send]{a2ba8c} at game.wlk:147 exhausted all cases without a match\n    at c:\\Users\\Estudiante\\.vscode\\extensions\\uqbar.wollok-lsp-ide-0.5.4\\out\\server\\src\\server.js:38:6142\n    at L2 (c:\\Users\\Estudiante\\.vscode\\extensions\\uqbar.wollok-lsp-ide-0.5.4\\out\\server\\src\\server.js:2389:42)\n    at Jh (c:\\Users\\Estudiante\\.vscode\\extensions\\uqbar.wollok-lsp-ide-0.5.4\\out\\server\\src\\server.js:2389:1092)\n    at M5n (c:\\Users\\Estudiante\\.vscode\\extensions\\uqbar.wollok-lsp-ide-0.5.4\\out\\server\\src\\server.js:2389:1248)\n    at c:\\Users\\Estudiante\\.vscode\\extensions\\uqbar.wollok-lsp-ide-0.5.4\\out\\server\\src\\server.js:38:6131\n    at L2 (c:\\Users\\Estudiante\\.vscode\\extensions\\uqbar.wollok-lsp-ide-0.5.4\\out\\server\\src\\server.js:2389:42)\n    at c:\\Users\\Estudiante\\.vscode\\extensions\\uqbar.wollok-lsp-ide-0.5.4\\out\\server\\src\\server.js:2389:2988\n    at c:\\Users\\Estudiante\\.vscode\\extensions\\uqbar.wollok-lsp-ide-0.5.4\\out\\server\\src\\server.js:2398:8440\n    at c:\\Users\\Estudiante\\.vscode\\extensions\\uqbar.wollok-lsp-ide-0.5.4\\out\\server\\src\\server.js:37:74872\n    at Ke (c:\\Users\\Estudiante\\.vscode\\extensions\\uqbar.wollok-lsp-ide-0.5.4\\out\\server\\src\\server.js:7:8527)","timestamp":"2026-06-14T23:22:43.823Z"}
{"level":"error","message":"✘ Completions for node Send ([147:7, 147:27] - game.wlk) failed: Error: [Send]{c64b67} at game.wlk:147 exhausted all cases without a match [Send]{c64b67} at game.wlk:147 exhausted all cases without a match","stack":"Error: [Send]{c64b67} at game.wlk:147 exhausted all cases without a match\n    at c:\\Users\\Estudiante\\.vscode\\extensions\\uqbar.wollok-lsp-ide-0.5.4\\out\\server\\src\\server.js:38:6142\n    at L2 (c:\\Users\\Estudiante\\.vscode\\extensions\\uqbar.wollok-lsp-ide-0.5.4\\out\\server\\src\\server.js:2389:42)\n    at Jh (c:\\Users\\Estudiante\\.vscode\\extensions\\uqbar.wollok-lsp-ide-0.5.4\\out\\server\\src\\server.js:2389:1092)\n    at L2 (c:\\Users\\Estudiante\\.vscode\\extensions\\uqbar.wollok-lsp-ide-0.5.4\\out\\server\\src\\server.js:2389:544)\n    at Jh (c:\\Users\\Estudiante\\.vscode\\extensions\\uqbar.wollok-lsp-ide-0.5.4\\out\\server\\src\\server.js:2389:1092)\n    at M5n (c:\\Users\\Estudiante\\.vscode\\extensions\\uqbar.wollok-lsp-ide-0.5.4\\out\\server\\src\\server.js:2389:1248)\n    at c:\\Users\\Estudiante\\.vscode\\extensions\\uqbar.wollok-lsp-ide-0.5.4\\out\\server\\src\\server.js:38:6131\n    at L2 (c:\\Users\\Estudiante\\.vscode\\extensions\\uqbar.wollok-lsp-ide-0.5.4\\out\\server\\src\\server.js:2389:42)\n    at c:\\Users\\Estudiante\\.vscode\\extensions\\uqbar.wollok-lsp-ide-0.5.4\\out\\server\\src\\server.js:2389:2988\n    at c:\\Users\\Estudiante\\.vscode\\extensions\\uqbar.wollok-lsp-ide-0.5.4\\out\\server\\src\\server.js:2398:8440","timestamp":"2026-06-14T23:22:43.823Z"}
{"level":"error","message":"✘ Completions for node If ([147:4, 157:6] - game.wlk) failed: Error: [If]{a937d7} at game.wlk:147 exhausted all cases without a match [If]{a937d7} at game.wlk:147 exhausted all cases without a match","stack":"Error: [If]{a937d7} at game.wlk:147 exhausted all cases without a match\n    at c:\\Users\\Estudiante\\.vscode\\extensions\\uqbar.wollok-lsp-ide-0.5.4\\out\\server\\src\\server.js:38:6142\n    at L2 (c:\\Users\\Estudiante\\.vscode\\extensions\\uqbar.wollok-lsp-ide-0.5.4\\out\\server\\src\\server.js:2389:42)\n    at Jh (c:\\Users\\Estudiante\\.vscode\\extensions\\uqbar.wollok-lsp-ide-0.5.4\\out\\server\\src\\server.js:2389:1092)\n    at L2 (c:\\Users\\Estudiante\\.vscode\\extensions\\uqbar.wollok-lsp-ide-0.5.4\\out\\server\\src\\server.js:2389:544)\n    at Jh (c:\\Users\\Estudiante\\.vscode\\extensions\\uqbar.wollok-lsp-ide-0.5.4\\out\\server\\src\\server.js:2389:1092)\n    at L2 (c:\\Users\\Estudiante\\.vscode\\extensions\\uqbar.wollok-lsp-ide-0.5.4\\out\\server\\src\\server.js:2389:544)\n    at Jh (c:\\Users\\Estudiante\\.vscode\\extensions\\uqbar.wollok-lsp-ide-0.5.4\\out\\server\\src\\server.js:2389:1092)\n    at M5n (c:\\Users\\Estudiante\\.vscode\\extensions\\uqbar.wollok-lsp-ide-0.5.4\\out\\server\\src\\server.js:2389:1248)\n    at c:\\Users\\Estudiante\\.vscode\\extensions\\uqbar.wollok-lsp-ide-0.5.4\\out\\server\\src\\server.js:38:6131\n    at L2 (c:\\Users\\Estudiante\\.vscode\\extensions\\uqbar.wollok-lsp-ide-0.5.4\\out\\server\\src\\server.js:2389:42)","timestamp":"2026-06-14T23:22:43.823Z"}
{"level":"info","message":"⌛ Validating game.wlk","timeElapsed":455,"timestamp":"2026-06-14T23:22:44.285Z"}
{"level":"info","message":"⌛ Validating game.wlk","timeElapsed":442,"timestamp":"2026-06-14T23:22:44.729Z"}
{"level":"info","message":"⌛ Validating game.wlk","timeElapsed":318,"timestamp":"2026-06-14T23:22:45.056Z"}
{"level":"info","message":"⌛ Building environment","timeElapsed":234,"timestamp":"2026-06-14T23:22:45.292Z"}
{"level":"info","message":"⌛ Building environment","timeElapsed":458,"timestamp":"2026-06-14T23:22:45.751Z"}
{"level":"info","message":"⌛ Building environment","timeElapsed":338,"timestamp":"2026-06-14T23:22:46.156Z"}
{"level":"info","message":"⌛ Building environment","timeElapsed":258,"timestamp":"2026-06-14T23:22:46.434Z"}
{"level":"info","message":"⌛ Building environment","timeElapsed":598,"timestamp":"2026-06-14T23:22:47.035Z"}
{"level":"info","message":"⌛ Building environment","timeElapsed":331,"timestamp":"2026-06-14T23:22:47.389Z"}
{"level":"info","message":"⌛ Building environment","timeElapsed":1081,"timestamp":"2026-06-14T23:22:48.474Z"}
{"level":"info","message":"⌛ Validating game.wlk","timeElapsed":212,"timestamp":"2026-06-14T23:22:48.721Z"}
{"level":"info","message":"⌛ Validating game.wlk","timeElapsed":285,"timestamp":"2026-06-14T23:22:49.008Z"}
{"level":"info","message":"⌛ Validating game.wlk","timeElapsed":226,"timestamp":"2026-06-14T23:22:49.328Z"}
{"level":"info","message":"⌛ Validating game.wlk","timeElapsed":321,"timestamp":"2026-06-14T23:22:49.650Z"}
{"level":"info","message":"⌛ Validating game.wlk","timeElapsed":298,"timestamp":"2026-06-14T23:22:49.981Z"}
{"level":"info","message":"⌛ Validating game.wlk","timeElapsed":265,"timestamp":"2026-06-14T23:22:50.247Z"}
{"level":"info","message":"⌛ Validating game.wlk","timeElapsed":253,"timestamp":"2026-06-14T23:22:50.589Z"}
{"level":"info","message":"⌛ Building environment","timeElapsed":242,"timestamp":"2026-06-14T23:22:50.844Z"}
{"level":"info","message":"⌛ Validating game.wlk","timeElapsed":301,"timestamp":"2026-06-14T23:22:51.330Z"}
{"level":"info","message":"⌛ Building environment","timeElapsed":240,"timestamp":"2026-06-14T23:22:51.685Z"}
{"level":"info","message":"⌛ Validating game.wlk","timeElapsed":289,"timestamp":"2026-06-14T23:22:52.063Z"}
{"level":"info","message":"⌛ Building environment","timeElapsed":274,"timestamp":"2026-06-14T23:23:18.155Z"}
{"level":"info","message":"⌛ Building environment","timeElapsed":315,"timestamp":"2026-06-14T23:23:18.472Z"}
{"level":"info","message":"⌛ Validating game.wlk","timeElapsed":363,"timestamp":"2026-06-14T23:23:18.886Z"}
{"level":"info","message":"⌛ Building environment","timeElapsed":475,"timestamp":"2026-06-14T23:23:19.439Z"}
{"level":"info","message":"⌛ Building environment","timeElapsed":328,"timestamp":"2026-06-14T23:23:19.776Z"}
{"level":"info","message":"⌛ Validating game.wlk","timeElapsed":370,"timestamp":"2026-06-14T23:23:20.148Z"}
{"level":"info","message":"⌛ Building environment","timeElapsed":321,"timestamp":"2026-06-14T23:23:20.471Z"}
{"level":"info","message":"⌛ Building environment","timeElapsed":312,"timestamp":"2026-06-14T23:23:20.783Z"}
{"level":"info","message":"⌛ Validating game.wlk","timeElapsed":309,"timestamp":"2026-06-14T23:23:21.133Z"}
{"level":"info","message":"⌛ Validating game.wlk","timeElapsed":501,"timestamp":"2026-06-14T23:23:21.686Z"}
{"level":"info","message":"⌛ Building environment","timeElapsed":652,"timestamp":"2026-06-14T23:23:22.339Z"}
{"level":"info","message":"⌛ Validating game.wlk","timeElapsed":558,"timestamp":"2026-06-14T23:23:22.899Z"}
{"level":"info","message":"⌛ Validating game.wlk","timeElapsed":335,"timestamp":"2026-06-14T23:23:23.321Z"}
{"level":"info","message":"⌛ Validating game.wlk","timeElapsed":222,"timestamp":"2026-06-14T23:23:23.586Z"}
{"level":"info","message":"⌛ Building environment","timeElapsed":317,"timestamp":"2026-06-14T23:53:23.500Z"}
{"level":"info","message":"⌛ Validating game.wlk","timeElapsed":294,"timestamp":"2026-06-14T23:53:24.108Z"}
{"level":"info","message":"⌛ Building environment","timeElapsed":292,"timestamp":"2026-06-14T23:53:24.723Z"}
{"level":"info","message":"⌛ Validating game.wlk","timeElapsed":452,"timestamp":"2026-06-14T23:53:25.581Z"}
{"level":"info","message":"⌛ Building environment","timeElapsed":295,"timestamp":"2026-06-14T23:53:26.698Z"}
{"level":"info","message":"⌛ Building environment","timeElapsed":323,"timestamp":"2026-06-14T23:53:28.245Z"}
{"level":"info","message":"⌛ Validating game.wlk","timeElapsed":332,"timestamp":"2026-06-14T23:53:28.594Z"}
{"level":"info","message":"⌛ Validating game.wlk","timeElapsed":252,"timestamp":"2026-06-14T23:53:29.241Z"}
{"level":"info","message":"⌛ Building environment","timeElapsed":428,"timestamp":"2026-06-14T23:55:01.613Z"}
{"level":"info","message":"⌛ Building environment","timeElapsed":326,"timestamp":"2026-06-14T23:55:01.948Z"}
{"level":"info","message":"⌛ Validating game.wlk","timeElapsed":418,"timestamp":"2026-06-14T23:55:02.417Z"}
{"level":"info","message":"⌛ Validating game.wlk","timeElapsed":661,"timestamp":"2026-06-14T23:55:03.178Z"}
{"level":"error","message":"✘ Failed to rebuild document Failed to parse game.wlk: \n-- PARSING FAILED --------------------------------------------------\n\n  200 | \n  201 |     method position() = game.at(13,8)\n> 202 | }\n      | ^\n\nExpected one of the following: \n\n'@', 'class', 'const', 'describe', 'mixin', 'object', 'only', 'package', 'program', 'test', 'var', '{', EOF, comment, not \"}\", whitespace\n","stack":"Error: Failed to parse game.wlk: \n-- PARSING FAILED --------------------------------------------------\n\n  200 | \n  201 |     method position() = game.at(13,8)\n> 202 | }\n      | ^\n\nExpected one of the following: \n\n'@', 'class', 'const', 'describe', 'mixin', 'object', 'only', 'package', 'program', 'test', 'var', '{', EOF, comment, not \"}\", whitespace\n\n    at c:\\Users\\Estudiante\\.vscode\\extensions\\uqbar.wollok-lsp-ide-0.5.4\\out\\server\\src\\server.js:2353:13026\n    at Array.map (<anonymous>)\n    at U1n (c:\\Users\\Estudiante\\.vscode\\extensions\\uqbar.wollok-lsp-ide-0.5.4\\out\\server\\src\\server.js:2353:12950)\n    at H2.buildEnvironmentFrom (c:\\Users\\Estudiante\\.vscode\\extensions\\uqbar.wollok-lsp-ide-0.5.4\\out\\server\\src\\server.js:2398:5254)\n    at H2.updateEnvironmentWith (c:\\Users\\Estudiante\\.vscode\\extensions\\uqbar.wollok-lsp-ide-0.5.4\\out\\server\\src\\server.js:2398:4989)\n    at GF (c:\\Users\\Estudiante\\.vscode\\extensions\\uqbar.wollok-lsp-ide-0.5.4\\out\\server\\src\\server.js:2398:7383)\n    at V3.invoke (c:\\Users\\Estudiante\\.vscode\\extensions\\uqbar.wollok-lsp-ide-0.5.4\\out\\server\\src\\server.js:3:157328)\n    at o.fire (c:\\Users\\Estudiante\\.vscode\\extensions\\uqbar.wollok-lsp-ide-0.5.4\\out\\server\\src\\server.js:3:158098)\n    at c:\\Users\\Estudiante\\.vscode\\extensions\\uqbar.wollok-lsp-ide-0.5.4\\out\\server\\src\\server.js:37:57871\n    at nd (c:\\Users\\Estudiante\\.vscode\\extensions\\uqbar.wollok-lsp-ide-0.5.4\\out\\server\\src\\server.js:8:1561)","timestamp":"2026-06-14T23:55:07.511Z"}
{"level":"info","message":"⌛ Building environment","timeElapsed":310,"timestamp":"2026-06-14T23:55:07.929Z"}
{"level":"info","message":"⌛ Validating game.wlk","timeElapsed":308,"timestamp":"2026-06-14T23:55:08.340Z"}
{"level":"info","message":"⌛ Building environment","timeElapsed":354,"timestamp":"2026-06-14T23:57:27.234Z"}
{"level":"info","message":"⌛ Validating game.wlk","timeElapsed":310,"timestamp":"2026-06-14T23:57:27.793Z"}
{"level":"info","message":"⌛ Building environment","timeElapsed":258,"timestamp":"2026-06-14T23:57:28.913Z"}
{"level":"info","message":"⌛ Validating game.wlk","timeElapsed":307,"timestamp":"2026-06-14T23:57:30.115Z"}
{"level":"error","message":"✘ Failed to get type description: Error: Failed to print, found malformed node Failed to print, found malformed node","node":{"id":"530154f2-6105-4209-844c-82353594f0df","metadata":[],"problems":[{"code":"malformedSentence","sourceMap":{"end":{"column":5,"line":122,"offset":2522},"start":{"column":9,"line":111,"offset":2207}}}],"scope":{"containerScope":{"containerScope":{"containerScope":{"containerScope":{"contributions":{},"includedScopes":[]},"contributions":{},"includedScopes":[{"contributions":{},"includedScopes":[]}]},"contributions":{},"includedScopes":[{"containerScope":{"containerScope":{"containerScope":{"contributions":{},"includedScopes":[]},"contributions":{},"includedScopes":[]},"contributions":{},"includedScopes":[]},"contributions":{},"includedScopes":[]}]},"contributions":{},"includedScopes":[]},"contributions":{},"includedScopes":[]},"sentences":[],"sourceMap":{"end":{"column":6,"line":122,"offset":2523},"start":{"column":51,"line":110,"offset":2196}}},"stack":"Error: Failed to print, found malformed node\n    at c:\\Users\\Estudiante\\.vscode\\extensions\\uqbar.wollok-lsp-ide-0.5.4\\out\\server\\src\\server.js:68:3585\n    at c:\\Users\\Estudiante\\.vscode\\extensions\\uqbar.wollok-lsp-ide-0.5.4\\out\\server\\src\\server.js:68:5370\n    at c:\\Users\\Estudiante\\.vscode\\extensions\\uqbar.wollok-lsp-ide-0.5.4\\out\\server\\src\\server.js:38:6131\n    at c:\\Users\\Estudiante\\.vscode\\extensions\\uqbar.wollok-lsp-ide-0.5.4\\out\\server\\src\\server.js:68:3664\n    at Kbn (c:\\Users\\Estudiante\\.vscode\\extensions\\uqbar.wollok-lsp-ide-0.5.4\\out\\server\\src\\server.js:68:3396)\n    at c:\\Users\\Estudiante\\.vscode\\extensions\\uqbar.wollok-lsp-ide-0.5.4\\out\\server\\src\\server.js:2398:847\n    at c:\\Users\\Estudiante\\.vscode\\extensions\\uqbar.wollok-lsp-ide-0.5.4\\out\\server\\src\\server.js:2398:8440\n    at c:\\Users\\Estudiante\\.vscode\\extensions\\uqbar.wollok-lsp-ide-0.5.4\\out\\server\\src\\server.js:37:74770\n    at Ke (c:\\Users\\Estudiante\\.vscode\\extensions\\uqbar.wollok-lsp-ide-0.5.4\\out\\server\\src\\server.js:7:8527)\n    at Lt (c:\\Users\\Estudiante\\.vscode\\extensions\\uqbar.wollok-lsp-ide-0.5.4\\out\\server\\src\\server.js:7:6189)","timestamp":"2026-06-14T23:57:30.301Z"}
{"level":"info","message":"⌛ Building environment","timeElapsed":270,"timestamp":"2026-06-14T23:57:31.892Z"}
{"level":"info","message":"⌛ Validating game.wlk","timeElapsed":309,"timestamp":"2026-06-14T23:57:32.266Z"}
{"level":"info","message":"⌛ Building environment","timeElapsed":250,"timestamp":"2026-06-14T23:57:34.055Z"}
{"level":"info","message":"⌛ Validating game.wlk","timeElapsed":303,"timestamp":"2026-06-14T23:57:34.529Z"}
{"level":"error","message":"✘ Failed to get type description: Error: Failed to print, found malformed node Failed to print, found malformed node","node":{"id":"5710cc3c-c073-4fa3-a2e1-58debb16219c","metadata":[],"problems":[{"code":"malformedSentence","sourceMap":{"end":{"column":5,"line":122,"offset":2524},"start":{"column":9,"line":111,"offset":2207}}}],"scope":{"containerScope":{"containerScope":{"containerScope":{"containerScope":{"contributions":{},"includedScopes":[]},"contributions":{},"includedScopes":[{"contributions":{},"includedScopes":[]}]},"contributions":{},"includedScopes":[{"containerScope":{"containerScope":{"containerScope":{"contributions":{},"includedScopes":[]},"contributions":{},"includedScopes":[]},"contributions":{},"includedScopes":[]},"contributions":{},"includedScopes":[]}]},"contributions":{},"includedScopes":[]},"contributions":{},"includedScopes":[]},"sentences":[],"sourceMap":{"end":{"column":6,"line":122,"offset":2525},"start":{"column":51,"line":110,"offset":2196}}},"stack":"Error: Failed to print, found malformed node\n    at c:\\Users\\Estudiante\\.vscode\\extensions\\uqbar.wollok-lsp-ide-0.5.4\\out\\server\\src\\server.js:68:3585\n    at c:\\Users\\Estudiante\\.vscode\\extensions\\uqbar.wollok-lsp-ide-0.5.4\\out\\server\\src\\server.js:68:5370\n    at c:\\Users\\Estudiante\\.vscode\\extensions\\uqbar.wollok-lsp-ide-0.5.4\\out\\server\\src\\server.js:38:6131\n    at c:\\Users\\Estudiante\\.vscode\\extensions\\uqbar.wollok-lsp-ide-0.5.4\\out\\server\\src\\server.js:68:3664\n    at Kbn (c:\\Users\\Estudiante\\.vscode\\extensions\\uqbar.wollok-lsp-ide-0.5.4\\out\\server\\src\\server.js:68:3396)\n    at c:\\Users\\Estudiante\\.vscode\\extensions\\uqbar.wollok-lsp-ide-0.5.4\\out\\server\\src\\server.js:2398:847\n    at c:\\Users\\Estudiante\\.vscode\\extensions\\uqbar.wollok-lsp-ide-0.5.4\\out\\server\\src\\server.js:2398:8440\n    at c:\\Users\\Estudiante\\.vscode\\extensions\\uqbar.wollok-lsp-ide-0.5.4\\out\\server\\src\\server.js:37:74770\n    at Ke (c:\\Users\\Estudiante\\.vscode\\extensions\\uqbar.wollok-lsp-ide-0.5.4\\out\\server\\src\\server.js:7:8527)\n    at Lt (c:\\Users\\Estudiante\\.vscode\\extensions\\uqbar.wollok-lsp-ide-0.5.4\\out\\server\\src\\server.js:7:6189)","timestamp":"2026-06-14T23:57:35.222Z"}
{"level":"error","message":"✘ Failed to get type description: Error: Failed to print, found malformed node Failed to print, found malformed node","node":{"id":"5710cc3c-c073-4fa3-a2e1-58debb16219c","metadata":[],"problems":[{"code":"malformedSentence","sourceMap":{"end":{"column":5,"line":122,"offset":2524},"start":{"column":9,"line":111,"offset":2207}}}],"scope":{"containerScope":{"containerScope":{"containerScope":{"containerScope":{"contributions":{},"includedScopes":[]},"contributions":{},"includedScopes":[{"contributions":{},"includedScopes":[]}]},"contributions":{},"includedScopes":[{"containerScope":{"containerScope":{"containerScope":{"contributions":{},"includedScopes":[]},"contributions":{},"includedScopes":[]},"contributions":{},"includedScopes":[]},"contributions":{},"includedScopes":[]}]},"contributions":{},"includedScopes":[]},"contributions":{},"includedScopes":[]},"sentences":[],"sourceMap":{"end":{"column":6,"line":122,"offset":2525},"start":{"column":51,"line":110,"offset":2196}}},"stack":"Error: Failed to print, found malformed node\n    at c:\\Users\\Estudiante\\.vscode\\extensions\\uqbar.wollok-lsp-ide-0.5.4\\out\\server\\src\\server.js:68:3585\n    at c:\\Users\\Estudiante\\.vscode\\extensions\\uqbar.wollok-lsp-ide-0.5.4\\out\\server\\src\\server.js:68:5370\n    at c:\\Users\\Estudiante\\.vscode\\extensions\\uqbar.wollok-lsp-ide-0.5.4\\out\\server\\src\\server.js:38:6131\n    at c:\\Users\\Estudiante\\.vscode\\extensions\\uqbar.wollok-lsp-ide-0.5.4\\out\\server\\src\\server.js:68:3664\n    at Kbn (c:\\Users\\Estudiante\\.vscode\\extensions\\uqbar.wollok-lsp-ide-0.5.4\\out\\server\\src\\server.js:68:3396)\n    at c:\\Users\\Estudiante\\.vscode\\extensions\\uqbar.wollok-lsp-ide-0.5.4\\out\\server\\src\\server.js:2398:847\n    at c:\\Users\\Estudiante\\.vscode\\extensions\\uqbar.wollok-lsp-ide-0.5.4\\out\\server\\src\\server.js:2398:8440\n    at c:\\Users\\Estudiante\\.vscode\\extensions\\uqbar.wollok-lsp-ide-0.5.4\\out\\server\\src\\server.js:37:74770\n    at Ke (c:\\Users\\Estudiante\\.vscode\\extensions\\uqbar.wollok-lsp-ide-0.5.4\\out\\server\\src\\server.js:7:8527)\n    at Lt (c:\\Users\\Estudiante\\.vscode\\extensions\\uqbar.wollok-lsp-ide-0.5.4\\out\\server\\src\\server.js:7:6189)","timestamp":"2026-06-14T23:57:35.599Z"}
{"level":"error","message":"✘ Failed to get type description: Error: Failed to print, found malformed node Failed to print, found malformed node","node":{"id":"5710cc3c-c073-4fa3-a2e1-58debb16219c","metadata":[],"problems":[{"code":"malformedSentence","sourceMap":{"end":{"column":5,"line":122,"offset":2524},"start":{"column":9,"line":111,"offset":2207}}}],"scope":{"containerScope":{"containerScope":{"containerScope":{"containerScope":{"contributions":{},"includedScopes":[]},"contributions":{},"includedScopes":[{"contributions":{},"includedScopes":[]}]},"contributions":{},"includedScopes":[{"containerScope":{"containerScope":{"containerScope":{"contributions":{},"includedScopes":[]},"contributions":{},"includedScopes":[]},"contributions":{},"includedScopes":[]},"contributions":{},"includedScopes":[]}]},"contributions":{},"includedScopes":[]},"contributions":{},"includedScopes":[]},"sentences":[],"sourceMap":{"end":{"column":6,"line":122,"offset":2525},"start":{"column":51,"line":110,"offset":2196}}},"stack":"Error: Failed to print, found malformed node\n    at c:\\Users\\Estudiante\\.vscode\\extensions\\uqbar.wollok-lsp-ide-0.5.4\\out\\server\\src\\server.js:68:3585\n    at c:\\Users\\Estudiante\\.vscode\\extensions\\uqbar.wollok-lsp-ide-0.5.4\\out\\server\\src\\server.js:68:5370\n    at c:\\Users\\Estudiante\\.vscode\\extensions\\uqbar.wollok-lsp-ide-0.5.4\\out\\server\\src\\server.js:38:6131\n    at c:\\Users\\Estudiante\\.vscode\\extensions\\uqbar.wollok-lsp-ide-0.5.4\\out\\server\\src\\server.js:68:3664\n    at Kbn (c:\\Users\\Estudiante\\.vscode\\extensions\\uqbar.wollok-lsp-ide-0.5.4\\out\\server\\src\\server.js:68:3396)\n    at c:\\Users\\Estudiante\\.vscode\\extensions\\uqbar.wollok-lsp-ide-0.5.4\\out\\server\\src\\server.js:2398:847\n    at c:\\Users\\Estudiante\\.vscode\\extensions\\uqbar.wollok-lsp-ide-0.5.4\\out\\server\\src\\server.js:2398:8440\n    at c:\\Users\\Estudiante\\.vscode\\extensions\\uqbar.wollok-lsp-ide-0.5.4\\out\\server\\src\\server.js:37:74770\n    at Ke (c:\\Users\\Estudiante\\.vscode\\extensions\\uqbar.wollok-lsp-ide-0.5.4\\out\\server\\src\\server.js:7:8527)\n    at Lt (c:\\Users\\Estudiante\\.vscode\\extensions\\uqbar.wollok-lsp-ide-0.5.4\\out\\server\\src\\server.js:7:6189)","timestamp":"2026-06-14T23:57:36.270Z"}
{"level":"info","message":"⌛ Building environment","timeElapsed":261,"timestamp":"2026-06-14T23:57:37.182Z"}
{"level":"info","message":"⌛ Validating game.wlk","timeElapsed":293,"timestamp":"2026-06-14T23:57:37.760Z"}
{"level":"error","message":"✘ Failed to rebuild document Failed to parse game.wlk: \n-- PARSING FAILED --------------------------------------------------\n\n  145 |         }\n  146 | \n> 147 |    if( gano(jugadaJugador,) == true ) {\n      |                           ^\n  148 |         resultado = \"ganaste\"\n  149 |         mostrarResultado = true\n\nExpected:\n\nsentence\n","stack":"Error: Failed to parse game.wlk: \n-- PARSING FAILED --------------------------------------------------\n\n  145 |         }\n  146 | \n> 147 |    if( gano(jugadaJugador,) == true ) {\n      |                           ^\n  148 |         resultado = \"ganaste\"\n  149 |         mostrarResultado = true\n\nExpected:\n\nsentence\n\n    at c:\\Users\\Estudiante\\.vscode\\extensions\\uqbar.wollok-lsp-ide-0.5.4\\out\\server\\src\\server.js:2353:13026\n    at Array.map (<anonymous>)\n    at U1n (c:\\Users\\Estudiante\\.vscode\\extensions\\uqbar.wollok-lsp-ide-0.5.4\\out\\server\\src\\server.js:2353:12950)\n    at H2.buildEnvironmentFrom (c:\\Users\\Estudiante\\.vscode\\extensions\\uqbar.wollok-lsp-ide-0.5.4\\out\\server\\src\\server.js:2398:5254)\n    at H2.updateEnvironmentWith (c:\\Users\\Estudiante\\.vscode\\extensions\\uqbar.wollok-lsp-ide-0.5.4\\out\\server\\src\\server.js:2398:4989)\n    at GF (c:\\Users\\Estudiante\\.vscode\\extensions\\uqbar.wollok-lsp-ide-0.5.4\\out\\server\\src\\server.js:2398:7383)\n    at V3.invoke (c:\\Users\\Estudiante\\.vscode\\extensions\\uqbar.wollok-lsp-ide-0.5.4\\out\\server\\src\\server.js:3:157328)\n    at o.fire (c:\\Users\\Estudiante\\.vscode\\extensions\\uqbar.wollok-lsp-ide-0.5.4\\out\\server\\src\\server.js:3:158098)\n    at c:\\Users\\Estudiante\\.vscode\\extensions\\uqbar.wollok-lsp-ide-0.5.4\\out\\server\\src\\server.js:37:57871\n    at nd (c:\\Users\\Estudiante\\.vscode\\extensions\\uqbar.wollok-lsp-ide-0.5.4\\out\\server\\src\\server.js:8:1561)","timestamp":"2026-06-14T23:58:20.135Z"}
{"level":"error","message":"✘ Failed to rebuild document Failed to parse game.wlk: \n-- PARSING FAILED --------------------------------------------------\n\n  145 |         }\n  146 | \n> 147 |    if( gano(jugadaJugador, ) == true ) {\n      |                            ^\n  148 |         resultado = \"ganaste\"\n  149 |         mostrarResultado = true\n\nExpected:\n\nsentence\n","stack":"Error: Failed to parse game.wlk: \n-- PARSING FAILED --------------------------------------------------\n\n  145 |         }\n  146 | \n> 147 |    if( gano(jugadaJugador, ) == true ) {\n      |                            ^\n  148 |         resultado = \"ganaste\"\n  149 |         mostrarResultado = true\n\nExpected:\n\nsentence\n\n    at c:\\Users\\Estudiante\\.vscode\\extensions\\uqbar.wollok-lsp-ide-0.5.4\\out\\server\\src\\server.js:2353:13026\n    at Array.map (<anonymous>)\n    at U1n (c:\\Users\\Estudiante\\.vscode\\extensions\\uqbar.wollok-lsp-ide-0.5.4\\out\\server\\src\\server.js:2353:12950)\n    at H2.buildEnvironmentFrom (c:\\Users\\Estudiante\\.vscode\\extensions\\uqbar.wollok-lsp-ide-0.5.4\\out\\server\\src\\server.js:2398:5254)\n    at H2.updateEnvironmentWith (c:\\Users\\Estudiante\\.vscode\\extensions\\uqbar.wollok-lsp-ide-0.5.4\\out\\server\\src\\server.js:2398:4989)\n    at GF (c:\\Users\\Estudiante\\.vscode\\extensions\\uqbar.wollok-lsp-ide-0.5.4\\out\\server\\src\\server.js:2398:7383)\n    at V3.invoke (c:\\Users\\Estudiante\\.vscode\\extensions\\uqbar.wollok-lsp-ide-0.5.4\\out\\server\\src\\server.js:3:157328)\n    at o.fire (c:\\Users\\Estudiante\\.vscode\\extensions\\uqbar.wollok-lsp-ide-0.5.4\\out\\server\\src\\server.js:3:158098)\n    at c:\\Users\\Estudiante\\.vscode\\extensions\\uqbar.wollok-lsp-ide-0.5.4\\out\\server\\src\\server.js:37:57871\n    at nd (c:\\Users\\Estudiante\\.vscode\\extensions\\uqbar.wollok-lsp-ide-0.5.4\\out\\server\\src\\server.js:8:1561)","timestamp":"2026-06-14T23:58:20.293Z"}
{"level":"info","message":"⌛ Building environment","timeElapsed":298,"timestamp":"2026-06-14T23:58:20.835Z"}
{"level":"info","message":"⌛ Building environment","timeElapsed":592,"timestamp":"2026-06-14T23:58:21.560Z"}
{"level":"info","message":"⌛ Building environment","timeElapsed":402,"timestamp":"2026-06-14T23:58:22.060Z"}
{"level":"info","message":"⌛ Validating game.wlk","timeElapsed":774,"timestamp":"2026-06-14T23:58:22.880Z"}
{"level":"info","message":"⌛ Building environment","timeElapsed":261,"timestamp":"2026-06-14T23:58:23.144Z"}
{"level":"info","message":"⌛ Validating game.wlk","timeElapsed":246,"timestamp":"2026-06-14T23:58:23.431Z"}
{"level":"error","message":"✘ Completions for node Send ([147:8, 147:33] - game.wlk) failed: Error: [Send]{0a2728} at game.wlk:147 exhausted all cases without a match [Send]{0a2728} at game.wlk:147 exhausted all cases without a match","stack":"Error: [Send]{0a2728} at game.wlk:147 exhausted all cases without a match\n    at c:\\Users\\Estudiante\\.vscode\\extensions\\uqbar.wollok-lsp-ide-0.5.4\\out\\server\\src\\server.js:38:6142\n    at L2 (c:\\Users\\Estudiante\\.vscode\\extensions\\uqbar.wollok-lsp-ide-0.5.4\\out\\server\\src\\server.js:2389:42)\n    at Jh (c:\\Users\\Estudiante\\.vscode\\extensions\\uqbar.wollok-lsp-ide-0.5.4\\out\\server\\src\\server.js:2389:1092)\n    at M5n (c:\\Users\\Estudiante\\.vscode\\extensions\\uqbar.wollok-lsp-ide-0.5.4\\out\\server\\src\\server.js:2389:1248)\n    at c:\\Users\\Estudiante\\.vscode\\extensions\\uqbar.wollok-lsp-ide-0.5.4\\out\\server\\src\\server.js:38:6131\n    at L2 (c:\\Users\\Estudiante\\.vscode\\extensions\\uqbar.wollok-lsp-ide-0.5.4\\out\\server\\src\\server.js:2389:42)\n    at c:\\Users\\Estudiante\\.vscode\\extensions\\uqbar.wollok-lsp-ide-0.5.4\\out\\server\\src\\server.js:2389:2988\n    at c:\\Users\\Estudiante\\.vscode\\extensions\\uqbar.wollok-lsp-ide-0.5.4\\out\\server\\src\\server.js:2398:8440\n    at c:\\Users\\Estudiante\\.vscode\\extensions\\uqbar.wollok-lsp-ide-0.5.4\\out\\server\\src\\server.js:37:74872\n    at Ke (c:\\Users\\Estudiante\\.vscode\\extensions\\uqbar.wollok-lsp-ide-0.5.4\\out\\server\\src\\server.js:7:8527)","timestamp":"2026-06-14T23:58:23.521Z"}
{"level":"error","message":"✘ Completions for node Send ([147:8, 147:41] - game.wlk) failed: Error: [Send]{d7cd4e} at game.wlk:147 exhausted all cases without a match [Send]{d7cd4e} at game.wlk:147 exhausted all cases without a match","stack":"Error: [Send]{d7cd4e} at game.wlk:147 exhausted all cases without a match\n    at c:\\Users\\Estudiante\\.vscode\\extensions\\uqbar.wollok-lsp-ide-0.5.4\\out\\server\\src\\server.js:38:6142\n    at L2 (c:\\Users\\Estudiante\\.vscode\\extensions\\uqbar.wollok-lsp-ide-0.5.4\\out\\server\\src\\server.js:2389:42)\n    at Jh (c:\\Users\\Estudiante\\.vscode\\extensions\\uqbar.wollok-lsp-ide-0.5.4\\out\\server\\src\\server.js:2389:1092)\n    at L2 (c:\\Users\\Estudiante\\.vscode\\extensions\\uqbar.wollok-lsp-ide-0.5.4\\out\\server\\src\\server.js:2389:544)\n    at Jh (c:\\Users\\Estudiante\\.vscode\\extensions\\uqbar.wollok-lsp-ide-0.5.4\\out\\server\\src\\server.js:2389:1092)\n    at M5n (c:\\Users\\Estudiante\\.vscode\\extensions\\uqbar.wollok-lsp-ide-0.5.4\\out\\server\\src\\server.js:2389:1248)\n    at c:\\Users\\Estudiante\\.vscode\\extensions\\uqbar.wollok-lsp-ide-0.5.4\\out\\server\\src\\server.js:38:6131\n    at L2 (c:\\Users\\Estudiante\\.vscode\\extensions\\uqbar.wollok-lsp-ide-0.5.4\\out\\server\\src\\server.js:2389:42)\n    at c:\\Users\\Estudiante\\.vscode\\extensions\\uqbar.wollok-lsp-ide-0.5.4\\out\\server\\src\\server.js:2389:2988\n    at c:\\Users\\Estudiante\\.vscode\\extensions\\uqbar.wollok-lsp-ide-0.5.4\\out\\server\\src\\server.js:2398:8440","timestamp":"2026-06-14T23:58:23.522Z"}
{"level":"error","message":"✘ Completions for node If ([147:4, 157:6] - game.wlk) failed: Error: [If]{8f81ef} at game.wlk:147 exhausted all cases without a match [If]{8f81ef} at game.wlk:147 exhausted all cases without a match","stack":"Error: [If]{8f81ef} at game.wlk:147 exhausted all cases without a match\n    at c:\\Users\\Estudiante\\.vscode\\extensions\\uqbar.wollok-lsp-ide-0.5.4\\out\\server\\src\\server.js:38:6142\n    at L2 (c:\\Users\\Estudiante\\.vscode\\extensions\\uqbar.wollok-lsp-ide-0.5.4\\out\\server\\src\\server.js:2389:42)\n    at Jh (c:\\Users\\Estudiante\\.vscode\\extensions\\uqbar.wollok-lsp-ide-0.5.4\\out\\server\\src\\server.js:2389:1092)\n    at L2 (c:\\Users\\Estudiante\\.vscode\\extensions\\uqbar.wollok-lsp-ide-0.5.4\\out\\server\\src\\server.js:2389:544)\n    at Jh (c:\\Users\\Estudiante\\.vscode\\extensions\\uqbar.wollok-lsp-ide-0.5.4\\out\\server\\src\\server.js:2389:1092)\n    at L2 (c:\\Users\\Estudiante\\.vscode\\extensions\\uqbar.wollok-lsp-ide-0.5.4\\out\\server\\src\\server.js:2389:544)\n    at Jh (c:\\Users\\Estudiante\\.vscode\\extensions\\uqbar.wollok-lsp-ide-0.5.4\\out\\server\\src\\server.js:2389:1092)\n    at M5n (c:\\Users\\Estudiante\\.vscode\\extensions\\uqbar.wollok-lsp-ide-0.5.4\\out\\server\\src\\server.js:2389:1248)\n    at c:\\Users\\Estudiante\\.vscode\\extensions\\uqbar.wollok-lsp-ide-0.5.4\\out\\server\\src\\server.js:38:6131\n    at L2 (c:\\Users\\Estudiante\\.vscode\\extensions\\uqbar.wollok-lsp-ide-0.5.4\\out\\server\\src\\server.js:2389:42)","timestamp":"2026-06-14T23:58:23.522Z"}
{"level":"info","message":"⌛ Validating game.wlk","timeElapsed":321,"timestamp":"2026-06-14T23:58:23.853Z"}
{"level":"info","message":"⌛ Building environment","timeElapsed":278,"timestamp":"2026-06-14T23:58:24.133Z"}
{"level":"info","message":"⌛ Building environment","timeElapsed":384,"timestamp":"2026-06-14T23:58:24.522Z"}
{"level":"info","message":"⌛ Validating game.wlk","timeElapsed":353,"timestamp":"2026-06-14T23:58:25.041Z"}
{"level":"info","message":"⌛ Building environment","timeElapsed":393,"timestamp":"2026-06-14T23:58:25.439Z"}
{"level":"info","message":"⌛ Validating game.wlk","timeElapsed":363,"timestamp":"2026-06-14T23:58:25.847Z"}
{"level":"info","message":"⌛ Validating game.wlk","timeElapsed":278,"timestamp":"2026-06-14T23:58:26.127Z"}
{"level":"info","message":"⌛ Building environment","timeElapsed":358,"timestamp":"2026-06-14T23:58:26.487Z"}
{"level":"info","message":"⌛ Validating game.wlk","timeElapsed":257,"timestamp":"2026-06-14T23:58:26.793Z"}
{"level":"info","message":"⌛ Validating game.wlk","timeElapsed":381,"timestamp":"2026-06-14T23:58:27.190Z"}
{"level":"info","message":"⌛ Building environment","timeElapsed":236,"timestamp":"2026-06-14T23:58:40.477Z"}
{"level":"info","message":"⌛ Building environment","timeElapsed":358,"timestamp":"2026-06-14T23:58:40.837Z"}
{"level":"info","message":"⌛ Validating game.wlk","timeElapsed":244,"timestamp":"2026-06-14T23:58:41.083Z"}
{"level":"info","message":"⌛ Building environment","timeElapsed":535,"timestamp":"2026-06-14T23:58:41.619Z"}
{"level":"info","message":"⌛ Validating game.wlk","timeElapsed":432,"timestamp":"2026-06-14T23:58:42.053Z"}
{"level":"info","message":"⌛ Building environment","timeElapsed":275,"timestamp":"2026-06-14T23:58:42.364Z"}
{"level":"info","message":"⌛ Validating game.wlk","timeElapsed":304,"timestamp":"2026-06-14T23:58:42.716Z"}
{"level":"info","message":"⌛ Validating game.wlk","timeElapsed":201,"timestamp":"2026-06-14T23:58:42.988Z"}
{"level":"info","message":"⌛ Building environment","timeElapsed":227,"timestamp":"2026-06-14T23:58:44.131Z"}
{"level":"info","message":"⌛ Validating game.wlk","timeElapsed":320,"timestamp":"2026-06-14T23:58:44.455Z"}
{"level":"info","message":"⌛ Building environment","timeElapsed":329,"timestamp":"2026-06-14T23:58:47.089Z"}
{"level":"info","message":"⌛ Building environment","timeElapsed":327,"timestamp":"2026-06-14T23:58:47.417Z"}
{"level":"info","message":"⌛ Building environment","timeElapsed":811,"timestamp":"2026-06-14T23:58:48.229Z"}
{"level":"info","message":"⌛ Validating game.wlk","timeElapsed":235,"timestamp":"2026-06-14T23:58:48.464Z"}
{"level":"info","message":"⌛ Validating game.wlk","timeElapsed":237,"timestamp":"2026-06-14T23:58:48.716Z"}
{"level":"info","message":"⌛ Validating game.wlk","timeElapsed":382,"timestamp":"2026-06-14T23:58:49.099Z"}
{"level":"info","message":"⌛ Building environment","timeElapsed":313,"timestamp":"2026-06-14T23:58:49.423Z"}
{"level":"info","message":"⌛ Building environment","timeElapsed":203,"timestamp":"2026-06-14T23:58:49.631Z"}
{"level":"info","message":"⌛ Building environment","timeElapsed":367,"timestamp":"2026-06-14T23:58:50.000Z"}
{"level":"info","message":"⌛ Building environment","timeElapsed":333,"timestamp":"2026-06-14T23:58:50.345Z"}
{"level":"info","message":"⌛ Validating game.wlk","timeElapsed":338,"timestamp":"2026-06-14T23:58:50.760Z"}
{"level":"info","message":"⌛ Validating game.wlk","timeElapsed":382,"timestamp":"2026-06-14T23:58:51.143Z"}
{"level":"info","message":"⌛ Validating game.wlk","timeElapsed":431,"timestamp":"2026-06-14T23:58:51.574Z"}
{"level":"info","message":"⌛ Validating game.wlk","timeElapsed":280,"timestamp":"2026-06-14T23:58:51.907Z"}
{"level":"info","message":"⌛ Building environment","timeElapsed":310,"timestamp":"2026-06-14T23:58:52.271Z"}
{"level":"info","message":"⌛ Building environment","timeElapsed":282,"timestamp":"2026-06-14T23:58:52.554Z"}
{"level":"info","message":"⌛ Validating game.wlk","timeElapsed":272,"timestamp":"2026-06-14T23:58:52.842Z"}
{"level":"info","message":"⌛ Validating game.wlk","timeElapsed":513,"timestamp":"2026-06-14T23:58:53.356Z"}
{"level":"info","message":"⌛ Building environment","timeElapsed":242,"timestamp":"2026-06-14T23:58:54.946Z"}
{"level":"info","message":"⌛ Building environment","timeElapsed":210,"timestamp":"2026-06-14T23:58:55.167Z"}
{"level":"info","message":"⌛ Validating game.wlk","timeElapsed":229,"timestamp":"2026-06-14T23:58:55.412Z"}
{"level":"info","message":"⌛ Validating game.wlk","timeElapsed":334,"timestamp":"2026-06-14T23:58:55.750Z"}
{"level":"info","message":"⌛ Building environment","timeElapsed":206,"timestamp":"2026-06-14T23:58:59.023Z"}
{"level":"info","message":"⌛ Building environment","timeElapsed":225,"timestamp":"2026-06-14T23:58:59.249Z"}
{"level":"info","message":"⌛ Validating game.wlk","timeElapsed":251,"timestamp":"2026-06-14T23:58:59.539Z"}
{"level":"info","message":"⌛ Validating game.wlk","timeElapsed":346,"timestamp":"2026-06-14T23:58:59.885Z"}
{"level":"info","message":"⌛ Building environment","timeElapsed":776,"timestamp":"2026-06-14T23:59:01.282Z"}
{"level":"info","message":"⌛ Building environment","timeElapsed":688,"timestamp":"2026-06-14T23:59:01.972Z"}
{"level":"info","message":"⌛ Validating game.wlk","timeElapsed":249,"timestamp":"2026-06-14T23:59:02.247Z"}
{"level":"info","message":"⌛ Validating game.wlk","timeElapsed":223,"timestamp":"2026-06-14T23:59:02.611Z"}
{"level":"info","message":"⌛ Building environment","timeElapsed":222,"timestamp":"2026-06-14T23:59:02.834Z"}
{"level":"info","message":"⌛ Validating game.wlk","timeElapsed":213,"timestamp":"2026-06-14T23:59:03.141Z"}
{"level":"info","message":"⌛ Building environment","timeElapsed":318,"timestamp":"2026-06-14T23:59:03.603Z"}
{"level":"info","message":"⌛ Validating game.wlk","timeElapsed":274,"timestamp":"2026-06-14T23:59:04.068Z"}
{"level":"info","message":"⌛ Building environment","timeElapsed":306,"timestamp":"2026-06-14T23:59:04.466Z"}
{"level":"info","message":"⌛ Building environment","timeElapsed":311,"timestamp":"2026-06-14T23:59:04.778Z"}
{"level":"info","message":"⌛ Validating game.wlk","timeElapsed":246,"timestamp":"2026-06-14T23:59:05.026Z"}
{"level":"info","message":"⌛ Validating game.wlk","timeElapsed":239,"timestamp":"2026-06-14T23:59:05.304Z"}
{"level":"info","message":"⌛ Building environment","timeElapsed":276,"timestamp":"2026-06-14T23:59:06.160Z"}
{"level":"info","message":"⌛ Building environment","timeElapsed":247,"timestamp":"2026-06-14T23:59:06.407Z"}
{"level":"info","message":"⌛ Validating game.wlk","timeElapsed":281,"timestamp":"2026-06-14T23:59:06.692Z"}
{"level":"info","message":"⌛ Validating game.wlk","timeElapsed":352,"timestamp":"2026-06-14T23:59:07.059Z"}
{"level":"info","message":"⌛ Building environment","timeElapsed":311,"timestamp":"2026-06-15T00:00:51.421Z"}
{"level":"info","message":"⌛ Building environment","timeElapsed":289,"timestamp":"2026-06-15T00:00:51.711Z"}
{"level":"info","message":"⌛ Building environment","timeElapsed":275,"timestamp":"2026-06-15T00:00:51.988Z"}
{"level":"info","message":"⌛ Validating game.wlk","timeElapsed":324,"timestamp":"2026-06-15T00:00:52.341Z"}
{"level":"info","message":"⌛ Validating game.wlk","timeElapsed":605,"timestamp":"2026-06-15T00:00:52.954Z"}
{"level":"info","message":"⌛ Validating game.wlk","timeElapsed":381,"timestamp":"2026-06-15T00:00:53.338Z"}
{"level":"info","message":"⌛ Building environment","timeElapsed":348,"timestamp":"2026-06-15T00:00:53.689Z"}
{"level":"error","message":"✘ Failed to get type description: Error: Failed to print, found malformed node Failed to print, found malformed node","node":{"id":"c74ea88f-b080-4a25-9ae6-8f3f03452551","metadata":[],"problems":[{"code":"malformedSentence","sourceMap":{"end":{"column":97,"line":192,"offset":3977},"start":{"column":9,"line":190,"offset":3797}}}],"scope":{"containerScope":{"containerScope":{"containerScope":{"containerScope":{"contributions":{},"includedScopes":[]},"contributions":{},"includedScopes":[{"contributions":{},"includedScopes":[]}]},"contributions":{},"includedScopes":[{"containerScope":{"containerScope":{"containerScope":{"contributions":{},"includedScopes":[]},"contributions":{},"includedScopes":[]},"contributions":{},"includedScopes":[]},"contributions":{},"includedScopes":[]}]},"contributions":{},"includedScopes":[]},"contributions":{},"includedScopes":[]},"sentences":[{"condition":{"args":[{"id":"a1b33ed9-7aee-4053-b937-375750a8bb0c","metadata":[],"name":"papel","scope":{"containerScope":{"containerScope":{"containerScope":{"containerScope":{"containerScope":{"containerScope":{"containerScope":{"contributions":{},"includedScopes":[]},"contributions":{},"includedScopes":[{"contributions":{},"includedScopes":[]}]},"contributions":{},"includedScopes":[{"containerScope":{"containerScope":{"containerScope":{"contributions":{},"includedScopes":[]},"contributions":{},"includedScopes":[]},"contributions":{},"includedScopes":[]},"contributions":{},"includedScopes":[]}]},"contributions":{},"includedScopes":[]},"contributions":{},"includedScopes":[]},"contributions":{},"includedScopes":[]},"contributions":{},"includedScopes":[]},"contributions":{},"includedScopes":[]},"sourceMap":{"end":{"column":46,"line":194,"offset":4026},"start":{"column":41,"line":194,"offset":4021}}}],"id":"d5ea35a0-8ccb-4ccb-aa81-a29c1b9582fe","message":"==","metadata":[],"receiver":{"id":"e93711e8-2b56-4eb9-852a-a2ba624ab34c","metadata":[],"name":"juego.jugadaComputadora","scope":{"containerScope":{"containerScope":{"containerScope":{"containerScope":{"containerScope":{"containerScope":{"containerScope":{"contributions":{},"includedScopes":[]},"contributions":{},"includedScopes":[{"contributions":{},"includedScopes":[]}]},"contributions":{},"includedScopes":[{"containerScope":{"containerScope":{"containerScope":{"contributions":{},"includedScopes":[]},"contributions":{},"includedScopes":[]},"contributions":{},"includedScopes":[]},"contributions":{},"includedScopes":[]}]},"contributions":{},"includedScopes":[]},"contributions":{},"includedScopes":[]},"contributions":{},"includedScopes":[]},"contributions":{},"includedScopes":[]},"contributions":{},"includedScopes":[]},"sourceMap":{"end":{"column":37,"line":194,"offset":4017},"start":{"column":14,"line":194,"offset":3994}}},"scope":{"containerScope":{"containerScope":{"containerScope":{"containerScope":{"containerScope":{"containerScope":{"contributions":{},"includedScopes":[]},"contributions":{},"includedScopes":[{"contributions":{},"includedScopes":[]}]},"contributions":{},"includedScopes":[{"containerScope":{"containerScope":{"containerScope":{"contributions":{},"includedScopes":[]},"contributions":{},"includedScopes":[]},"contributions":{},"includedScopes":[]},"contributions":{},"includedScopes":[]}]},"contributions":{},"includedScopes":[]},"contributions":{},"includedScopes":[]},"contributions":{},"includedScopes":[]},"contributions":{},"includedScopes":[]},"sourceMap":{"end":{"column":46,"line":194,"offset":4026},"start":{"column":14,"line":194,"offset":3994}}},"elseBody":{"id":"b7a2484a-0724-440b-a199-59e111c374d6","metadata":[],"scope":{"containerScope":{"containerScope":{"containerScope":{"containerScope":{"containerScope":{"containerScope":{"contributions":{},"includedScopes":[]},"contributions":{},"includedScopes":[{"contributions":{},"includedScopes":[]}]},"contributions":{},"includedScopes":[{"containerScope":{"containerScope":{"containerScope":{"contributions":{},"includedScopes":[]},"contributions":{},"includedScopes":[]},"contributions":{},"includedScopes":[]},"contributions":{},"includedScopes":[]}]},"contributions":{},"includedScopes":[]},"contributions":{},"includedScopes":[]},"contributions":{},"includedScopes":[]},"contributions":{},"includedScopes":[]},"sentences":[]},"id":"fc3efd4b-4fe1-405d-9b3f-51e84829079f","metadata":[],"scope":{"containerScope":{"containerScope":{"containerScope":{"containerScope":{"containerScope":{"contributions":{},"includedScopes":[]},"contributions":{},"includedScopes":[{"contributions":{},"includedScopes":[]}]},"contributions":{},"includedScopes":[{"containerScope":{"containerScope":{"containerScope":{"contributions":{},"includedScopes":[]},"contributions":{},"includedScopes":[]},"contributions":{},"includedScopes":[]},"contributions":{},"includedScopes":[]}]},"contributions":{},"includedScopes":[]},"contributions":{},"includedScopes":[]},"contributions":{},"includedScopes":[]},"sourceMap":{"end":{"column":10,"line":196,"offset":4076},"start":{"column":9,"line":194,"offset":3989}},"thenBody":{"id":"825a48f2-a273-4c2c-a7e8-76130efc675f","metadata":[],"problems":[],"scope":{"containerScope":{"containerScope":{"containerScope":{"containerScope":{"containerScope":{"containerScope":{"contributions":{},"includedScopes":[]},"contributions":{},"includedScopes":[{"contributions":{},"includedScopes":[]}]},"contributions":{},"includedScopes":[{"containerScope":{"containerScope":{"containerScope":{"contributions":{},"includedScopes":[]},"contributions":{},"includedScopes":[]},"contributions":{},"includedScopes":[]},"contributions":{},"includedScopes":[]}]},"contributions":{},"includedScopes":[]},"contributions":{},"includedScopes":[]},"contributions":{},"includedScopes":[]},"contributions":{},"includedScopes":[]},"sentences":[{"id":"0e3741eb-c7d9-4196-936e-90bcef560738","metadata":[],"scope":{"containerScope":{"containerScope":{"containerScope":{"containerScope":{"containerScope":{"containerScope":{"containerScope":{"contributions":{},"includedScopes":[]},"contributions":{},"includedScopes":[{"contributions":{},"includedScopes":[]}]},"contributions":{},"includedScopes":[{"containerScope":{"containerScope":{"containerScope":{"contributions":{},"includedScopes":[]},"contributions":{},"includedScopes":[]},"contributions":{},"includedScopes":[]},"contributions":{},"includedScopes":[]}]},"contributions":{},"includedScopes":[]},"contributions":{},"includedScopes":[]},"contributions":{},"includedScopes":[]},"contributions":{},"includedScopes":[]},"contributions":{},"includedScopes":[]},"sourceMap":{"end":{"column":34,"line":195,"offset":4065},"start":{"column":13,"line":195,"offset":4044}},"value":{"id":"3d110635-f902-494d-b6c2-21124de75eae","metadata":[],"scope":{"containerScope":{"containerScope":{"containerScope":{"containerScope":{"containerScope":{"containerScope":{"containerScope":{"containerScope":{"contributions":{},"includedScopes":[]},"contributions":{},"includedScopes":[{"contributions":{},"includedScopes":[]}]},"contributions":{},"includedScopes":[{"containerScope":{"containerScope":{"containerScope":{"contributions":{},"includedScopes":[]},"contributions":{},"includedScopes":[]},"contributions":{},"includedScopes":[]},"contributions":{},"includedScopes":[]}]},"contributions":{},"includedScopes":[]},"contributions":{},"includedScopes":[]},"contributions":{},"includedScopes":[]},"contributions":{},"includedScopes":[]},"contributions":{},"includedScopes":[]},"contributions":{},"includedScopes":[]},"sourceMap":{"end":{"column":34,"line":195,"offset":4065},"start":{"column":20,"line":195,"offset":4051}},"value":"papel_pc.png"}}],"sourceMap":{"end":{"column":10,"line":196,"offset":4076},"start":{"column":49,"line":194,"offset":4029}}}},{"id":"5b0e29be-4bcd-4ca7-8465-20610268e61d","metadata":[],"scope":{"containerScope":{"containerScope":{"containerScope":{"containerScope":{"containerScope":{"contributions":{},"includedScopes":[]},"contributions":{},"includedScopes":[{"contributions":{},"includedScopes":[]}]},"contributions":{},"includedScopes":[{"containerScope":{"containerScope":{"containerScope":{"contributions":{},"includedScopes":[]},"contributions":{},"includedScopes":[]},"contributions":{},"includedScopes":[]},"contributions":{},"includedScopes":[]}]},"contributions":{},"includedScopes":[]},"contributions":{},"includedScopes":[]},"contributions":{},"includedScopes":[]},"sourceMap":{"end":{"column":31,"line":198,"offset":4110},"start":{"column":9,"line":198,"offset":4088}},"value":{"id":"454818bf-dde4-47f9-b9f2-88968e21e9c8","metadata":[],"scope":{"containerScope":{"containerScope":{"containerScope":{"containerScope":{"containerScope":{"containerScope":{"contributions":{},"includedScopes":[]},"contributions":{},"includedScopes":[{"contributions":{},"includedScopes":[]}]},"contributions":{},"includedScopes":[{"containerScope":{"containerScope":{"containerScope":{"contributions":{},"includedScopes":[]},"contributions":{},"includedScopes":[]},"contributions":{},"includedScopes":[]},"contributions":{},"includedScopes":[]}]},"contributions":{},"includedScopes":[]},"contributions":{},"includedScopes":[]},"contributions":{},"includedScopes":[]},"contributions":{},"includedScopes":[]},"sourceMap":{"end":{"column":31,"line":198,"offset":4110},"start":{"column":16,"line":198,"offset":4095}},"value":"tijera_pc.png"}}],"sourceMap":{"end":{"column":6,"line":199,"offset":4117},"start":{"column":20,"line":188,"offset":3784}}},"stack":"Error: Failed to print, found malformed node\n    at c:\\Users\\Estudiante\\.vscode\\extensions\\uqbar.wollok-lsp-ide-0.5.4\\out\\server\\src\\server.js:68:3585\n    at c:\\Users\\Estudiante\\.vscode\\extensions\\uqbar.wollok-lsp-ide-0.5.4\\out\\server\\src\\server.js:68:5370\n    at c:\\Users\\Estudiante\\.vscode\\extensions\\uqbar.wollok-lsp-ide-0.5.4\\out\\server\\src\\server.js:38:6131\n    at c:\\Users\\Estudiante\\.vscode\\extensions\\uqbar.wollok-lsp-ide-0.5.4\\out\\server\\src\\server.js:68:3664\n    at Kbn (c:\\Users\\Estudiante\\.vscode\\extensions\\uqbar.wollok-lsp-ide-0.5.4\\out\\server\\src\\server.js:68:3396)\n    at c:\\Users\\Estudiante\\.vscode\\extensions\\uqbar.wollok-lsp-ide-0.5.4\\out\\server\\src\\server.js:2398:847\n    at c:\\Users\\Estudiante\\.vscode\\extensions\\uqbar.wollok-lsp-ide-0.5.4\\out\\server\\src\\server.js:2398:8440\n    at c:\\Users\\Estudiante\\.vscode\\extensions\\uqbar.wollok-lsp-ide-0.5.4\\out\\server\\src\\server.js:37:74770\n    at Ke (c:\\Users\\Estudiante\\.vscode\\extensions\\uqbar.wollok-lsp-ide-0.5.4\\out\\server\\src\\server.js:7:8527)\n    at Lt (c:\\Users\\Estudiante\\.vscode\\extensions\\uqbar.wollok-lsp-ide-0.5.4\\out\\server\\src\\server.js:7:6189)","timestamp":"2026-06-15T00:00:53.837Z"}
{"level":"info","message":"⌛ Validating game.wlk","timeElapsed":282,"timestamp":"2026-06-15T00:00:54.173Z"}
{"level":"info","message":"⌛ Building environment","timeElapsed":240,"timestamp":"2026-06-15T00:00:55.843Z"}
{"level":"info","message":"⌛ Validating game.wlk","timeElapsed":285,"timestamp":"2026-06-15T00:00:56.287Z"}
{"level":"info","message":"⌛ Building environment","timeElapsed":579,"timestamp":"2026-06-15T00:01:12.265Z"}
{"level":"info","message":"⌛ Building environment","timeElapsed":196,"timestamp":"2026-06-15T00:01:12.488Z"}
{"level":"info","message":"⌛ Building environment","timeElapsed":205,"timestamp":"2026-06-15T00:01:12.707Z"}
{"level":"info","message":"⌛ Building environment","timeElapsed":262,"timestamp":"2026-06-15T00:01:12.980Z"}
{"level":"info","message":"⌛ Validating game.wlk","timeElapsed":401,"timestamp":"2026-06-15T00:01:13.417Z"}
{"level":"info","message":"⌛ Validating game.wlk","timeElapsed":379,"timestamp":"2026-06-15T00:01:13.798Z"}
{"level":"info","message":"⌛ Validating game.wlk","timeElapsed":291,"timestamp":"2026-06-15T00:01:14.089Z"}
{"level":"info","message":"⌛ Validating game.wlk","timeElapsed":292,"timestamp":"2026-06-15T00:01:14.383Z"}
{"level":"info","message":"⌛ Building environment","timeElapsed":355,"timestamp":"2026-06-15T00:01:16.933Z"}
{"level":"info","message":"⌛ Building environment","timeElapsed":234,"timestamp":"2026-06-15T00:01:17.282Z"}
{"level":"info","message":"⌛ Validating game.wlk","timeElapsed":403,"timestamp":"2026-06-15T00:01:17.775Z"}
{"level":"info","message":"⌛ Validating game.wlk","timeElapsed":357,"timestamp":"2026-06-15T00:01:18.167Z"}
{"level":"info","message":"⌛ Building environment","timeElapsed":236,"timestamp":"2026-06-15T00:01:18.771Z"}
{"level":"info","message":"⌛ Validating game.wlk","timeElapsed":401,"timestamp":"2026-06-15T00:01:19.465Z"}
{"level":"info","message":"⌛ Building environment","timeElapsed":209,"timestamp":"2026-06-15T00:01:19.734Z"}
{"level":"info","message":"⌛ Building environment","timeElapsed":309,"timestamp":"2026-06-15T00:01:20.044Z"}
{"level":"info","message":"⌛ Validating game.wlk","timeElapsed":257,"timestamp":"2026-06-15T00:01:20.349Z"}
{"level":"info","message":"⌛ Validating game.wlk","timeElapsed":381,"timestamp":"2026-06-15T00:01:20.741Z"}
{"level":"info","message":"⌛ Building environment","timeElapsed":326,"timestamp":"2026-06-15T00:03:05.810Z"}
{"level":"info","message":"⌛ Validating game.wlk","timeElapsed":324,"timestamp":"2026-06-15T00:03:06.212Z"}
{"level":"info","message":"⌛ Validating mainExample.wpgm","timeElapsed":194,"timestamp":"2026-06-15T00:03:06.411Z"}
{"level":"info","message":"⌛ Building environment","timeElapsed":351,"timestamp":"2026-06-15T00:03:13.296Z"}
{"level":"info","message":"⌛ Validating game.wlk","timeElapsed":428,"timestamp":"2026-06-15T00:03:13.917Z"}
{"level":"info","message":"⌛ Building environment","timeElapsed":213,"timestamp":"2026-06-15T00:03:18.261Z"}
{"level":"info","message":"⌛ Validating mainExample.wpgm","timeElapsed":406,"timestamp":"2026-06-15T00:03:18.681Z"}
{"level":"info","message":"⌛ Building environment","timeElapsed":222,"timestamp":"2026-06-15T00:03:50.371Z"}
{"level":"info","message":"⌛ Validating game.wlk","timeElapsed":280,"timestamp":"2026-06-15T00:03:50.714Z"}
{"level":"info","message":"⌛ Building environment","timeElapsed":284,"timestamp":"2026-06-15T00:03:52.241Z"}
{"level":"info","message":"⌛ Validating game.wlk","timeElapsed":316,"timestamp":"2026-06-15T00:03:52.863Z"}
{"level":"info","message":"⌛ Building environment","timeElapsed":330,"timestamp":"2026-06-15T00:04:04.753Z"}
{"level":"info","message":"⌛ Building environment","timeElapsed":250,"timestamp":"2026-06-15T00:04:05.026Z"}
{"level":"info","message":"⌛ Building environment","timeElapsed":242,"timestamp":"2026-06-15T00:04:05.277Z"}
{"level":"info","message":"⌛ Validating game.wlk","timeElapsed":234,"timestamp":"2026-06-15T00:04:05.512Z"}
{"level":"info","message":"⌛ Validating game.wlk","timeElapsed":215,"timestamp":"2026-06-15T00:04:05.772Z"}
{"level":"info","message":"⌛ Validating game.wlk","timeElapsed":413,"timestamp":"2026-06-15T00:04:06.186Z"}
{"level":"info","message":"⌛ Building environment","timeElapsed":251,"timestamp":"2026-06-15T00:04:06.448Z"}
{"level":"info","message":"⌛ Building environment","timeElapsed":282,"timestamp":"2026-06-15T00:04:06.816Z"}
{"level":"info","message":"⌛ Building environment","timeElapsed":393,"timestamp":"2026-06-15T00:04:07.210Z"}
{"level":"info","message":"⌛ Building environment","timeElapsed":495,"timestamp":"2026-06-15T00:04:07.725Z"}
{"level":"info","message":"⌛ Building environment","timeElapsed":254,"timestamp":"2026-06-15T00:04:07.980Z"}
{"level":"info","message":"⌛ Building environment","timeElapsed":284,"timestamp":"2026-06-15T00:04:08.285Z"}
{"level":"info","message":"⌛ Building environment","timeElapsed":257,"timestamp":"2026-06-15T00:04:08.542Z"}
{"level":"info","message":"⌛ Building environment","timeElapsed":336,"timestamp":"2026-06-15T00:04:08.894Z"}
{"level":"info","message":"⌛ Building environment","timeElapsed":223,"timestamp":"2026-06-15T00:04:09.118Z"}
{"level":"info","message":"⌛ Building environment","timeElapsed":294,"timestamp":"2026-06-15T00:04:09.449Z"}
{"level":"info","message":"⌛ Building environment","timeElapsed":262,"timestamp":"2026-06-15T00:04:09.713Z"}
{"level":"info","message":"⌛ Building environment","timeElapsed":652,"timestamp":"2026-06-15T00:04:10.418Z"}
{"level":"info","message":"⌛ Building environment","timeElapsed":583,"timestamp":"2026-06-15T00:04:11.261Z"}
{"level":"info","message":"⌛ Validating game.wlk","timeElapsed":239,"timestamp":"2026-06-15T00:04:11.507Z"}
{"level":"info","message":"⌛ Validating game.wlk","timeElapsed":196,"timestamp":"2026-06-15T00:04:11.704Z"}
{"level":"info","message":"⌛ Validating game.wlk","timeElapsed":169,"timestamp":"2026-06-15T00:04:11.873Z"}
{"level":"info","message":"⌛ Validating game.wlk","timeElapsed":231,"timestamp":"2026-06-15T00:04:12.106Z"}
{"level":"info","message":"⌛ Validating game.wlk","timeElapsed":173,"timestamp":"2026-06-15T00:04:12.279Z"}
{"level":"info","message":"⌛ Validating game.wlk","timeElapsed":170,"timestamp":"2026-06-15T00:04:12.450Z"}
{"level":"info","message":"⌛ Validating game.wlk","timeElapsed":156,"timestamp":"2026-06-15T00:04:12.607Z"}
{"level":"info","message":"⌛ Validating game.wlk","timeElapsed":152,"timestamp":"2026-06-15T00:04:12.760Z"}
{"level":"info","message":"⌛ Validating game.wlk","timeElapsed":150,"timestamp":"2026-06-15T00:04:12.911Z"}
{"level":"info","message":"⌛ Validating game.wlk","timeElapsed":155,"timestamp":"2026-06-15T00:04:13.067Z"}
{"level":"info","message":"⌛ Validating game.wlk","timeElapsed":154,"timestamp":"2026-06-15T00:04:13.222Z"}
{"level":"info","message":"⌛ Building environment","timeElapsed":162,"timestamp":"2026-06-15T00:04:13.387Z"}
{"level":"info","message":"⌛ Validating game.wlk","timeElapsed":164,"timestamp":"2026-06-15T00:04:13.585Z"}
{"level":"info","message":"⌛ Validating game.wlk","timeElapsed":162,"timestamp":"2026-06-15T00:04:13.748Z"}
{"level":"info","message":"⌛ Validating game.wlk","timeElapsed":155,"timestamp":"2026-06-15T00:04:13.907Z"}
{"level":"info","message":"⌛ Building environment","timeElapsed":277,"timestamp":"2026-06-15T00:04:41.380Z"}
{"level":"info","message":"⌛ Validating game.wlk","timeElapsed":522,"timestamp":"2026-06-15T00:04:41.931Z"}
{"level":"info","message":"⌛ Validating mainExample.wpgm","timeElapsed":521,"timestamp":"2026-06-15T00:04:42.453Z"}
{"level":"info","message":"⌛ Building environment","timeElapsed":314,"timestamp":"2026-06-15T00:04:47.815Z"}
{"level":"info","message":"⌛ Validating game.wlk","timeElapsed":195,"timestamp":"2026-06-15T00:04:48.051Z"}
{"level":"info","message":"⌛ Validating mainExample.wpgm","timeElapsed":121,"timestamp":"2026-06-15T00:04:48.174Z"}
{"level":"info","message":"🚀 Program executed \u001b[3m\u001b[34mmainExample.PiedraPapelTijera\u001b[39m\u001b[23m on \u001b[3m\u001b[34mc:\\Users\\Estudiante\\Desktop\\Piedra-Papel-Tijera.wollok\u001b[39m\u001b[23m","ok":true,"timeElapsed":1049,"timestamp":"2026-06-15T00:05:13.870Z"}
{"level":"info","message":"⌛ Building environment","timeElapsed":318,"timestamp":"2026-06-15T00:06:32.864Z"}
{"level":"info","message":"⌛ Validating assets/mainExample.wpgm","timeElapsed":618,"timestamp":"2026-06-15T00:06:33.612Z"}
{"level":"info","message":"⌛ Building environment","timeElapsed":754,"timestamp":"2026-06-15T00:43:14.167Z"}
{"level":"info","message":"⌛ Building environment","timeElapsed":515,"timestamp":"2026-06-15T00:43:14.682Z"}
{"level":"info","message":"Removing diagnostics from /C:/Users/Estudiante/Desktop/Piedra-Papel-Tijera.wollok/assets/empate.png","timestamp":"2026-06-15T00:43:14.801Z"}
{"level":"info","message":"⌛ Building environment","timeElapsed":194,"timestamp":"2026-06-15T00:43:15.115Z"}
{"level":"info","message":"⌛ Building environment","timeElapsed":221,"timestamp":"2026-06-15T00:43:15.337Z"}
{"level":"info","message":"⌛ Validating tests.wtest","timeElapsed":1024,"timestamp":"2026-06-15T00:43:16.361Z"}
{"level":"info","message":"⌛ Validating assets/mainExample.wpgm","timeElapsed":285,"timestamp":"2026-06-15T00:43:16.696Z"}
{"level":"info","message":"⌛ Building environment","timeElapsed":346,"timestamp":"2026-06-15T00:44:20.322Z"}
{"level":"info","message":"⌛ Building environment","timeElapsed":303,"timestamp":"2026-06-15T00:44:20.626Z"}
{"level":"info","message":"Removing diagnostics from /C:/Users/Estudiante/Desktop/Piedra-Papel-Tijera.wollok/assets/perdiste.png","timestamp":"2026-06-15T00:44:20.734Z"}
{"level":"info","message":"⌛ Building environment","timeElapsed":232,"timestamp":"2026-06-15T00:44:27.175Z"}
{"level":"info","message":"⌛ Building environment","timeElapsed":270,"timestamp":"2026-06-15T00:44:27.447Z"}
{"level":"info","message":"Removing diagnostics from /C:/Users/Estudiante/Desktop/Piedra-Papel-Tijera.wollok/assets/ganaste.png","timestamp":"2026-06-15T00:44:27.560Z"}
{"exitCode":"SIGINT","level":"info","message":"👾 Game executed mainExample.PiedraPapelTijera on c:\\Users\\Estudiante\\Desktop\\Piedra-Papel-Tijera.wollok","timeElapsed":2412175,"timestamp":"2026-06-15T00:45:24.996Z"}
{"level":"info","message":"🚀 Program executed \u001b[3m\u001b[34mmainExample.PiedraPapelTijera\u001b[39m\u001b[23m on \u001b[3m\u001b[34mc:\\Users\\Estudiante\\Desktop\\Piedra-Papel-Tijera.wollok\u001b[39m\u001b[23m","ok":true,"timeElapsed":910,"timestamp":"2026-06-15T00:45:41.930Z"}
{"level":"info","message":"⌛ Building environment","timeElapsed":528,"timestamp":"2026-06-15T00:57:34.524Z"}
{"level":"info","message":"⌛ Building environment","timeElapsed":610,"timestamp":"2026-06-15T00:57:35.182Z"}
{"level":"info","message":"⌛ Building environment","timeElapsed":221,"timestamp":"2026-06-15T00:57:35.413Z"}
{"level":"info","message":"⌛ Building environment","timeElapsed":290,"timestamp":"2026-06-15T00:57:35.777Z"}
{"level":"info","message":"⌛ Building environment","timeElapsed":227,"timestamp":"2026-06-15T00:57:36.056Z"}
{"level":"info","message":"⌛ Building environment","timeElapsed":234,"timestamp":"2026-06-15T00:57:36.345Z"}
{"level":"info","message":"⌛ Validating game.wlk","timeElapsed":337,"timestamp":"2026-06-15T00:57:36.870Z"}
{"level":"info","message":"⌛ Validating game.wlk","timeElapsed":319,"timestamp":"2026-06-15T00:57:37.194Z"}
{"level":"info","message":"⌛ Validating game.wlk","timeElapsed":239,"timestamp":"2026-06-15T00:57:37.434Z"}
{"level":"info","message":"⌛ Validating game.wlk","timeElapsed":230,"timestamp":"2026-06-15T00:57:37.666Z"}
{"level":"info","message":"⌛ Validating game.wlk","timeElapsed":225,"timestamp":"2026-06-15T00:57:37.891Z"}
{"level":"info","message":"⌛ Validating game.wlk","timeElapsed":243,"timestamp":"2026-06-15T00:57:38.139Z"}
{"level":"info","message":"⌛ Building environment","timeElapsed":428,"timestamp":"2026-06-15T00:57:41.546Z"}
{"level":"info","message":"⌛ Building environment","timeElapsed":322,"timestamp":"2026-06-15T00:57:41.870Z"}
{"level":"info","message":"⌛ Building environment","timeElapsed":312,"timestamp":"2026-06-15T00:57:42.216Z"}
{"level":"info","message":"⌛ Building environment","timeElapsed":335,"timestamp":"2026-06-15T00:57:42.621Z"}
{"level":"info","message":"⌛ Validating game.wlk","timeElapsed":278,"timestamp":"2026-06-15T00:57:42.901Z"}
{"level":"info","message":"⌛ Building environment","timeElapsed":260,"timestamp":"2026-06-15T00:57:43.161Z"}
{"level":"info","message":"⌛ Building environment","timeElapsed":327,"timestamp":"2026-06-15T00:57:43.517Z"}
{"level":"info","message":"⌛ Building environment","timeElapsed":346,"timestamp":"2026-06-15T00:57:43.867Z"}
{"level":"info","message":"⌛ Building environment","timeElapsed":287,"timestamp":"2026-06-15T00:57:44.170Z"}
{"level":"info","message":"⌛ Validating game.wlk","timeElapsed":276,"timestamp":"2026-06-15T00:57:44.636Z"}
{"level":"info","message":"⌛ Validating game.wlk","timeElapsed":356,"timestamp":"2026-06-15T00:57:44.993Z"}
{"level":"info","message":"⌛ Validating game.wlk","timeElapsed":355,"timestamp":"2026-06-15T00:57:45.348Z"}
{"level":"info","message":"⌛ Validating game.wlk","timeElapsed":282,"timestamp":"2026-06-15T00:57:45.630Z"}
{"level":"info","message":"⌛ Validating game.wlk","timeElapsed":258,"timestamp":"2026-06-15T00:57:45.899Z"}
{"level":"info","message":"⌛ Building environment","timeElapsed":296,"timestamp":"2026-06-15T00:57:46.196Z"}
{"level":"info","message":"⌛ Validating game.wlk","timeElapsed":183,"timestamp":"2026-06-15T00:57:46.403Z"}
{"level":"info","message":"⌛ Validating game.wlk","timeElapsed":188,"timestamp":"2026-06-15T00:57:46.598Z"}
{"level":"info","message":"⌛ Validating game.wlk","timeElapsed":212,"timestamp":"2026-06-15T00:57:46.887Z"}
{"exitCode":"SIGINT","level":"info","message":"👾 Game executed mainExample.PiedraPapelTijera on c:\\Users\\Estudiante\\Desktop\\Piedra-Papel-Tijera.wollok","timeElapsed":734744,"timestamp":"2026-06-15T00:57:55.765Z"}
{"level":"info","message":"🚀 Program executed \u001b[3m\u001b[34mmainExample.PiedraPapelTijera\u001b[39m\u001b[23m on \u001b[3m\u001b[34mc:\\Users\\Estudiante\\Desktop\\Piedra-Papel-Tijera.wollok\u001b[39m\u001b[23m","ok":true,"timeElapsed":872,"timestamp":"2026-06-15T00:58:48.750Z"}
{"exitCode":"SIGHUP","level":"info","message":"👾 Game executed mainExample.PiedraPapelTijera on c:\\Users\\Estudiante\\Desktop\\Piedra-Papel-Tijera.wollok","timeElapsed":80427,"timestamp":"2026-06-15T01:00:08.306Z"}
{"level":"info","message":"⌛ Building environment","timeElapsed":1082,"timestamp":"2026-06-15T02:22:53.834Z"}
{"level":"info","message":"⌛ Building environment","timeElapsed":1047,"timestamp":"2026-06-15T02:22:54.886Z"}
{"level":"info","message":"⌛ Building environment","timeElapsed":292,"timestamp":"2026-06-15T02:22:57.385Z"}
{"level":"info","message":"⌛ Validating game.wlk","timeElapsed":942,"timestamp":"2026-06-15T02:22:58.343Z"}
{"level":"info","message":"⌛ Building environment","timeElapsed":688,"timestamp":"2026-06-15T02:22:59.033Z"}
{"level":"info","message":"⌛ Building environment","timeElapsed":517,"timestamp":"2026-06-15T02:22:59.557Z"}
{"level":"info","message":"⌛ Building environment","timeElapsed":738,"timestamp":"2026-06-15T02:23:00.297Z"}
{"level":"info","message":"⌛ Validating tests.wtest","timeElapsed":315,"timestamp":"2026-06-15T02:23:00.676Z"}
{"level":"info","message":"⌛ Validating mainExample.wpgm","timeElapsed":815,"timestamp":"2026-06-15T02:23:08.124Z"}
{"level":"info","message":"⌛ Validating assets/mainExample.wpgm","timeElapsed":614,"timestamp":"2026-06-15T02:23:08.739Z"}
{"level":"info","message":"⌛ Validating game.wlk","timeElapsed":496,"timestamp":"2026-06-15T02:23:09.236Z"}
{"level":"info","message":"⌛ Validating tests.wtest","timeElapsed":280,"timestamp":"2026-06-15T02:23:09.517Z"}
{"level":"info","message":"⌛ Validating mainExample.wpgm","timeElapsed":424,"timestamp":"2026-06-15T02:23:09.941Z"}
{"level":"info","message":"⌛ Validating assets/mainExample.wpgm","timeElapsed":356,"timestamp":"2026-06-15T02:23:10.298Z"}
{"level":"info","message":"⌛ Building environment","timeElapsed":1618,"timestamp":"2026-06-15T02:23:11.917Z"}
{"level":"info","message":"⌛ Validating game.wlk","timeElapsed":305,"timestamp":"2026-06-15T02:23:19.528Z"}
{"level":"info","message":"⌛ Validating tests.wtest","timeElapsed":245,"timestamp":"2026-06-15T02:23:19.774Z"}
{"level":"info","message":"⌛ Validating mainExample.wpgm","timeElapsed":264,"timestamp":"2026-06-15T02:23:20.039Z"}
{"level":"info","message":"⌛ Validating assets/mainExample.wpgm","timeElapsed":415,"timestamp":"2026-06-15T02:23:20.456Z"}
{"level":"info","message":"⌛ Building environment","timeElapsed":1302,"timestamp":"2026-06-15T02:29:50.176Z"}
{"level":"info","message":"⌛ Building environment","timeElapsed":488,"timestamp":"2026-06-15T02:29:50.666Z"}
{"level":"info","message":"Removing diagnostics from /C:/Users/Estudiante/Desktop/Piedra-Papel-Tijera.wollok/assets/reiniciar.png","timestamp":"2026-06-15T02:29:50.791Z"}
{"level":"info","message":"⌛ Building environment","timeElapsed":150,"timestamp":"2026-06-15T02:29:51.705Z"}
{"level":"info","message":"⌛ Building environment","timeElapsed":208,"timestamp":"2026-06-15T02:29:51.925Z"}
{"level":"info","message":"⌛ Building environment","timeElapsed":179,"timestamp":"2026-06-15T02:29:52.110Z"}
{"level":"info","message":"⌛ Validating tests.wtest","timeElapsed":511,"timestamp":"2026-06-15T02:29:52.671Z"}
{"level":"info","message":"⌛ Validating mainExample.wpgm","timeElapsed":239,"timestamp":"2026-06-15T02:29:52.912Z"}
{"level":"info","message":"⌛ Validating assets/mainExample.wpgm","timeElapsed":205,"timestamp":"2026-06-15T02:29:53.118Z"}
{"level":"info","message":"⌛ Building environment","timeElapsed":317,"timestamp":"2026-06-15T02:33:57.881Z"}
{"level":"info","message":"⌛ Validating mainExample.wpgm","timeElapsed":362,"timestamp":"2026-06-15T02:33:58.407Z"}
{"level":"info","message":"⌛ Building environment","timeElapsed":292,"timestamp":"2026-06-15T02:34:14.819Z"}
{"level":"info","message":"⌛ Validating game.wlk","timeElapsed":328,"timestamp":"2026-06-15T02:34:15.296Z"}
{"level":"info","message":"⌛ Building environment","timeElapsed":272,"timestamp":"2026-06-15T02:34:20.256Z"}
{"level":"info","message":"⌛ Building environment","timeElapsed":329,"timestamp":"2026-06-15T02:34:20.693Z"}
{"level":"info","message":"⌛ Validating game.wlk","timeElapsed":419,"timestamp":"2026-06-15T02:34:21.212Z"}
{"level":"info","message":"⌛ Building environment","timeElapsed":555,"timestamp":"2026-06-15T02:34:21.768Z"}
{"level":"info","message":"⌛ Building environment","timeElapsed":329,"timestamp":"2026-06-15T02:34:22.099Z"}
{"level":"info","message":"⌛ Validating game.wlk","timeElapsed":421,"timestamp":"2026-06-15T02:34:22.546Z"}
{"level":"info","message":"⌛ Building environment","timeElapsed":356,"timestamp":"2026-06-15T02:34:22.955Z"}
{"level":"info","message":"⌛ Building environment","timeElapsed":450,"timestamp":"2026-06-15T02:34:23.449Z"}
{"level":"info","message":"⌛ Building environment","timeElapsed":482,"timestamp":"2026-06-15T02:34:23.990Z"}
{"level":"info","message":"⌛ Validating game.wlk","timeElapsed":560,"timestamp":"2026-06-15T02:34:24.581Z"}
{"level":"info","message":"⌛ Building environment","timeElapsed":243,"timestamp":"2026-06-15T02:34:24.826Z"}
{"level":"info","message":"⌛ Building environment","timeElapsed":264,"timestamp":"2026-06-15T02:34:25.092Z"}
{"level":"info","message":"⌛ Validating game.wlk","timeElapsed":374,"timestamp":"2026-06-15T02:34:25.579Z"}
{"level":"info","message":"⌛ Validating game.wlk","timeElapsed":300,"timestamp":"2026-06-15T02:34:25.908Z"}
{"level":"info","message":"⌛ Validating game.wlk","timeElapsed":291,"timestamp":"2026-06-15T02:34:26.203Z"}
{"level":"info","message":"⌛ Building environment","timeElapsed":422,"timestamp":"2026-06-15T02:34:26.705Z"}
{"level":"info","message":"⌛ Validating game.wlk","timeElapsed":330,"timestamp":"2026-06-15T02:34:27.115Z"}
{"level":"info","message":"⌛ Building environment","timeElapsed":390,"timestamp":"2026-06-15T02:34:27.507Z"}
{"level":"info","message":"⌛ Building environment","timeElapsed":390,"timestamp":"2026-06-15T02:34:27.925Z"}
{"level":"info","message":"⌛ Building environment","timeElapsed":315,"timestamp":"2026-06-15T02:34:28.243Z"}
{"level":"info","message":"⌛ Validating game.wlk","timeElapsed":252,"timestamp":"2026-06-15T02:34:28.508Z"}
{"level":"info","message":"⌛ Validating game.wlk","timeElapsed":314,"timestamp":"2026-06-15T02:34:28.838Z"}
{"level":"info","message":"⌛ Building environment","timeElapsed":307,"timestamp":"2026-06-15T02:34:29.232Z"}
{"level":"info","message":"⌛ Validating game.wlk","timeElapsed":464,"timestamp":"2026-06-15T02:34:29.729Z"}
{"level":"info","message":"⌛ Building environment","timeElapsed":327,"timestamp":"2026-06-15T02:34:30.057Z"}
{"level":"info","message":"⌛ Validating game.wlk","timeElapsed":275,"timestamp":"2026-06-15T02:34:30.332Z"}
{"level":"info","message":"⌛ Building environment","timeElapsed":223,"timestamp":"2026-06-15T02:34:30.559Z"}
{"level":"info","message":"⌛ Validating game.wlk","timeElapsed":237,"timestamp":"2026-06-15T02:34:30.846Z"}
{"level":"info","message":"⌛ Validating game.wlk","timeElapsed":350,"timestamp":"2026-06-15T02:34:31.199Z"}
{"level":"info","message":"⌛ Building environment","timeElapsed":218,"timestamp":"2026-06-15T02:34:31.420Z"}
{"level":"info","message":"⌛ Building environment","timeElapsed":237,"timestamp":"2026-06-15T02:34:31.736Z"}
{"level":"info","message":"⌛ Building environment","timeElapsed":199,"timestamp":"2026-06-15T02:34:31.937Z"}
{"level":"info","message":"⌛ Validating game.wlk","timeElapsed":177,"timestamp":"2026-06-15T02:34:32.116Z"}
{"level":"info","message":"⌛ Building environment","timeElapsed":238,"timestamp":"2026-06-15T02:34:32.378Z"}
{"level":"info","message":"⌛ Building environment","timeElapsed":294,"timestamp":"2026-06-15T02:34:32.682Z"}
{"level":"info","message":"⌛ Building environment","timeElapsed":301,"timestamp":"2026-06-15T02:34:32.988Z"}
{"level":"info","message":"⌛ Building environment","timeElapsed":198,"timestamp":"2026-06-15T02:34:33.187Z"}
{"level":"info","message":"⌛ Validating game.wlk","timeElapsed":170,"timestamp":"2026-06-15T02:34:33.381Z"}
{"level":"info","message":"⌛ Validating game.wlk","timeElapsed":242,"timestamp":"2026-06-15T02:34:33.628Z"}
{"level":"info","message":"⌛ Validating game.wlk","timeElapsed":150,"timestamp":"2026-06-15T02:34:33.800Z"}
{"level":"info","message":"⌛ Validating game.wlk","timeElapsed":158,"timestamp":"2026-06-15T02:34:33.971Z"}
{"level":"info","message":"⌛ Validating game.wlk","timeElapsed":198,"timestamp":"2026-06-15T02:34:34.169Z"}
{"level":"info","message":"⌛ Validating game.wlk","timeElapsed":232,"timestamp":"2026-06-15T02:34:34.412Z"}
{"level":"info","message":"⌛ Validating game.wlk","timeElapsed":315,"timestamp":"2026-06-15T02:34:34.728Z"}
{"level":"info","message":"⌛ Validating game.wlk","timeElapsed":247,"timestamp":"2026-06-15T02:34:34.976Z"}
{"level":"info","message":"⌛ Validating game.wlk","timeElapsed":603,"timestamp":"2026-06-15T02:34:35.580Z"}
{"level":"info","message":"⌛ Building environment","timeElapsed":283,"timestamp":"2026-06-15T02:34:35.864Z"}
{"level":"info","message":"⌛ Validating game.wlk","timeElapsed":316,"timestamp":"2026-06-15T02:34:36.285Z"}
{"level":"info","message":"⌛ Building environment","timeElapsed":245,"timestamp":"2026-06-15T02:34:44.172Z"}
{"level":"info","message":"⌛ Building environment","timeElapsed":245,"timestamp":"2026-06-15T02:34:44.418Z"}
{"level":"info","message":"⌛ Validating game.wlk","timeElapsed":264,"timestamp":"2026-06-15T02:34:44.683Z"}
{"level":"info","message":"⌛ Building environment","timeElapsed":305,"timestamp":"2026-06-15T02:34:44.988Z"}
{"level":"info","message":"⌛ Validating game.wlk","timeElapsed":269,"timestamp":"2026-06-15T02:34:45.275Z"}
{"level":"info","message":"⌛ Building environment","timeElapsed":272,"timestamp":"2026-06-15T02:34:45.560Z"}
{"level":"info","message":"⌛ Validating game.wlk","timeElapsed":264,"timestamp":"2026-06-15T02:34:45.858Z"}
{"level":"info","message":"⌛ Validating game.wlk","timeElapsed":215,"timestamp":"2026-06-15T02:34:46.103Z"}
{"level":"info","message":"⌛ Building environment","timeElapsed":532,"timestamp":"2026-06-15T02:35:05.008Z"}
{"level":"info","message":"⌛ Building environment","timeElapsed":316,"timestamp":"2026-06-15T02:35:05.741Z"}
{"level":"info","message":"⌛ Validating game.wlk","timeElapsed":459,"timestamp":"2026-06-15T02:35:06.245Z"}
{"level":"info","message":"⌛ Validating game.wlk","timeElapsed":366,"timestamp":"2026-06-15T02:35:06.612Z"}
{"level":"info","message":"⌛ Building environment","timeElapsed":314,"timestamp":"2026-06-15T02:35:12.410Z"}
{"level":"info","message":"⌛ Building environment","timeElapsed":257,"timestamp":"2026-06-15T02:35:12.668Z"}
{"level":"info","message":"⌛ Validating game.wlk","timeElapsed":275,"timestamp":"2026-06-15T02:35:12.960Z"}
{"level":"info","message":"⌛ Validating game.wlk","timeElapsed":219,"timestamp":"2026-06-15T02:35:13.182Z"}
{"level":"info","message":"⌛ Building environment","timeElapsed":277,"timestamp":"2026-06-15T02:35:14.406Z"}
{"level":"info","message":"⌛ Validating game.wlk","timeElapsed":348,"timestamp":"2026-06-15T02:35:14.899Z"}
{"level":"info","message":"⌛ Building environment","timeElapsed":491,"timestamp":"2026-06-15T02:35:17.402Z"}
{"level":"info","message":"⌛ Validating game.wlk","timeElapsed":235,"timestamp":"2026-06-15T02:35:17.879Z"}
{"level":"info","message":"⌛ Building environment","timeElapsed":258,"timestamp":"2026-06-15T02:35:20.294Z"}
{"level":"info","message":"⌛ Validating game.wlk","timeElapsed":249,"timestamp":"2026-06-15T02:35:20.591Z"}
{"level":"info","message":"⌛ Building environment","timeElapsed":257,"timestamp":"2026-06-15T02:35:38.051Z"}
{"level":"info","message":"⌛ Validating game.wlk","timeElapsed":300,"timestamp":"2026-06-15T02:35:38.408Z"}
{"level":"info","message":"⌛ Building environment","timeElapsed":295,"timestamp":"2026-06-15T02:35:42.762Z"}
{"level":"info","message":"⌛ Validating game.wlk","timeElapsed":236,"timestamp":"2026-06-15T02:35:43.069Z"}
{"level":"info","message":"⌛ Building environment","timeElapsed":234,"timestamp":"2026-06-15T02:35:43.597Z"}
{"level":"info","message":"⌛ Validating game.wlk","timeElapsed":318,"timestamp":"2026-06-15T02:35:44.416Z"}
{"level":"info","message":"⌛ Building environment","timeElapsed":254,"timestamp":"2026-06-15T02:36:02.555Z"}
{"level":"info","message":"⌛ Building environment","timeElapsed":268,"timestamp":"2026-06-15T02:36:02.826Z"}
{"level":"info","message":"⌛ Validating mainExample.wpgm","timeElapsed":271,"timestamp":"2026-06-15T02:36:03.097Z"}
{"level":"info","message":"⌛ Building environment","timeElapsed":257,"timestamp":"2026-06-15T02:36:03.357Z"}
{"level":"info","message":"⌛ Building environment","timeElapsed":208,"timestamp":"2026-06-15T02:36:03.579Z"}
{"level":"info","message":"⌛ Validating mainExample.wpgm","timeElapsed":250,"timestamp":"2026-06-15T02:36:03.877Z"}
{"level":"info","message":"⌛ Building environment","timeElapsed":156,"timestamp":"2026-06-15T02:36:04.044Z"}
{"level":"info","message":"⌛ Validating mainExample.wpgm","timeElapsed":189,"timestamp":"2026-06-15T02:36:04.247Z"}
{"level":"info","message":"⌛ Validating mainExample.wpgm","timeElapsed":174,"timestamp":"2026-06-15T02:36:04.432Z"}
{"level":"info","message":"⌛ Validating mainExample.wpgm","timeElapsed":227,"timestamp":"2026-06-15T02:36:04.660Z"}
{"level":"info","message":"⌛ Building environment","timeElapsed":146,"timestamp":"2026-06-15T02:36:04.807Z"}
{"level":"info","message":"⌛ Validating mainExample.wpgm","timeElapsed":225,"timestamp":"2026-06-15T02:36:05.048Z"}
{"level":"info","message":"⌛ Building environment","timeElapsed":169,"timestamp":"2026-06-15T02:36:08.039Z"}
{"level":"info","message":"⌛ Building environment","timeElapsed":249,"timestamp":"2026-06-15T02:36:08.340Z"}
{"level":"info","message":"⌛ Validating mainExample.wpgm","timeElapsed":267,"timestamp":"2026-06-15T02:36:08.610Z"}
{"level":"info","message":"⌛ Validating mainExample.wpgm","timeElapsed":391,"timestamp":"2026-06-15T02:36:09.021Z"}
{"level":"info","message":"⌛ Building environment","timeElapsed":179,"timestamp":"2026-06-15T02:36:09.208Z"}
{"level":"info","message":"⌛ Building environment","timeElapsed":178,"timestamp":"2026-06-15T02:36:09.395Z"}
{"level":"info","message":"⌛ Validating mainExample.wpgm","timeElapsed":180,"timestamp":"2026-06-15T02:36:09.597Z"}
{"level":"info","message":"⌛ Validating mainExample.wpgm","timeElapsed":154,"timestamp":"2026-06-15T02:36:09.764Z"}
{"level":"error","message":"✘ Failed to rebuild document Failed to parse mainExample.wpgm: \n-- PARSING FAILED --------------------------------------------------\n\n  19 | \tgame.width(34)\n  20 |     \n> 21 | \tgame(btnreiniciar\n     |      ^\n  22 | \tgame.addVisual(piedra)\n  23 | \tgame.addVisual(papel)\n\nExpected:\n\nsentence\n","stack":"Error: Failed to parse mainExample.wpgm: \n-- PARSING FAILED --------------------------------------------------\n\n  19 | \tgame.width(34)\n  20 |     \n> 21 | \tgame(btnreiniciar\n     |      ^\n  22 | \tgame.addVisual(piedra)\n  23 | \tgame.addVisual(papel)\n\nExpected:\n\nsentence\n\n    at c:\\Users\\Estudiante\\.vscode\\extensions\\uqbar.wollok-lsp-ide-0.5.4\\out\\server\\src\\server.js:2353:13026\n    at Array.map (<anonymous>)\n    at U1n (c:\\Users\\Estudiante\\.vscode\\extensions\\uqbar.wollok-lsp-ide-0.5.4\\out\\server\\src\\server.js:2353:12950)\n    at H2.buildEnvironmentFrom (c:\\Users\\Estudiante\\.vscode\\extensions\\uqbar.wollok-lsp-ide-0.5.4\\out\\server\\src\\server.js:2398:5254)\n    at H2.updateEnvironmentWith (c:\\Users\\Estudiante\\.vscode\\extensions\\uqbar.wollok-lsp-ide-0.5.4\\out\\server\\src\\server.js:2398:4989)\n    at GF (c:\\Users\\Estudiante\\.vscode\\extensions\\uqbar.wollok-lsp-ide-0.5.4\\out\\server\\src\\server.js:2398:7383)\n    at V3.invoke (c:\\Users\\Estudiante\\.vscode\\extensions\\uqbar.wollok-lsp-ide-0.5.4\\out\\server\\src\\server.js:3:157328)\n    at o.fire (c:\\Users\\Estudiante\\.vscode\\extensions\\uqbar.wollok-lsp-ide-0.5.4\\out\\server\\src\\server.js:3:158098)\n    at c:\\Users\\Estudiante\\.vscode\\extensions\\uqbar.wollok-lsp-ide-0.5.4\\out\\server\\src\\server.js:37:57871\n    at nd (c:\\Users\\Estudiante\\.vscode\\extensions\\uqbar.wollok-lsp-ide-0.5.4\\out\\server\\src\\server.js:8:1561)","timestamp":"2026-06-15T02:36:10.392Z"}
{"level":"error","message":"✘ Failed to rebuild document Failed to parse mainExample.wpgm: \n-- PARSING FAILED --------------------------------------------------\n\n  19 | \tgame.width(34)\n  20 |     \n> 21 | \tgame(btnreiniciar)\n     |      ^\n  22 | \tgame.addVisual(piedra)\n  23 | \tgame.addVisual(papel)\n\nExpected:\n\nsentence\n","stack":"Error: Failed to parse mainExample.wpgm: \n-- PARSING FAILED --------------------------------------------------\n\n  19 | \tgame.width(34)\n  20 |     \n> 21 | \tgame(btnreiniciar)\n     |      ^\n  22 | \tgame.addVisual(piedra)\n  23 | \tgame.addVisual(papel)\n\nExpected:\n\nsentence\n\n    at c:\\Users\\Estudiante\\.vscode\\extensions\\uqbar.wollok-lsp-ide-0.5.4\\out\\server\\src\\server.js:2353:13026\n    at Array.map (<anonymous>)\n    at U1n (c:\\Users\\Estudiante\\.vscode\\extensions\\uqbar.wollok-lsp-ide-0.5.4\\out\\server\\src\\server.js:2353:12950)\n    at H2.buildEnvironmentFrom (c:\\Users\\Estudiante\\.vscode\\extensions\\uqbar.wollok-lsp-ide-0.5.4\\out\\server\\src\\server.js:2398:5254)\n    at H2.updateEnvironmentWith (c:\\Users\\Estudiante\\.vscode\\extensions\\uqbar.wollok-lsp-ide-0.5.4\\out\\server\\src\\server.js:2398:4989)\n    at GF (c:\\Users\\Estudiante\\.vscode\\extensions\\uqbar.wollok-lsp-ide-0.5.4\\out\\server\\src\\server.js:2398:7383)\n    at V3.invoke (c:\\Users\\Estudiante\\.vscode\\extensions\\uqbar.wollok-lsp-ide-0.5.4\\out\\server\\src\\server.js:3:157328)\n    at o.fire (c:\\Users\\Estudiante\\.vscode\\extensions\\uqbar.wollok-lsp-ide-0.5.4\\out\\server\\src\\server.js:3:158098)\n    at c:\\Users\\Estudiante\\.vscode\\extensions\\uqbar.wollok-lsp-ide-0.5.4\\out\\server\\src\\server.js:37:57871\n    at nd (c:\\Users\\Estudiante\\.vscode\\extensions\\uqbar.wollok-lsp-ide-0.5.4\\out\\server\\src\\server.js:8:1561)","timestamp":"2026-06-15T02:36:12.814Z"}
{"level":"info","message":"⌛ Building environment","timeElapsed":326,"timestamp":"2026-06-15T02:36:17.897Z"}
{"level":"info","message":"⌛ Building environment","timeElapsed":270,"timestamp":"2026-06-15T02:36:18.232Z"}
{"level":"info","message":"⌛ Validating mainExample.wpgm","timeElapsed":242,"timestamp":"2026-06-15T02:36:18.495Z"}
{"level":"info","message":"⌛ Building environment","timeElapsed":174,"timestamp":"2026-06-15T02:36:18.695Z"}
{"level":"info","message":"⌛ Validating mainExample.wpgm","timeElapsed":176,"timestamp":"2026-06-15T02:36:18.878Z"}
{"level":"info","message":"⌛ Building environment","timeElapsed":154,"timestamp":"2026-06-15T02:36:19.044Z"}
{"level":"info","message":"⌛ Validating mainExample.wpgm","timeElapsed":345,"timestamp":"2026-06-15T02:36:19.411Z"}
{"level":"info","message":"⌛ Validating mainExample.wpgm","timeElapsed":190,"timestamp":"2026-06-15T02:36:19.607Z"}
{"level":"info","message":"⌛ Building environment","timeElapsed":402,"timestamp":"2026-06-15T02:36:20.242Z"}
{"level":"info","message":"⌛ Validating mainExample.wpgm","timeElapsed":261,"timestamp":"2026-06-15T02:36:20.542Z"}
{"level":"info","message":"⌛ Building environment","timeElapsed":288,"timestamp":"2026-06-15T02:36:23.767Z"}
{"level":"info","message":"⌛ Building environment","timeElapsed":204,"timestamp":"2026-06-15T02:36:23.983Z"}
{"level":"info","message":"⌛ Validating mainExample.wpgm","timeElapsed":243,"timestamp":"2026-06-15T02:36:24.228Z"}
{"level":"info","message":"⌛ Building environment","timeElapsed":207,"timestamp":"2026-06-15T02:36:24.440Z"}
{"level":"info","message":"⌛ Validating mainExample.wpgm","timeElapsed":244,"timestamp":"2026-06-15T02:36:24.685Z"}
{"level":"info","message":"⌛ Building environment","timeElapsed":208,"timestamp":"2026-06-15T02:36:24.932Z"}
{"level":"info","message":"⌛ Validating mainExample.wpgm","timeElapsed":271,"timestamp":"2026-06-15T02:36:25.211Z"}
{"level":"info","message":"⌛ Building environment","timeElapsed":191,"timestamp":"2026-06-15T02:36:25.416Z"}
{"level":"info","message":"⌛ Validating mainExample.wpgm","timeElapsed":244,"timestamp":"2026-06-15T02:36:25.684Z"}
{"level":"info","message":"⌛ Building environment","timeElapsed":215,"timestamp":"2026-06-15T02:36:25.901Z"}
{"level":"info","message":"⌛ Building environment","timeElapsed":180,"timestamp":"2026-06-15T02:36:26.091Z"}
{"level":"info","message":"⌛ Building environment","timeElapsed":152,"timestamp":"2026-06-15T02:36:26.265Z"}
{"level":"info","message":"⌛ Building environment","timeElapsed":233,"timestamp":"2026-06-15T02:36:26.516Z"}
{"level":"info","message":"⌛ Validating mainExample.wpgm","timeElapsed":193,"timestamp":"2026-06-15T02:36:26.734Z"}
{"level":"info","message":"⌛ Building environment","timeElapsed":216,"timestamp":"2026-06-15T02:36:26.951Z"}
{"level":"info","message":"⌛ Building environment","timeElapsed":633,"timestamp":"2026-06-15T02:36:27.619Z"}
{"level":"info","message":"⌛ Building environment","timeElapsed":605,"timestamp":"2026-06-15T02:36:28.290Z"}
{"level":"info","message":"⌛ Validating mainExample.wpgm","timeElapsed":378,"timestamp":"2026-06-15T02:36:28.719Z"}
{"level":"info","message":"⌛ Building environment","timeElapsed":596,"timestamp":"2026-06-15T02:36:29.315Z"}
{"level":"info","message":"⌛ Validating mainExample.wpgm","timeElapsed":254,"timestamp":"2026-06-15T02:36:29.600Z"}
{"level":"info","message":"⌛ Validating mainExample.wpgm","timeElapsed":248,"timestamp":"2026-06-15T02:36:29.852Z"}
{"level":"info","message":"⌛ Building environment","timeElapsed":477,"timestamp":"2026-06-15T02:36:30.385Z"}
{"level":"info","message":"⌛ Validating mainExample.wpgm","timeElapsed":243,"timestamp":"2026-06-15T02:36:30.631Z"}
{"level":"info","message":"⌛ Validating mainExample.wpgm","timeElapsed":187,"timestamp":"2026-06-15T02:36:30.863Z"}
{"level":"info","message":"⌛ Validating mainExample.wpgm","timeElapsed":316,"timestamp":"2026-06-15T02:36:31.181Z"}
{"level":"info","message":"⌛ Validating mainExample.wpgm","timeElapsed":287,"timestamp":"2026-06-15T02:36:31.469Z"}
{"level":"info","message":"⌛ Validating mainExample.wpgm","timeElapsed":280,"timestamp":"2026-06-15T02:36:31.753Z"}
{"level":"info","message":"⌛ Building environment","timeElapsed":275,"timestamp":"2026-06-15T02:36:32.045Z"}
{"level":"info","message":"⌛ Validating mainExample.wpgm","timeElapsed":257,"timestamp":"2026-06-15T02:36:32.323Z"}
{"level":"info","message":"⌛ Building environment","timeElapsed":158,"timestamp":"2026-06-15T02:36:32.481Z"}
{"level":"info","message":"⌛ Building environment","timeElapsed":191,"timestamp":"2026-06-15T02:36:32.672Z"}
{"level":"info","message":"⌛ Building environment","timeElapsed":191,"timestamp":"2026-06-15T02:36:32.895Z"}
{"level":"info","message":"⌛ Validating mainExample.wpgm","timeElapsed":198,"timestamp":"2026-06-15T02:36:33.113Z"}
{"level":"info","message":"⌛ Validating mainExample.wpgm","timeElapsed":205,"timestamp":"2026-06-15T02:36:33.352Z"}
{"level":"info","message":"⌛ Validating mainExample.wpgm","timeElapsed":249,"timestamp":"2026-06-15T02:36:33.629Z"}
{"level":"info","message":"⌛ Building environment","timeElapsed":279,"timestamp":"2026-06-15T02:36:33.910Z"}
{"level":"info","message":"⌛ Validating mainExample.wpgm","timeElapsed":386,"timestamp":"2026-06-15T02:36:34.334Z"}
{"level":"info","message":"⌛ Validating mainExample.wpgm","timeElapsed":182,"timestamp":"2026-06-15T02:36:34.546Z"}
{"level":"info","message":"⌛ Building environment","timeElapsed":322,"timestamp":"2026-06-15T02:36:57.680Z"}
{"level":"info","message":"⌛ Validating game.wlk","timeElapsed":320,"timestamp":"2026-06-15T02:36:58.145Z"}
{"level":"info","message":"⌛ Building environment","timeElapsed":581,"timestamp":"2026-06-15T02:37:37.856Z"}
{"level":"info","message":"⌛ Validating game.wlk","timeElapsed":643,"timestamp":"2026-06-15T02:37:39.005Z"}
{"level":"info","message":"⌛ Validating mainExample.wpgm","timeElapsed":155,"timestamp":"2026-06-15T02:37:39.164Z"}
{"level":"info","message":"⌛ Building environment","timeElapsed":398,"timestamp":"2026-06-15T02:37:39.577Z"}
{"level":"info","message":"⌛ Validating game.wlk","timeElapsed":240,"timestamp":"2026-06-15T02:37:39.822Z"}
{"level":"info","message":"⌛ Validating mainExample.wpgm","timeElapsed":198,"timestamp":"2026-06-15T02:37:40.021Z"}
{"level":"info","message":"🚀 Program executed \u001b[3m\u001b[34mmainExample.PiedraPapelTijera\u001b[39m\u001b[23m on \u001b[3m\u001b[34mc:\\Users\\Estudiante\\Desktop\\Piedra-Papel-Tijera.wollok\u001b[39m\u001b[23m","ok":true,"timeElapsed":959,"timestamp":"2026-06-15T02:37:46.530Z"}
{"level":"info","message":"⌛ Building environment","timeElapsed":370,"timestamp":"2026-06-15T02:42:15.380Z"}
{"level":"info","message":"⌛ Building environment","timeElapsed":330,"timestamp":"2026-06-15T02:42:15.814Z"}
{"level":"info","message":"⌛ Validating game.wlk","timeElapsed":252,"timestamp":"2026-06-15T02:42:16.112Z"}
{"level":"info","message":"⌛ Validating game.wlk","timeElapsed":398,"timestamp":"2026-06-15T02:42:16.517Z"}
{"level":"info","message":"⌛ Building environment","timeElapsed":389,"timestamp":"2026-06-15T02:42:17.362Z"}
{"level":"info","message":"⌛ Validating game.wlk","timeElapsed":283,"timestamp":"2026-06-15T02:42:17.898Z"}
{"level":"info","message":"⌛ Building environment","timeElapsed":364,"timestamp":"2026-06-15T02:43:04.082Z"}
{"level":"info","message":"⌛ Building environment","timeElapsed":437,"timestamp":"2026-06-15T02:43:04.560Z"}
{"level":"info","message":"⌛ Building environment","timeElapsed":335,"timestamp":"2026-06-15T02:43:04.900Z"}
{"level":"info","message":"⌛ Building environment","timeElapsed":428,"timestamp":"2026-06-15T02:43:05.390Z"}
{"level":"info","message":"⌛ Building environment","timeElapsed":250,"timestamp":"2026-06-15T02:43:05.641Z"}
{"level":"info","message":"⌛ Validating game.wlk","timeElapsed":286,"timestamp":"2026-06-15T02:43:05.960Z"}
{"level":"info","message":"⌛ Building environment","timeElapsed":322,"timestamp":"2026-06-15T02:43:06.411Z"}
{"level":"info","message":"⌛ Building environment","timeElapsed":288,"timestamp":"2026-06-15T02:43:06.730Z"}
{"level":"info","message":"⌛ Building environment","timeElapsed":267,"timestamp":"2026-06-15T02:43:06.999Z"}
{"level":"info","message":"⌛ Validating game.wlk","timeElapsed":435,"timestamp":"2026-06-15T02:43:07.502Z"}
{"level":"info","message":"⌛ Validating game.wlk","timeElapsed":352,"timestamp":"2026-06-15T02:43:07.859Z"}
{"level":"info","message":"⌛ Validating game.wlk","timeElapsed":418,"timestamp":"2026-06-15T02:43:08.278Z"}
{"level":"info","message":"⌛ Validating game.wlk","timeElapsed":505,"timestamp":"2026-06-15T02:43:08.784Z"}
{"level":"info","message":"⌛ Validating game.wlk","timeElapsed":316,"timestamp":"2026-06-15T02:43:09.101Z"}
{"level":"info","message":"⌛ Validating game.wlk","timeElapsed":311,"timestamp":"2026-06-15T02:43:09.424Z"}
{"level":"info","message":"⌛ Building environment","timeElapsed":336,"timestamp":"2026-06-15T02:43:09.760Z"}
{"level":"info","message":"⌛ Validating game.wlk","timeElapsed":311,"timestamp":"2026-06-15T02:43:10.072Z"}
{"level":"info","message":"⌛ Building environment","timeElapsed":422,"timestamp":"2026-06-15T02:43:10.514Z"}
{"level":"info","message":"⌛ Building environment","timeElapsed":326,"timestamp":"2026-06-15T02:43:10.880Z"}
{"level":"info","message":"⌛ Building environment","timeElapsed":422,"timestamp":"2026-06-15T02:43:11.303Z"}
{"level":"info","message":"⌛ Building environment","timeElapsed":250,"timestamp":"2026-06-15T02:43:11.575Z"}
{"level":"info","message":"⌛ Validating game.wlk","timeElapsed":216,"timestamp":"2026-06-15T02:43:11.846Z"}
{"level":"info","message":"⌛ Validating game.wlk","timeElapsed":219,"timestamp":"2026-06-15T02:43:12.088Z"}
{"level":"info","message":"⌛ Building environment","timeElapsed":256,"timestamp":"2026-06-15T02:43:12.344Z"}
{"level":"info","message":"⌛ Validating game.wlk","timeElapsed":297,"timestamp":"2026-06-15T02:43:12.658Z"}
{"level":"info","message":"⌛ Building environment","timeElapsed":302,"timestamp":"2026-06-15T02:43:12.961Z"}
{"level":"info","message":"⌛ Validating game.wlk","timeElapsed":392,"timestamp":"2026-06-15T02:43:13.371Z"}
{"level":"info","message":"⌛ Validating game.wlk","timeElapsed":299,"timestamp":"2026-06-15T02:43:13.674Z"}
{"level":"info","message":"⌛ Building environment","timeElapsed":235,"timestamp":"2026-06-15T02:43:13.913Z"}
{"level":"info","message":"⌛ Validating game.wlk","timeElapsed":301,"timestamp":"2026-06-15T02:43:14.219Z"}
{"level":"info","message":"⌛ Building environment","timeElapsed":207,"timestamp":"2026-06-15T02:43:14.454Z"}
{"level":"info","message":"⌛ Validating game.wlk","timeElapsed":235,"timestamp":"2026-06-15T02:43:14.691Z"}
{"level":"info","message":"⌛ Building environment","timeElapsed":821,"timestamp":"2026-06-15T02:43:15.539Z"}
{"level":"info","message":"⌛ Validating game.wlk","timeElapsed":258,"timestamp":"2026-06-15T02:43:15.818Z"}
{"level":"info","message":"⌛ Validating game.wlk","timeElapsed":337,"timestamp":"2026-06-15T02:43:16.179Z"}
{"level":"info","message":"⌛ Building environment","timeElapsed":294,"timestamp":"2026-06-15T02:43:16.493Z"}
{"level":"info","message":"⌛ Building environment","timeElapsed":277,"timestamp":"2026-06-15T02:43:16.777Z"}
{"level":"info","message":"⌛ Building environment","timeElapsed":344,"timestamp":"2026-06-15T02:43:17.160Z"}
{"level":"info","message":"⌛ Validating game.wlk","timeElapsed":565,"timestamp":"2026-06-15T02:43:17.782Z"}
{"level":"info","message":"⌛ Validating game.wlk","timeElapsed":367,"timestamp":"2026-06-15T02:43:18.159Z"}
{"level":"info","message":"⌛ Validating game.wlk","timeElapsed":396,"timestamp":"2026-06-15T02:43:18.568Z"}
{"level":"info","message":"⌛ Validating game.wlk","timeElapsed":437,"timestamp":"2026-06-15T02:43:19.008Z"}
{"exitCode":"SIGINT","level":"info","message":"👾 Game executed mainExample.PiedraPapelTijera on c:\\Users\\Estudiante\\Desktop\\Piedra-Papel-Tijera.wollok","timeElapsed":343228,"timestamp":"2026-06-15T02:43:28.796Z"}
{"level":"info","message":"⌛ Building environment","timeElapsed":602,"timestamp":"2026-06-15T02:43:59.531Z"}
{"level":"info","message":"⌛ Building environment","timeElapsed":404,"timestamp":"2026-06-15T02:43:59.939Z"}
{"level":"info","message":"Removing diagnostics from /C:/Users/Estudiante/Desktop/Piedra-Papel-Tijera.wollok/assets/Reinicio.webp","timestamp":"2026-06-15T02:44:00.059Z"}
{"level":"info","message":"⌛ Building environment","timeElapsed":199,"timestamp":"2026-06-15T02:44:00.326Z"}
{"level":"info","message":"⌛ Building environment","timeElapsed":192,"timestamp":"2026-06-15T02:44:00.529Z"}
{"level":"info","message":"⌛ Validating tests.wtest","timeElapsed":258,"timestamp":"2026-06-15T02:44:00.841Z"}
{"level":"info","message":"⌛ Validating assets/mainExample.wpgm","timeElapsed":649,"timestamp":"2026-06-15T02:44:01.491Z"}
{"level":"info","message":"⌛ Building environment","timeElapsed":930,"timestamp":"2026-06-15T02:44:04.975Z"}
{"level":"info","message":"⌛ Building environment","timeElapsed":262,"timestamp":"2026-06-15T02:44:05.240Z"}
{"level":"info","message":"Removing diagnostics from /C:/Users/Estudiante/Desktop/Piedra-Papel-Tijera.wollok/assets/reiniciar.png","timestamp":"2026-06-15T02:44:05.346Z"}
{"level":"info","message":"⌛ Building environment","timeElapsed":576,"timestamp":"2026-06-15T02:44:12.397Z"}
{"level":"info","message":"⌛ Building environment","timeElapsed":930,"timestamp":"2026-06-15T02:44:13.328Z"}
{"level":"info","message":"Removing diagnostics from /C:/Users/Estudiante/Desktop/Piedra-Papel-Tijera.wollok/assets/reinicia.png","timestamp":"2026-06-15T02:44:13.433Z"}
{"level":"info","message":"⌛ Building environment","timeElapsed":751,"timestamp":"2026-06-15T02:56:50.162Z"}
{"level":"info","message":"⌛ Building environment","timeElapsed":608,"timestamp":"2026-06-15T02:56:50.772Z"}
{"level":"info","message":"⌛ Building environment","timeElapsed":385,"timestamp":"2026-06-15T02:56:51.170Z"}
{"level":"info","message":"⌛ Building environment","timeElapsed":417,"timestamp":"2026-06-15T02:56:51.656Z"}
{"level":"info","message":"⌛ Building environment","timeElapsed":306,"timestamp":"2026-06-15T02:56:52.015Z"}
{"level":"info","message":"⌛ Building environment","timeElapsed":354,"timestamp":"2026-06-15T02:56:52.391Z"}
{"level":"info","message":"⌛ Validating game.wlk","timeElapsed":787,"timestamp":"2026-06-15T02:56:53.352Z"}
{"level":"info","message":"⌛ Validating game.wlk","timeElapsed":979,"timestamp":"2026-06-15T02:56:54.334Z"}
{"level":"info","message":"⌛ Validating game.wlk","timeElapsed":1133,"timestamp":"2026-06-15T02:56:55.468Z"}
{"level":"info","message":"⌛ Validating game.wlk","timeElapsed":809,"timestamp":"2026-06-15T02:56:56.278Z"}
{"level":"info","message":"⌛ Validating game.wlk","timeElapsed":832,"timestamp":"2026-06-15T02:56:57.111Z"}
{"level":"info","message":"⌛ Validating game.wlk","timeElapsed":1229,"timestamp":"2026-06-15T02:56:58.341Z"}
{"level":"info","message":"🚀 Program executed \u001b[3m\u001b[34mmainExample.PiedraPapelTijera\u001b[39m\u001b[23m on \u001b[3m\u001b[34mc:\\Users\\Estudiante\\Desktop\\Piedra-Papel-Tijera.wollok\u001b[39m\u001b[23m","ok":true,"timeElapsed":1410,"timestamp":"2026-06-15T02:57:14.704Z"}
{"level":"info","message":"⌛ Building environment","timeElapsed":278,"timestamp":"2026-06-15T02:58:18.144Z"}
{"level":"info","message":"⌛ Validating game.wlk","timeElapsed":284,"timestamp":"2026-06-15T02:58:18.507Z"}
{"level":"info","message":"⌛ Building environment","timeElapsed":251,"timestamp":"2026-06-15T02:58:24.417Z"}
{"level":"info","message":"⌛ Validating game.wlk","timeElapsed":328,"timestamp":"2026-06-15T02:58:24.795Z"}
{"level":"info","message":"⌛ Building environment","timeElapsed":235,"timestamp":"2026-06-15T02:58:27.295Z"}
{"level":"info","message":"⌛ Validating game.wlk","timeElapsed":270,"timestamp":"2026-06-15T02:58:27.617Z"}
{"level":"info","message":"⌛ Building environment","timeElapsed":213,"timestamp":"2026-06-15T02:58:28.235Z"}
{"level":"info","message":"⌛ Validating game.wlk","timeElapsed":242,"timestamp":"2026-06-15T02:58:28.511Z"}
{"level":"info","message":"⌛ Building environment","timeElapsed":336,"timestamp":"2026-06-15T02:59:15.032Z"}
{"level":"info","message":"⌛ Validating game.wlk","timeElapsed":238,"timestamp":"2026-06-15T02:59:15.447Z"}
{"level":"info","message":"⌛ Building environment","timeElapsed":360,"timestamp":"2026-06-15T02:59:16.293Z"}
{"level":"info","message":"⌛ Validating game.wlk","timeElapsed":240,"timestamp":"2026-06-15T02:59:16.822Z"}
{"exitCode":"SIGINT","level":"info","message":"👾 Game executed mainExample.PiedraPapelTijera on c:\\Users\\Estudiante\\Desktop\\Piedra-Papel-Tijera.wollok","timeElapsed":129664,"timestamp":"2026-06-15T02:59:22.958Z"}
{"level":"info","message":"🚀 Program executed \u001b[3m\u001b[34mmainExample.PiedraPapelTijera\u001b[39m\u001b[23m on \u001b[3m\u001b[34mc:\\Users\\Estudiante\\Desktop\\Piedra-Papel-Tijera.wollok\u001b[39m\u001b[23m","ok":true,"timeElapsed":1445,"timestamp":"2026-06-15T02:59:38.296Z"}
{"level":"info","message":"⌛ Building environment","timeElapsed":261,"timestamp":"2026-06-15T03:16:47.999Z"}
{"level":"info","message":"⌛ Validating mainExample.wpgm","timeElapsed":377,"timestamp":"2026-06-15T03:16:48.395Z"}
{"level":"info","message":"⌛ Building environment","timeElapsed":482,"timestamp":"2026-06-15T03:16:49.322Z"}
{"level":"info","message":"⌛ Building environment","timeElapsed":336,"timestamp":"2026-06-15T03:16:49.729Z"}
{"level":"info","message":"⌛ Building environment","timeElapsed":460,"timestamp":"2026-06-15T03:16:50.249Z"}
{"level":"info","message":"⌛ Building environment","timeElapsed":347,"timestamp":"2026-06-15T03:16:50.597Z"}
{"level":"info","message":"⌛ Building environment","timeElapsed":256,"timestamp":"2026-06-15T03:16:50.856Z"}
{"level":"info","message":"⌛ Building environment","timeElapsed":277,"timestamp":"2026-06-15T03:16:51.134Z"}
{"level":"info","message":"⌛ Building environment","timeElapsed":300,"timestamp":"2026-06-15T03:16:51.476Z"}
{"level":"info","message":"⌛ Building environment","timeElapsed":255,"timestamp":"2026-06-15T03:16:51.743Z"}
{"level":"info","message":"⌛ Building environment","timeElapsed":328,"timestamp":"2026-06-15T03:16:52.088Z"}
{"level":"info","message":"⌛ Building environment","timeElapsed":332,"timestamp":"2026-06-15T03:16:52.423Z"}
{"level":"info","message":"⌛ Building environment","timeElapsed":316,"timestamp":"2026-06-15T03:16:52.770Z"}
{"level":"info","message":"⌛ Validating mainExample.wpgm","timeElapsed":324,"timestamp":"2026-06-15T03:16:53.101Z"}
{"level":"info","message":"⌛ Building environment","timeElapsed":367,"timestamp":"2026-06-15T03:16:53.506Z"}
{"level":"info","message":"⌛ Building environment","timeElapsed":346,"timestamp":"2026-06-15T03:16:53.853Z"}
{"level":"info","message":"⌛ Validating mainExample.wpgm","timeElapsed":446,"timestamp":"2026-06-15T03:16:54.314Z"}
{"level":"info","message":"⌛ Building environment","timeElapsed":270,"timestamp":"2026-06-15T03:16:54.585Z"}
{"level":"info","message":"⌛ Validating mainExample.wpgm","timeElapsed":326,"timestamp":"2026-06-15T03:16:54.945Z"}
{"level":"info","message":"⌛ Building environment","timeElapsed":416,"timestamp":"2026-06-15T03:16:55.362Z"}
{"level":"info","message":"⌛ Validating mainExample.wpgm","timeElapsed":501,"timestamp":"2026-06-15T03:16:55.864Z"}
{"level":"info","message":"⌛ Validating mainExample.wpgm","timeElapsed":422,"timestamp":"2026-06-15T03:16:56.297Z"}
{"level":"info","message":"⌛ Validating mainExample.wpgm","timeElapsed":421,"timestamp":"2026-06-15T03:16:56.719Z"}
{"level":"info","message":"⌛ Validating mainExample.wpgm","timeElapsed":367,"timestamp":"2026-06-15T03:16:57.094Z"}
{"level":"info","message":"⌛ Validating mainExample.wpgm","timeElapsed":285,"timestamp":"2026-06-15T03:16:57.380Z"}
{"level":"info","message":"⌛ Building environment","timeElapsed":228,"timestamp":"2026-06-15T03:16:57.610Z"}
{"level":"info","message":"⌛ Validating mainExample.wpgm","timeElapsed":295,"timestamp":"2026-06-15T03:16:57.943Z"}
{"level":"info","message":"⌛ Building environment","timeElapsed":356,"timestamp":"2026-06-15T03:16:58.337Z"}
{"level":"info","message":"⌛ Validating mainExample.wpgm","timeElapsed":277,"timestamp":"2026-06-15T03:16:58.615Z"}
{"level":"info","message":"⌛ Validating mainExample.wpgm","timeElapsed":197,"timestamp":"2026-06-15T03:16:58.848Z"}
{"level":"error","message":"✘ Completions for node Send ([42:2, 47:6] - mainExample.wpgm) failed: Error: [Send]{c1e937} at mainExample.wpgm:42 exhausted all cases without a match [Send]{c1e937} at mainExample.wpgm:42 exhausted all cases without a match","stack":"Error: [Send]{c1e937} at mainExample.wpgm:42 exhausted all cases without a match\n    at c:\\Users\\Estudiante\\.vscode\\extensions\\uqbar.wollok-lsp-ide-0.5.4\\out\\server\\src\\server.js:38:6142\n    at L2 (c:\\Users\\Estudiante\\.vscode\\extensions\\uqbar.wollok-lsp-ide-0.5.4\\out\\server\\src\\server.js:2389:42)\n    at Jh (c:\\Users\\Estudiante\\.vscode\\extensions\\uqbar.wollok-lsp-ide-0.5.4\\out\\server\\src\\server.js:2389:1092)\n    at M5n (c:\\Users\\Estudiante\\.vscode\\extensions\\uqbar.wollok-lsp-ide-0.5.4\\out\\server\\src\\server.js:2389:1248)\n    at c:\\Users\\Estudiante\\.vscode\\extensions\\uqbar.wollok-lsp-ide-0.5.4\\out\\server\\src\\server.js:38:6131\n    at L2 (c:\\Users\\Estudiante\\.vscode\\extensions\\uqbar.wollok-lsp-ide-0.5.4\\out\\server\\src\\server.js:2389:42)\n    at c:\\Users\\Estudiante\\.vscode\\extensions\\uqbar.wollok-lsp-ide-0.5.4\\out\\server\\src\\server.js:2389:2988\n    at c:\\Users\\Estudiante\\.vscode\\extensions\\uqbar.wollok-lsp-ide-0.5.4\\out\\server\\src\\server.js:2398:8440\n    at c:\\Users\\Estudiante\\.vscode\\extensions\\uqbar.wollok-lsp-ide-0.5.4\\out\\server\\src\\server.js:37:74872\n    at Ke (c:\\Users\\Estudiante\\.vscode\\extensions\\uqbar.wollok-lsp-ide-0.5.4\\out\\server\\src\\server.js:7:8527)","timestamp":"2026-06-15T03:16:58.904Z"}
{"level":"info","message":"⌛ Building environment","timeElapsed":444,"timestamp":"2026-06-15T03:16:59.352Z"}
{"level":"info","message":"⌛ Building environment","timeElapsed":191,"timestamp":"2026-06-15T03:16:59.546Z"}
{"level":"info","message":"⌛ Building environment","timeElapsed":361,"timestamp":"2026-06-15T03:16:59.913Z"}
{"level":"info","message":"⌛ Validating mainExample.wpgm","timeElapsed":574,"timestamp":"2026-06-15T03:17:00.632Z"}
{"level":"info","message":"⌛ Validating mainExample.wpgm","timeElapsed":425,"timestamp":"2026-06-15T03:17:01.057Z"}
{"level":"info","message":"⌛ Validating mainExample.wpgm","timeElapsed":350,"timestamp":"2026-06-15T03:17:01.415Z"}
{"level":"info","message":"⌛ Building environment","timeElapsed":243,"timestamp":"2026-06-15T03:17:01.749Z"}
{"level":"info","message":"⌛ Validating mainExample.wpgm","timeElapsed":248,"timestamp":"2026-06-15T03:17:02.010Z"}
{"level":"info","message":"⌛ Building environment","timeElapsed":188,"timestamp":"2026-06-15T03:17:02.204Z"}
{"level":"info","message":"⌛ Building environment","timeElapsed":221,"timestamp":"2026-06-15T03:17:02.485Z"}
{"level":"info","message":"⌛ Building environment","timeElapsed":171,"timestamp":"2026-06-15T03:17:02.692Z"}
{"level":"error","message":"✘ Completions for node Send ([42:2, 47:6] - mainExample.wpgm) failed: Error: [Send]{8f0276} at mainExample.wpgm:42 exhausted all cases without a match [Send]{8f0276} at mainExample.wpgm:42 exhausted all cases without a match","stack":"Error: [Send]{8f0276} at mainExample.wpgm:42 exhausted all cases without a match\n    at c:\\Users\\Estudiante\\.vscode\\extensions\\uqbar.wollok-lsp-ide-0.5.4\\out\\server\\src\\server.js:38:6142\n    at L2 (c:\\Users\\Estudiante\\.vscode\\extensions\\uqbar.wollok-lsp-ide-0.5.4\\out\\server\\src\\server.js:2389:42)\n    at Jh (c:\\Users\\Estudiante\\.vscode\\extensions\\uqbar.wollok-lsp-ide-0.5.4\\out\\server\\src\\server.js:2389:1092)\n    at M5n (c:\\Users\\Estudiante\\.vscode\\extensions\\uqbar.wollok-lsp-ide-0.5.4\\out\\server\\src\\server.js:2389:1248)\n    at c:\\Users\\Estudiante\\.vscode\\extensions\\uqbar.wollok-lsp-ide-0.5.4\\out\\server\\src\\server.js:38:6131\n    at L2 (c:\\Users\\Estudiante\\.vscode\\extensions\\uqbar.wollok-lsp-ide-0.5.4\\out\\server\\src\\server.js:2389:42)\n    at c:\\Users\\Estudiante\\.vscode\\extensions\\uqbar.wollok-lsp-ide-0.5.4\\out\\server\\src\\server.js:2389:2988\n    at c:\\Users\\Estudiante\\.vscode\\extensions\\uqbar.wollok-lsp-ide-0.5.4\\out\\server\\src\\server.js:2398:8440\n    at c:\\Users\\Estudiante\\.vscode\\extensions\\uqbar.wollok-lsp-ide-0.5.4\\out\\server\\src\\server.js:37:74872\n    at Ke (c:\\Users\\Estudiante\\.vscode\\extensions\\uqbar.wollok-lsp-ide-0.5.4\\out\\server\\src\\server.js:7:8527)","timestamp":"2026-06-15T03:17:02.755Z"}
{"level":"info","message":"⌛ Validating mainExample.wpgm","timeElapsed":295,"timestamp":"2026-06-15T03:17:03.058Z"}
{"level":"info","message":"⌛ Validating mainExample.wpgm","timeElapsed":196,"timestamp":"2026-06-15T03:17:03.258Z"}
{"level":"info","message":"⌛ Building environment","timeElapsed":141,"timestamp":"2026-06-15T03:17:03.400Z"}
{"level":"info","message":"⌛ Validating mainExample.wpgm","timeElapsed":244,"timestamp":"2026-06-15T03:17:03.695Z"}
{"level":"info","message":"⌛ Validating mainExample.wpgm","timeElapsed":286,"timestamp":"2026-06-15T03:17:03.982Z"}
{"level":"info","message":"⌛ Validating mainExample.wpgm","timeElapsed":185,"timestamp":"2026-06-15T03:17:04.167Z"}
{"level":"info","message":"⌛ Validating mainExample.wpgm","timeElapsed":173,"timestamp":"2026-06-15T03:17:04.354Z"}
{"level":"info","message":"⌛ Validating mainExample.wpgm","timeElapsed":227,"timestamp":"2026-06-15T03:17:04.629Z"}
{"level":"info","message":"⌛ Validating mainExample.wpgm","timeElapsed":217,"timestamp":"2026-06-15T03:17:04.864Z"}
{"level":"info","message":"⌛ Validating mainExample.wpgm","timeElapsed":279,"timestamp":"2026-06-15T03:17:05.144Z"}
{"level":"info","message":"⌛ Validating mainExample.wpgm","timeElapsed":197,"timestamp":"2026-06-15T03:17:05.353Z"}
{"level":"info","message":"⌛ Building environment","timeElapsed":238,"timestamp":"2026-06-15T03:17:11.916Z"}
{"level":"info","message":"⌛ Building environment","timeElapsed":230,"timestamp":"2026-06-15T03:17:12.181Z"}
{"level":"info","message":"⌛ Validating mainExample.wpgm","timeElapsed":364,"timestamp":"2026-06-15T03:17:12.572Z"}
{"level":"info","message":"⌛ Building environment","timeElapsed":241,"timestamp":"2026-06-15T03:17:12.816Z"}
{"level":"info","message":"⌛ Validating mainExample.wpgm","timeElapsed":246,"timestamp":"2026-06-15T03:17:13.077Z"}
{"level":"info","message":"⌛ Building environment","timeElapsed":149,"timestamp":"2026-06-15T03:17:13.248Z"}
{"level":"info","message":"⌛ Building environment","timeElapsed":170,"timestamp":"2026-06-15T03:17:13.433Z"}
{"level":"info","message":"⌛ Validating mainExample.wpgm","timeElapsed":349,"timestamp":"2026-06-15T03:17:13.885Z"}
{"level":"info","message":"⌛ Validating mainExample.wpgm","timeElapsed":305,"timestamp":"2026-06-15T03:17:14.196Z"}
{"level":"info","message":"⌛ Validating mainExample.wpgm","timeElapsed":211,"timestamp":"2026-06-15T03:17:14.417Z"}
{"level":"error","message":"✘ Failed to get type description: Error: Failed to print, found malformed node Failed to print, found malformed node","node":{"id":"a4097f2a-afbd-48eb-b290-0adbf6fa3782","metadata":[{"args":{"position":"inner","text":"// capturamos ENTER para jugar"},"name":"comment"}],"problems":[{"code":"malformedSentence","sourceMap":{"end":{"column":51,"line":49,"offset":1072},"start":{"column":2,"line":43,"offset":904}}}],"scope":{"containerScope":{"containerScope":{"containerScope":{"contributions":{},"includedScopes":[]},"contributions":{},"includedScopes":[{"contributions":{},"includedScopes":[]},{"contributions":{},"includedScopes":[]},{"contributions":{},"includedScopes":[]},{"contributions":{},"includedScopes":[]},{"contributions":{},"includedScopes":[]},{"contributions":{},"includedScopes":[]},{"contributions":{},"includedScopes":[]},{"contributions":{},"includedScopes":[]},{"contributions":{},"includedScopes":[]},{"contributions":{},"includedScopes":[]},{"contributions":{},"includedScopes":[]}]},"contributions":{},"includedScopes":[]},"contributions":{},"includedScopes":[]},"sentences":[{"args":[{"id":"23b156ee-c268-4d5e-ae14-8dba042bc390","metadata":[],"scope":{"containerScope":{"containerScope":{"containerScope":{"containerScope":{"containerScope":{"contributions":{},"includedScopes":[]},"contributions":{},"includedScopes":[{"contributions":{},"includedScopes":[]},{"contributions":{},"includedScopes":[]},{"contributions":{},"includedScopes":[]},{"contributions":{},"includedScopes":[]},{"contributions":{},"includedScopes":[]},{"contributions":{},"includedScopes":[]},{"contributions":{},"includedScopes":[]},{"contributions":{},"includedScopes":[]},{"contributions":{},"includedScopes":[]},{"contributions":{},"includedScopes":[]},{"contributions":{},"includedScopes":[]}]},"contributions":{},"includedScopes":[]},"contributions":{},"includedScopes":[]},"contributions":{},"includedScopes":[]},"contributions":{},"includedScopes":[]},"sourceMap":{"end":{"column":37,"line":18,"offset":382},"start":{"column":13,"line":18,"offset":358}},"value":"Piedra, Papel o Tijera"}],"id":"595af25c-c4b8-4e26-aae1-a22c6441468f","message":"title","metadata":[],"receiver":{"id":"b656e859-e247-4a45-8fc8-60bed49b283b","metadata":[],"name":"game","scope":{"containerScope":{"containerScope":{"containerScope":{"containerScope":{"containerScope":{"contributions":{},"includedScopes":[]},"contributions":{},"includedScopes":[{"contributions":{},"includedScopes":[]},{"contributions":{},"includedScopes":[]},{"contributions":{},"includedScopes":[]},{"contributions":{},"includedScopes":[]},{"contributions":{},"includedScopes":[]},{"contributions":{},"includedScopes":[]},{"contributions":{},"includedScopes":[]},{"contributions":{},"includedScopes":[]},{"contributions":{},"includedScopes":[]},{"contributions":{},"includedScopes":[]},{"contributions":{},"includedScopes":[]}]},"contributions":{},"includedScopes":[]},"contributions":{},"includedScopes":[]},"contributions":{},"includedScopes":[]},"contributions":{},"includedScopes":[]},"sourceMap":{"end":{"column":6,"line":18,"offset":351},"start":{"column":2,"line":18,"offset":347}}},"scope":{"containerScope":{"containerScope":{"containerScope":{"containerScope":{"contributions":{},"includedScopes":[]},"contributions":{},"includedScopes":[{"contributions":{},"includedScopes":[]},{"contributions":{},"includedScopes":[]},{"contributions":{},"includedScopes":[]},{"contributions":{},"includedScopes":[]},{"contributions":{},"includedScopes":[]},{"contributions":{},"includedScopes":[]},{"contributions":{},"includedScopes":[]},{"contributions":{},"includedScopes":[]},{"contributions":{},"includedScopes":[]},{"contributions":{},"includedScopes":[]},{"contributions":{},"includedScopes":[]}]},"contributions":{},"includedScopes":[]},"contributions":{},"includedScopes":[]},"contributions":{},"includedScopes":[]},"sourceMap":{"end":{"column":38,"line":18,"offset":383},"start":{"column":2,"line":18,"offset":347}}},{"args":[{"id":"0d87e139-87f0-4969-8184-10c69d0683c4","metadata":[],"scope":{"containerScope":{"containerScope":{"containerScope":{"containerScope":{"containerScope":{"contributions":{},"includedScopes":[]},"contributions":{},"includedScopes":[{"contributions":{},"includedScopes":[]},{"contributions":{},"includedScopes":[]},{"contributions":{},"includedScopes":[]},{"contributions":{},"includedScopes":[]},{"contributions":{},"includedScopes":[]},{"contributions":{},"includedScopes":[]},{"contributions":{},"includedScopes":[]},{"contributions":{},"includedScopes":[]},{"contributions":{},"includedScopes":[]},{"contributions":{},"includedScopes":[]},{"contributions":{},"includedScopes":[]}]},"contributions":{},"includedScopes":[]},"contributions":{},"includedScopes":[]},"contributions":{},"includedScopes":[]},"contributions":{},"includedScopes":[]},"sourceMap":{"end":{"column":16,"line":19,"offset":400},"start":{"column":14,"line":19,"offset":398}},"value":12}],"id":"0aea1cd4-7e81-474d-b8e4-63e9cf1ebce6","message":"height","metadata":[],"receiver":{"id":"e907493a-2e9b-4655-bbdb-2c1ab61fcd3a","metadata":[],"name":"game","scope":{"containerScope":{"containerScope":{"containerScope":{"containerScope":{"containerScope":{"contributions":{},"includedScopes":[]},"contributions":{},"includedScopes":[{"contributions":{},"includedScopes":[]},{"contributions":{},"includedScopes":[]},{"contributions":{},"includedScopes":[]},{"contributions":{},"includedScopes":[]},{"contributions":{},"includedScopes":[]},{"contributions":{},"includedScopes":[]},{"contributions":{},"includedScopes":[]},{"contributions":{},"includedScopes":[]},{"contributions":{},"includedScopes":[]},{"contributions":{},"includedScopes":[]},{"contributions":{},"includedScopes":[]}]},"contributions":{},"includedScopes":[]},"contributions":{},"includedScopes":[]},"contributions":{},"includedScopes":[]},"contributions":{},"includedScopes":[]},"sourceMap":{"end":{"column":6,"line":19,"offset":390},"start":{"column":2,"line":19,"offset":386}}},"scope":{"containerScope":{"containerScope":{"containerScope":{"containerScope":{"contributions":{},"includedScopes":[]},"contributions":{},"includedScopes":[{"contributions":{},"includedScopes":[]},{"contributions":{},"includedScopes":[]},{"contributions":{},"includedScopes":[]},{"contributions":{},"includedScopes":[]},{"contributions":{},"includedScopes":[]},{"contributions":{},"includedScopes":[]},{"contributions":{},"includedScopes":[]},{"contributions":{},"includedScopes":[]},{"contributions":{},"includedScopes":[]},{"contributions":{},"includedScopes":[]},{"contributions":{},"includedScopes":[]}]},"contributions":{},"includedScopes":[]},"contributions":{},"includedScopes":[]},"contributions":{},"includedScopes":[]},"sourceMap":{"end":{"column":17,"line":19,"offset":401},"start":{"column":1,"line":19,"offset":386}}},{"args":[{"id":"be58cafb-474d-45f8-bfdd-026afab8cea0","metadata":[],"scope":{"containerScope":{"containerScope":{"containerScope":{"containerScope":{"containerScope":{"contributions":{},"includedScopes":[]},"contributions":{},"includedScopes":[{"contributions":{},"includedScopes":[]},{"contributions":{},"includedScopes":[]},{"contributions":{},"includedScopes":[]},{"contributions":{},"includedScopes":[]},{"contributions":{},"includedScopes":[]},{"contributions":{},"includedScopes":[]},{"contributions":{},"includedScopes":[]},{"contributions":{},"includedScopes":[]},{"contributions":{},"includedScopes":[]},{"contributions":{},"includedScopes":[]},{"contributions":{},"includedScopes":[]}]},"contributions":{},"includedScopes":[]},"contributions":{},"includedScopes":[]},"contributions":{},"includedScopes":[]},"contributions":{},"includedScopes":[]},"sourceMap":{"end":{"column":15,"line":20,"offset":417},"start":{"column":13,"line":20,"offset":415}},"value":34}],"id":"ce5080a0-18e0-4806-b634-47468382617b","message":"width","metadata":[],"receiver":{"id":"d2b576fa-e6f1-49fc-b402-906fb2b145c4","metadata":[],"name":"game","scope":{"containerScope":{"containerScope":{"containerScope":{"containerScope":{"containerScope":{"contributions":{},"includedScopes":[]},"contributions":{},"includedScopes":[{"contributions":{},"includedScopes":[]},{"contributions":{},"includedScopes":[]},{"contributions":{},"includedScopes":[]},{"contributions":{},"includedScopes":[]},{"contributions":{},"includedScopes":[]},{"contributions":{},"includedScopes":[]},{"contributions":{},"includedScopes":[]},{"contributions":{},"includedScopes":[]},{"contributions":{},"includedScopes":[]},{"contributions":{},"includedScopes":[]},{"contributions":{},"includedScopes":[]}]},"contributions":{},"includedScopes":[]},"contributions":{},"includedScopes":[]},"contributions":{},"includedScopes":[]},"contributions":{},"includedScopes":[]},"sourceMap":{"end":{"column":6,"line":20,"offset":408},"start":{"column":2,"line":20,"offset":404}}},"scope":{"containerScope":{"containerScope":{"containerScope":{"containerScope":{"contributions":{},"includedScopes":[]},"contributions":{},"includedScopes":[{"contributions":{},"includedScopes":[]},{"contributions":{},"includedScopes":[]},{"contributions":{},"includedScopes":[]},{"contributions":{},"includedScopes":[]},{"contributions":{},"includedScopes":[]},{"contributions":{},"includedScopes":[]},{"contributions":{},"includedScopes":[]},{"contributions":{},"includedScopes":[]},{"contributions":{},"includedScopes":[]},{"contributions":{},"includedScopes":[]},{"contributions":{},"includedScopes":[]}]},"contributions":{},"includedScopes":[]},"contributions":{},"includedScopes":[]},"contributions":{},"includedScopes":[]},"sourceMap":{"end":{"column":16,"line":20,"offset":418},"start":{"column":1,"line":20,"offset":404}}},{"args":[{"id":"f76ab4c7-95c2-469e-b96c-7f5c569a5eff","metadata":[],"name":"btnreiniciar","scope":{"containerScope":{"containerScope":{"containerScope":{"containerScope":{"containerScope":{"contributions":{},"includedScopes":[]},"contributions":{},"includedScopes":[{"contributions":{},"includedScopes":[]},{"contributions":{},"includedScopes":[]},{"contributions":{},"includedScopes":[]},{"contributions":{},"includedScopes":[]},{"contributions":{},"includedScopes":[]},{"contributions":{},"includedScopes":[]},{"contributions":{},"includedScopes":[]},{"contributions":{},"includedScopes":[]},{"contributions":{},"includedScopes":[]},{"contributions":{},"includedScopes":[]},{"contributions":{},"includedScopes":[]}]},"contributions":{},"includedScopes":[]},"contributions":{},"includedScopes":[]},"contributions":{},"includedScopes":[]},"contributions":{},"includedScopes":[]},"sourceMap":{"end":{"column":29,"line":22,"offset":454},"start":{"column":17,"line":22,"offset":442}}}],"id":"ebc94068-c833-4095-bcbd-a789310cadf6","message":"addVisual","metadata":[],"receiver":{"id":"ffa52993-04c7-42cf-a0ac-f4dd75b81daa","metadata":[],"name":"game","scope":{"containerScope":{"containerScope":{"containerScope":{"containerScope":{"containerScope":{"contributions":{},"includedScopes":[]},"contributions":{},"includedScopes":[{"contributions":{},"includedScopes":[]},{"contributions":{},"includedScopes":[]},{"contributions":{},"includedScopes":[]},{"contributions":{},"includedScopes":[]},{"contributions":{},"includedScopes":[]},{"contributions":{},"includedScopes":[]},{"contributions":{},"includedScopes":[]},{"contributions":{},"includedScopes":[]},{"contributions":{},"includedScopes":[]},{"contributions":{},"includedScopes":[]},{"contributions":{},"includedScopes":[]}]},"contributions":{},"includedScopes":[]},"contributions":{},"includedScopes":[]},"contributions":{},"includedScopes":[]},"contributions":{},"includedScopes":[]},"sourceMap":{"end":{"column":6,"line":22,"offset":431},"start":{"column":2,"line":22,"offset":427}}},"scope":{"containerScope":{"containerScope":{"containerScope":{"containerScope":{"contributions":{},"includedScopes":[]},"contributions":{},"includedScopes":[{"contributions":{},"includedScopes":[]},{"contributions":{},"includedScopes":[]},{"contributions":{},"includedScopes":[]},{"contributions":{},"includedScopes":[]},{"contributions":{},"includedScopes":[]},{"contributions":{},"includedScopes":[]},{"contributions":{},"includedScopes":[]},{"contributions":{},"includedScopes":[]},{"contributions":{},"includedScopes":[]},{"contributions":{},"includedScopes":[]},{"contributions":{},"includedScopes":[]}]},"contributions":{},"includedScopes":[]},"contributions":{},"includedScopes":[]},"contributions":{},"includedScopes":[]},"sourceMap":{"end":{"column":30,"line":22,"offset":455},"start":{"column":2,"line":22,"offset":427}}},{"args":[{"id":"b205e01f-af55-45fe-afc7-52df8ee96728","metadata":[],"name":"piedra","scope":{"containerScope":{"containerScope":{"containerScope":{"containerScope":{"containerScope":{"contributions":{},"includedScopes":[]},"contributions":{},"includedScopes":[{"contributions":{},"includedScopes":[]},{"contributions":{},"includedScopes":[]},{"contributions":{},"includedScopes":[]},{"contributions":{},"includedScopes":[]},{"contributions":{},"includedScopes":[]},{"contributions":{},"includedScopes":[]},{"contributions":{},"includedScopes":[]},{"contributions":{},"includedScopes":[]},{"contributions":{},"includedScopes":[]},{"contributions":{},"includedScopes":[]},{"contributions":{},"includedScopes":[]}]},"contributions":{},"includedScopes":[]},"contributions":{},"includedScopes":[]},"contributions":{},"includedScopes":[]},"contributions":{},"includedScopes":[]},"sourceMap":{"end":{"column":23,"line":23,"offset":479},"start":{"column":17,"line":23,"offset":473}}}],"id":"2b74dad3-6bed-42cd-a50e-90d4cb78b958","message":"addVisual","metadata":[],"receiver":{"id":"14f57101-415f-4cb0-981b-9c13aaf3173b","metadata":[],"name":"game","scope":{"containerScope":{"containerScope":{"containerScope":{"containerScope":{"containerScope":{"contributions":{},"includedScopes":[]},"contributions":{},"includedScopes":[{"contributions":{},"includedScopes":[]},{"contributions":{},"includedScopes":[]},{"contributions":{},"includedScopes":[]},{"contributions":{},"includedScopes":[]},{"contributions":{},"includedScopes":[]},{"contributions":{},"includedScopes":[]},{"contributions":{},"includedScopes":[]},{"contributions":{},"includedScopes":[]},{"contributions":{},"includedScopes":[]},{"contributions":{},"includedScopes":[]},{"contributions":{},"includedScopes":[]}]},"contributions":{},"includedScopes":[]},"contributions":{},"includedScopes":[]},"contributions":{},"includedScopes":[]},"contributions":{},"includedScopes":[]},"sourceMap":{"end":{"column":6,"line":23,"offset":462},"start":{"column":2,"line":23,"offset":458}}},"scope":{"containerScope":{"containerScope":{"containerScope":{"containerScope":{"contributions":{},"includedScopes":[]},"contributions":{},"includedScopes":[{"contributions":{},"includedScopes":[]},{"contributions":{},"includedScopes":[]},{"contributions":{},"includedScopes":[]},{"contributions":{},"includedScopes":[]},{"contributions":{},"includedScopes":[]},{"contributions":{},"includedScopes":[]},{"contributions":{},"includedScopes":[]},{"contributions":{},"includedScopes":[]},{"contributions":{},"includedScopes":[]},{"contributions":{},"includedScopes":[]},{"contributions":{},"includedScopes":[]}]},"contributions":{},"includedScopes":[]},"contributions":{},"includedScopes":[]},"contributions":{},"includedScopes":[]},"sourceMap":{"end":{"column":24,"line":23,"offset":480},"start":{"column":1,"line":23,"offset":458}}},{"args":[{"id":"86ece54c-1572-4b7c-acee-4e4e6ad3afb6","metadata":[],"name":"papel","scope":{"containerScope":{"containerScope":{"containerScope":{"containerScope":{"containerScope":{"contributions":{},"includedScopes":[]},"contributions":{},"includedScopes":[{"contributions":{},"includedScopes":[]},{"contributions":{},"includedScopes":[]},{"contributions":{},"includedScopes":[]},{"contributions":{},"includedScopes":[]},{"contributions":{},"includedScopes":[]},{"contributions":{},"includedScopes":[]},{"contributions":{},"includedScopes":[]},{"contributions":{},"includedScopes":[]},{"contributions":{},"includedScopes":[]},{"contributions":{},"includedScopes":[]},{"contributions":{},"includedScopes":[]}]},"contributions":{},"includedScopes":[]},"contributions":{},"includedScopes":[]},"contributions":{},"includedScopes":[]},"contributions":{},"includedScopes":[]},"sourceMap":{"end":{"column":22,"line":24,"offset":503},"start":{"column":17,"line":24,"offset":498}}}],"id":"39aa7c05-ea4c-41f7-aa5d-82b8887e9731","message":"addVisual","metadata":[],"receiver":{"id":"3c94227b-6b9b-4f6c-ba2e-464834f16d5d","metadata":[],"name":"game","scope":{"containerScope":{"containerScope":{"containerScope":{"containerScope":{"containerScope":{"contributions":{},"includedScopes":[]},"contributions":{},"includedScopes":[{"contributions":{},"includedScopes":[]},{"contributions":{},"includedScopes":[]},{"contributions":{},"includedScopes":[]},{"contributions":{},"includedScopes":[]},{"contributions":{},"includedScopes":[]},{"contributions":{},"includedScopes":[]},{"contributions":{},"includedScopes":[]},{"contributions":{},"includedScopes":[]},{"contributions":{},"includedScopes":[]},{"contributions":{},"includedScopes":[]},{"contributions":{},"includedScopes":[]}]},"contributions":{},"includedScopes":[]},"contributions":{},"includedScopes":[]},"contributions":{},"includedScopes":[]},"contributions":{},"includedScopes":[]},"sourceMap":{"end":{"column":6,"line":24,"offset":487},"start":{"column":2,"line":24,"offset":483}}},"scope":{"containerScope":{"containerScope":{"containerScope":{"containerScope":{"contributions":{},"includedScopes":[]},"contributions":{},"includedScopes":[{"contributions":{},"includedScopes":[]},{"contributions":{},"includedScopes":[]},{"contributions":{},"includedScopes":[]},{"contributions":{},"includedScopes":[]},{"contributions":{},"includedScopes":[]},{"contributions":{},"includedScopes":[]},{"contributions":{},"includedScopes":[]},{"contributions":{},"includedScopes":[]},{"contributions":{},"includedScopes":[]},{"contributions":{},"includedScopes":[]},{"contributions":{},"includedScopes":[]}]},"contributions":{},"includedScopes":[]},"contributions":{},"includedScopes":[]},"contributions":{},"includedScopes":[]},"sourceMap":{"end":{"column":23,"line":24,"offset":504},"start":{"column":1,"line":24,"offset":483}}},{"args":[{"id":"f9753834-5c00-4e1f-a239-362206ef9dfd","metadata":[],"name":"tijera","scope":{"containerScope":{"containerScope":{"containerScope":{"containerScope":{"containerScope":{"contributions":{},"includedScopes":[]},"contributions":{},"includedScopes":[{"contributions":{},"includedScopes":[]},{"contributions":{},"includedScopes":[]},{"contributions":{},"includedScopes":[]},{"contributions":{},"includedScopes":[]},{"contributions":{},"includedScopes":[]},{"contributions":{},"includedScopes":[]},{"contributions":{},"includedScopes":[]},{"contributions":{},"includedScopes":[]},{"contributions":{},"includedScopes":[]},{"contributions":{},"includedScopes":[]},{"contributions":{},"includedScopes":[]}]},"contributions":{},"includedScopes":[]},"contributions":{},"includedScopes":[]},"contributions":{},"includedScopes":[]},"contributions":{},"includedScopes":[]},"sourceMap":{"end":{"column":23,"line":25,"offset":528},"start":{"column":17,"line":25,"offset":522}}}],"id":"61caa7c4-c452-420e-9682-ba5e3790c561","message":"addVisual","metadata":[],"receiver":{"id":"fab4ebf2-5a1d-418c-bbed-e8f845cbb81e","metadata":[],"name":"game","scope":{"containerScope":{"containerScope":{"containerScope":{"containerScope":{"containerScope":{"contributions":{},"includedScopes":[]},"contributions":{},"includedScopes":[{"contributions":{},"includedScopes":[]},{"contributions":{},"includedScopes":[]},{"contributions":{},"includedScopes":[]},{"contributions":{},"includedScopes":[]},{"contributions":{},"includedScopes":[]},{"contributions":{},"includedScopes":[]},{"contributions":{},"includedScopes":[]},{"contributions":{},"includedScopes":[]},{"contributions":{},"includedScopes":[]},{"contributions":{},"includedScopes":[]},{"contributions":{},"includedScopes":[]}]},"contributions":{},"includedScopes":[]},"contributions":{},"includedScopes":[]},"contributions":{},"includedScopes":[]},"contributions":{},"includedScopes":[]},"sourceMap":{"end":{"column":6,"line":25,"offset":511},"start":{"column":2,"line":25,"offset":507}}},"scope":{"containerScope":{"containerScope":{"containerScope":{"containerScope":{"contributions":{},"includedScopes":[]},"contributions":{},"includedScopes":[{"contributions":{},"includedScopes":[]},{"contributions":{},"includedScopes":[]},{"contributions":{},"includedScopes":[]},{"contributions":{},"includedScopes":[]},{"contributions":{},"includedScopes":[]},{"contributions":{},"includedScopes":[]},{"contributions":{},"includedScopes":[]},{"contributions":{},"includedScopes":[]},{"contributions":{},"includedScopes":[]},{"contributions":{},"includedScopes":[]},{"contributions":{},"includedScopes":[]}]},"contributions":{},"includedScopes":[]},"contributions":{},"includedScopes":[]},"contributions":{},"includedScopes":[]},"sourceMap":{"end":{"column":24,"line":25,"offset":529},"start":{"column":1,"line":25,"offset":507}}},{"args":[{"id":"f29f9814-06e1-486c-9142-24a60d60c63b","metadata":[],"name":"humano","scope":{"containerScope":{"containerScope":{"containerScope":{"containerScope":{"containerScope":{"contributions":{},"includedScopes":[]},"contributions":{},"includedScopes":[{"contributions":{},"includedScopes":[]},{"contributions":{},"includedScopes":[]},{"contributions":{},"includedScopes":[]},{"contributions":{},"includedScopes":[]},{"contributions":{},"includedScopes":[]},{"contributions":{},"includedScopes":[]},{"contributions":{},"includedScopes":[]},{"contributions":{},"includedScopes":[]},{"contributions":{},"includedScopes":[]},{"contributions":{},"includedScopes":[]},{"contributions":{},"includedScopes":[]}]},"contributions":{},"includedScopes":[]},"contributions":{},"includedScopes":[]},"contributions":{},"includedScopes":[]},"contributions":{},"includedScopes":[]},"sourceMap":{"end":{"column":23,"line":26,"offset":553},"start":{"column":17,"line":26,"offset":547}}}],"id":"a1ccc6d1-a24b-4047-86cb-dacaba8be6f4","message":"addVisual","metadata":[],"receiver":{"id":"00601be9-7972-4da5-8c49-04af8c194b2e","metadata":[],"name":"game","scope":{"containerScope":{"containerScope":{"containerScope":{"containerScope":{"containerScope":{"contributions":{},"includedScopes":[]},"contributions":{},"includedScopes":[{"contributions":{},"includedScopes":[]},{"contributions":{},"includedScopes":[]},{"contributions":{},"includedScopes":[]},{"contributions":{},"includedScopes":[]},{"contributions":{},"includedScopes":[]},{"contributions":{},"includedScopes":[]},{"contributions":{},"includedScopes":[]},{"contributions":{},"includedScopes":[]},{"contributions":{},"includedScopes":[]},{"contributions":{},"includedScopes":[]},{"contributions":{},"includedScopes":[]}]},"contributions":{},"includedScopes":[]},"contributions":{},"includedScopes":[]},"contributions":{},"includedScopes":[]},"contributions":{},"includedScopes":[]},"sourceMap":{"end":{"column":6,"line":26,"offset":536},"start":{"column":2,"line":26,"offset":532}}},"scope":{"containerScope":{"containerScope":{"containerScope":{"containerScope":{"contributions":{},"includedScopes":[]},"contributions":{},"includedScopes":[{"contributions":{},"includedScopes":[]},{"contributions":{},"includedScopes":[]},{"contributions":{},"includedScopes":[]},{"contributions":{},"includedScopes":[]},{"contributions":{},"includedScopes":[]},{"contributions":{},"includedScopes":[]},{"contributions":{},"includedScopes":[]},{"contributions":{},"includedScopes":[]},{"contributions":{},"includedScopes":[]},{"contributions":{},"includedScopes":[]},{"contributions":{},"includedScopes":[]}]},"contributions":{},"includedScopes":[]},"contributions":{},"includedScopes":[]},"contributions":{},"includedScopes":[]},"sourceMap":{"end":{"column":24,"line":26,"offset":554},"start":{"column":1,"line":26,"offset":532}}},{"args":[{"id":"5d16ad9e-19e7-40d9-8fba-b3a72919b2dd","metadata":[],"name":"computadora","scope":{"containerScope":{"containerScope":{"containerScope":{"containerScope":{"containerScope":{"contributions":{},"includedScopes":[]},"contributions":{},"includedScopes":[{"contributions":{},"includedScopes":[]},{"contributions":{},"includedScopes":[]},{"contributions":{},"includedScopes":[]},{"contributions":{},"includedScopes":[]},{"contributions":{},"includedScopes":[]},{"contributions":{},"includedScopes":[]},{"contributions":{},"includedScopes":[]},{"contributions":{},"includedScopes":[]},{"contributions":{},"includedScopes":[]},{"contributions":{},"includedScopes":[]},{"contributions":{},"includedScopes":[]}]},"contributions":{},"includedScopes":[]},"contributions":{},"includedScopes":[]},"contributions":{},"includedScopes":[]},"contributions":{},"includedScopes":[]},"sourceMap":{"end":{"column":28,"line":27,"offset":583},"start":{"column":17,"line":27,"offset":572}}}],"id":"da943f12-7347-4061-8cf8-dc2ed1fce91a","message":"addVisual","metadata":[],"receiver":{"id":"d6ce1626-8412-47eb-9dfe-78dd46129a7f","metadata":[],"name":"game","scope":{"containerScope":{"containerScope":{"containerScope":{"containerScope":{"containerScope":{"contributions":{},"includedScopes":[]},"contributions":{},"includedScopes":[{"contributions":{},"includedScopes":[]},{"contributions":{},"includedScopes":[]},{"contributions":{},"includedScopes":[]},{"contributions":{},"includedScopes":[]},{"contributions":{},"includedScopes":[]},{"contributions":{},"includedScopes":[]},{"contributions":{},"includedScopes":[]},{"contributions":{},"includedScopes":[]},{"contributions":{},"includedScopes":[]},{"contributions":{},"includedScopes":[]},{"contributions":{},"includedScopes":[]}]},"contributions":{},"includedScopes":[]},"contributions":{},"includedScopes":[]},"contributions":{},"includedScopes":[]},"contributions":{},"includedScopes":[]},"sourceMap":{"end":{"column":6,"line":27,"offset":561},"start":{"column":2,"line":27,"offset":557}}},"scope":{"containerScope":{"containerScope":{"containerScope":{"containerScope":{"contributions":{},"includedScopes":[]},"contributions":{},"includedScopes":[{"contributions":{},"includedScopes":[]},{"contributions":{},"includedScopes":[]},{"contributions":{},"includedScopes":[]},{"contributions":{},"includedScopes":[]},{"contributions":{},"includedScopes":[]},{"contributions":{},"includedScopes":[]},{"contributions":{},"includedScopes":[]},{"contributions":{},"includedScopes":[]},{"contributions":{},"includedScopes":[]},{"contributions":{},"includedScopes":[]},{"contributions":{},"includedScopes":[]}]},"contributions":{},"includedScopes":[]},"contributions":{},"includedScopes":[]},"contributions":{},"includedScopes":[]},"sourceMap":{"end":{"column":29,"line":27,"offset":584},"start":{"column":1,"line":27,"offset":557}}},{"args":[{"id":"673cacac-9fe0-43ae-a507-acf2440fbe40","metadata":[],"name":"cursor","scope":{"containerScope":{"containerScope":{"containerScope":{"containerScope":{"containerScope":{"contributions":{},"includedScopes":[]},"contributions":{},"includedScopes":[{"contributions":{},"includedScopes":[]},{"contributions":{},"includedScopes":[]},{"contributions":{},"includedScopes":[]},{"contributions":{},"includedScopes":[]},{"contributions":{},"includedScopes":[]},{"contributions":{},"includedScopes":[]},{"contributions":{},"includedScopes":[]},{"contributions":{},"includedScopes":[]},{"contributions":{},"includedScopes":[]},{"contributions":{},"includedScopes":[]},{"contributions":{},"includedScopes":[]}]},"contributions":{},"includedScopes":[]},"contributions":{},"includedScopes":[]},"contributions":{},"includedScopes":[]},"contributions":{},"includedScopes":[]},"sourceMap":{"end":{"column":23,"line":28,"offset":608},"start":{"column":17,"line":28,"offset":602}}}],"id":"1f388595-834d-47dc-9a1b-5364280674fd","message":"addVisual","metadata":[],"receiver":{"id":"877c07ea-54d9-4dad-a0d8-2af6107653ff","metadata":[],"name":"game","scope":{"containerScope":{"containerScope":{"containerScope":{"containerScope":{"containerScope":{"contributions":{},"includedScopes":[]},"contributions":{},"includedScopes":[{"contributions":{},"includedScopes":[]},{"contributions":{},"includedScopes":[]},{"contributions":{},"includedScopes":[]},{"contributions":{},"includedScopes":[]},{"contributions":{},"includedScopes":[]},{"contributions":{},"includedScopes":[]},{"contributions":{},"includedScopes":[]},{"contributions":{},"includedScopes":[]},{"contributions":{},"includedScopes":[]},{"contributions":{},"includedScopes":[]},{"contributions":{},"includedScopes":[]}]},"contributions":{},"includedScopes":[]},"contributions":{},"includedScopes":[]},"contributions":{},"includedScopes":[]},"contributions":{},"includedScopes":[]},"sourceMap":{"end":{"column":6,"line":28,"offset":591},"start":{"column":2,"line":28,"offset":587}}},"scope":{"containerScope":{"containerScope":{"containerScope":{"containerScope":{"contributions":{},"includedScopes":[]},"contributions":{},"includedScopes":[{"contributions":{},"includedScopes":[]},{"contributions":{},"includedScopes":[]},{"contributions":{},"includedScopes":[]},{"contributions":{},"includedScopes":[]},{"contributions":{},"includedScopes":[]},{"contributions":{},"includedScopes":[]},{"contributions":{},"includedScopes":[]},{"contributions":{},"includedScopes":[]},{"contributions":{},"includedScopes":[]},{"contributions":{},"includedScopes":[]},{"contributions":{},"includedScopes":[]}]},"contributions":{},"includedScopes":[]},"contributions":{},"includedScopes":[]},"contributions":{},"includedScopes":[]},"sourceMap":{"end":{"column":24,"line":28,"offset":609},"start":{"column":1,"line":28,"offset":587}}},{"args":[{"id":"6148e4a7-44e4-466a-89a4-42d2e7fb13ab","metadata":[],"name":"cartelResultado","scope":{"containerScope":{"containerScope":{"containerScope":{"containerScope":{"containerScope":{"contributions":{},"includedScopes":[]},"contributions":{},"includedScopes":[{"contributions":{},"includedScopes":[]},{"contributions":{},"includedScopes":[]},{"contributions":{},"includedScopes":[]},{"contributions":{},"includedScopes":[]},{"contributions":{},"includedScopes":[]},{"contributions":{},"includedScopes":[]},{"contributions":{},"includedScopes":[]},{"contributions":{},"includedScopes":[]},{"contributions":{},"includedScopes":[]},{"contributions":{},"includedScopes":[]},{"contributions":{},"includedScopes":[]}]},"contributions":{},"includedScopes":[]},"contributions":{},"includedScopes":[]},"contributions":{},"includedScopes":[]},"contributions":{},"includedScopes":[]},"sourceMap":{"end":{"column":32,"line":29,"offset":642},"start":{"column":17,"line":29,"offset":627}}}],"id":"e145978f-223a-48bd-ad7f-bca1b1a9ee63","message":"addVisual","metadata":[],"receiver":{"id":"d4cd90b5-b36c-4bed-aeb7-fd86fe7f06cd","metadata":[],"name":"game","scope":{"containerScope":{"containerScope":{"containerScope":{"containerScope":{"containerScope":{"contributions":{},"includedScopes":[]},"contributions":{},"includedScopes":[{"contributions":{},"includedScopes":[]},{"contributions":{},"includedScopes":[]},{"contributions":{},"includedScopes":[]},{"contributions":{},"includedScopes":[]},{"contributions":{},"includedScopes":[]},{"contributions":{},"includedScopes":[]},{"contributions":{},"includedScopes":[]},{"contributions":{},"includedScopes":[]},{"contributions":{},"includedScopes":[]},{"contributions":{},"includedScopes":[]},{"contributions":{},"includedScopes":[]}]},"contributions":{},"includedScopes":[]},"contributions":{},"includedScopes":[]},"contributions":{},"includedScopes":[]},"contributions":{},"includedScopes":[]},"sourceMap":{"end":{"column":6,"line":29,"offset":616},"start":{"column":2,"line":29,"offset":612}}},"scope":{"containerScope":{"containerScope":{"containerScope":{"containerScope":{"contributions":{},"includedScopes":[]},"contributions":{},"includedScopes":[{"contributions":{},"includedScopes":[]},{"contributions":{},"includedScopes":[]},{"contributions":{},"includedScopes":[]},{"contributions":{},"includedScopes":[]},{"contributions":{},"includedScopes":[]},{"contributions":{},"includedScopes":[]},{"contributions":{},"includedScopes":[]},{"contributions":{},"includedScopes":[]},{"contributions":{},"includedScopes":[]},{"contributions":{},"includedScopes":[]},{"contributions":{},"includedScopes":[]}]},"contributions":{},"includedScopes":[]},"contributions":{},"includedScopes":[]},"contributions":{},"includedScopes":[]},"sourceMap":{"end":{"column":33,"line":29,"offset":643},"start":{"column":1,"line":29,"offset":612}}},{"args":[{"id":"aa8668f5-1e24-4535-92ea-4f6844c40f69","metadata":[],"name":"jugadaPc","scope":{"containerScope":{"containerScope":{"containerScope":{"containerScope":{"containerScope":{"contributions":{},"includedScopes":[]},"contributions":{},"includedScopes":[{"contributions":{},"includedScopes":[]},{"contributions":{},"includedScopes":[]},{"contributions":{},"includedScopes":[]},{"contributions":{},"includedScopes":[]},{"contributions":{},"includedScopes":[]},{"contributions":{},"includedScopes":[]},{"contributions":{},"includedScopes":[]},{"contributions":{},"includedScopes":[]},{"contributions":{},"includedScopes":[]},{"contributions":{},"includedScopes":[]},{"contributions":{},"includedScopes":[]}]},"contributions":{},"includedScopes":[]},"contributions":{},"includedScopes":[]},"contributions":{},"includedScopes":[]},"contributions":{},"includedScopes":[]},"sourceMap":{"end":{"column":28,"line":30,"offset":672},"start":{"column":20,"line":30,"offset":664}}}],"id":"036fd4fc-595c-4fb9-ae68-a391729c3a4d","message":"addVisual","metadata":[],"receiver":{"id":"852c943e-458f-47b7-87c6-d54d47f0110a","metadata":[],"name":"game","scope":{"containerScope":{"containerScope":{"containerScope":{"containerScope":{"containerScope":{"contributions":{},"includedScopes":[]},"contributions":{},"includedScopes":[{"contributions":{},"includedScopes":[]},{"contributions":{},"includedScopes":[]},{"contributions":{},"includedScopes":[]},{"contributions":{},"includedScopes":[]},{"contributions":{},"includedScopes":[]},{"contributions":{},"includedScopes":[]},{"contributions":{},"includedScopes":[]},{"contributions":{},"includedScopes":[]},{"contributions":{},"includedScopes":[]},{"contributions":{},"includedScopes":[]},{"contributions":{},"includedScopes":[]}]},"contributions":{},"includedScopes":[]},"contributions":{},"includedScopes":[]},"contributions":{},"includedScopes":[]},"contributions":{},"includedScopes":[]},"sourceMap":{"end":{"column":9,"line":30,"offset":653},"start":{"column":5,"line":30,"offset":649}}},"scope":{"containerScope":{"containerScope":{"containerScope":{"containerScope":{"contributions":{},"includedScopes":[]},"contributions":{},"includedScopes":[{"contributions":{},"includedScopes":[]},{"contributions":{},"includedScopes":[]},{"contributions":{},"includedScopes":[]},{"contributions":{},"includedScopes":[]},{"contributions":{},"includedScopes":[]},{"contributions":{},"includedScopes":[]},{"contributions":{},"includedScopes":[]},{"contributions":{},"includedScopes":[]},{"contributions":{},"includedScopes":[]},{"contributions":{},"includedScopes":[]},{"contributions":{},"includedScopes":[]}]},"contributions":{},"includedScopes":[]},"contributions":{},"includedScopes":[]},"contributions":{},"includedScopes":[]},"sourceMap":{"end":{"column":29,"line":30,"offset":673},"start":{"column":4,"line":30,"offset":649}}},{"args":[{"id":"50affebc-67e3-49d2-896b-f6993dc8a764","members":[{"body":{"id":"8b4bde9c-a0ac-4b42-8dd4-24dc1f7957ab","metadata":[],"scope":{"containerScope":{"containerScope":{"containerScope":{"containerScope":{"containerScope":{"containerScope":{"containerScope":{"contributions":{},"includedScopes":[]},"contributions":{},"includedScopes":[{"contributions":{},"includedScopes":[]},{"contributions":{},"includedScopes":[]},{"contributions":{},"includedScopes":[]},{"contributions":{},"includedScopes":[]},{"contributions":{},"includedScopes":[]},{"contributions":{},"includedScopes":[]},{"contributions":{},"includedScopes":[]},{"contributions":{},"includedScopes":[]},{"contributions":{},"includedScopes":[]},{"contributions":{},"includedScopes":[]},{"contributions":{},"includedScopes":[]}]},"contributions":{},"includedScopes":[]},"contributions":{},"includedScopes":[]},"contributions":{},"includedScopes":[]},"contributions":{},"includedScopes":[{"containerScope":{"containerScope":{"containerScope":{"contributions":{},"includedScopes":[]},"contributions":{},"includedScopes":[]},"contributions":{},"includedScopes":[]},"contributions":{},"includedScopes":[{"containerScope":{"containerScope":{"containerScope":{"contributions":{},"includedScopes":[]},"contributions":{},"includedScopes":[]},"contributions":{},"includedScopes":[]},"contributions":{},"includedScopes":[]}]},{"containerScope":{"containerScope":{"containerScope":{"contributions":{},"includedScopes":[]},"contributions":{},"includedScopes":[]},"contributions":{},"includedScopes":[]},"contributions":{},"includedScopes":[]}]},"contributions":{},"includedScopes":[]},"contributions":{},"includedScopes":[]},"sentences":[{"id":"b6fcba57-ed64-403e-85c5-28762537509f","metadata":[],"scope":{"containerScope":{"containerScope":{"containerScope":{"containerScope":{"containerScope":{"containerScope":{"containerScope":{"containerScope":{"contributions":{},"includedScopes":[]},"contributions":{},"includedScopes":[{"contributions":{},"includedScopes":[]},{"contributions":{},"includedScopes":[]},{"contributions":{},"includedScopes":[]},{"contributions":{},"includedScopes":[]},{"contributions":{},"includedScopes":[]},{"contributions":{},"includedScopes":[]},{"contributions":{},"includedScopes":[]},{"contributions":{},"includedScopes":[]},{"contributions":{},"includedScopes":[]},{"contributions":{},"includedScopes":[]},{"contributions":{},"includedScopes":[]}]},"contributions":{},"includedScopes":[]},"contributions":{},"includedScopes":[]},"contributions":{},"includedScopes":[]},"contributions":{},"includedScopes":[{"containerScope":{"containerScope":{"containerScope":{"contributions":{},"includedScopes":[]},"contributions":{},"includedScopes":[]},"contributions":{},"includedScopes":[]},"contributions":{},"includedScopes":[{"containerScope":{"containerScope":{"containerScope":{"contributions":{},"includedScopes":[]},"contributions":{},"includedScopes":[]},"contributions":{},"includedScopes":[]},"contributions":{},"includedScopes":[]}]},{"containerScope":{"containerScope":{"containerScope":{"contributions":{},"includedScopes":[]},"contributions":{},"includedScopes":[]},"contributions":{},"includedScopes":[]},"contributions":{},"includedScopes":[]}]},"contributions":{},"includedScopes":[]},"contributions":{},"includedScopes":[]},"contributions":{},"includedScopes":[]},"value":{"args":[],"id":"639ddb80-776e-4c30-9113-589080acfe96","message":"moverIzquierda","metadata":[],"receiver":{"id":"11977d71-0853-475b-8c77-32a569767ff1","metadata":[],"name":"juego","scope":{"containerScope":{"containerScope":{"containerScope":{"containerScope":{"containerScope":{"containerScope":{"containerScope":{"containerScope":{"containerScope":{"containerScope":{"contributions":{},"includedScopes":[]},"contributions":{},"includedScopes":[{"contributions":{},"includedScopes":[]},{"contributions":{},"includedScopes":[]},{"contributions":{},"includedScopes":[]},{"contributions":{},"includedScopes":[]},{"contributions":{},"includedScopes":[]},{"contributions":{},"includedScopes":[]},{"contributions":{},"includedScopes":[]},{"contributions":{},"includedScopes":[]},{"contributions":{},"includedScopes":[]},{"contributions":{},"includedScopes":[]},{"contributions":{},"includedScopes":[]}]},"contributions":{},"includedScopes":[]},"contributions":{},"includedScopes":[]},"contributions":{},"includedScopes":[]},"contributions":{},"includedScopes":[{"containerScope":{"containerScope":{"containerScope":{"contributions":{},"includedScopes":[]},"contributions":{},"includedScopes":[]},"contributions":{},"includedScopes":[]},"contributions":{},"includedScopes":[{"containerScope":{"containerScope":{"containerScope":{"contributions":{},"includedScopes":[]},"contributions":{},"includedScopes":[]},"contributions":{},"includedScopes":[]},"contributions":{},"includedScopes":[]}]},{"containerScope":{"containerScope":{"containerScope":{"contributions":{},"includedScopes":[]},"contributions":{},"includedScopes":[]},"contributions":{},"includedScopes":[]},"contributions":{},"includedScopes":[]}]},"contributions":{},"includedScopes":[]},"contributions":{},"includedScopes":[]},"contributions":{},"includedScopes":[]},"contributions":{},"includedScopes":[]},"contributions":{},"includedScopes":[]},"sourceMap":{"end":{"column":8,"line":34,"offset":750},"start":{"column":3,"line":34,"offset":745}}},"scope":{"containerScope":{"containerScope":{"containerScope":{"containerScope":{"containerScope":{"containerScope":{"containerScope":{"containerScope":{"containerScope":{"contributions":{},"includedScopes":[]},"contributions":{},"includedScopes":[{"contributions":{},"includedScopes":[]},{"contributions":{},"includedScopes":[]},{"contributions":{},"includedScopes":[]},{"contributions":{},"includedScopes":[]},{"contributions":{},"includedScopes":[]},{"contributions":{},"includedScopes":[]},{"contributions":{},"includedScopes":[]},{"contributions":{},"includedScopes":[]},{"contributions":{},"includedScopes":[]},{"contributions":{},"includedScopes":[]},{"contributions":{},"includedScopes":[]}]},"contributions":{},"includedScopes":[]},"contributions":{},"includedScopes":[]},"contributions":{},"includedScopes":[]},"contributions":{},"includedScopes":[{"containerScope":{"containerScope":{"containerScope":{"contributions":{},"includedScopes":[]},"contributions":{},"includedScopes":[]},"contributions":{},"includedScopes":[]},"contributions":{},"includedScopes":[{"containerScope":{"containerScope":{"containerScope":{"contributions":{},"includedScopes":[]},"contributions":{},"includedScopes":[]},"contributions":{},"includedScopes":[]},"contributions":{},"includedScopes":[]}]},{"containerScope":{"containerScope":{"containerScope":{"contributions":{},"includedScopes":[]},"contributions":{},"includedScopes":[]},"contributions":{},"includedScopes":[]},"contributions":{},"includedScopes":[]}]},"contributions":{},"includedScopes":[]},"contributions":{},"includedScopes":[]},"contributions":{},"includedScopes":[]},"contributions":{},"includedScopes":[]},"sourceMap":{"end":{"column":25,"line":34,"offset":767},"start":{"column":3,"line":34,"offset":745}}}}]},"compiled":false,"id":"4ded62e6-f99e-4c4f-8fe5-4a75e6e176b6","isOverride":false,"metadata":[],"name":"<apply>","parameters":[],"scope":{"containerScope":{"containerScope":{"containerScope":{"containerScope":{"containerScope":{"containerScope":{"contributions":{},"includedScopes":[]},"contributions":{},"includedScopes":[{"contributions":{},"includedScopes":[]},{"contributions":{},"includedScopes":[]},{"contributions":{},"includedScopes":[]},{"contributions":{},"includedScopes":[]},{"contributions":{},"includedScopes":[]},{"contributions":{},"includedScopes":[]},{"contributions":{},"includedScopes":[]},{"contributions":{},"includedScopes":[]},{"contributions":{},"includedScopes":[]},{"contributions":{},"includedScopes":[]},{"contributions":{},"includedScopes":[]}]},"contributions":{},"includedScopes":[]},"contributions":{},"includedScopes":[]},"contributions":{},"includedScopes":[]},"contributions":{},"includedScopes":[{"containerScope":{"containerScope":{"containerScope":{"contributions":{},"includedScopes":[]},"contributions":{},"includedScopes":[]},"contributions":{},"includedScopes":[]},"contributions":{},"includedScopes":[{"containerScope":{"containerScope":{"containerScope":{"contributions":{},"includedScopes":[]},"contributions":{},"includedScopes":[]},"contributions":{},"includedScopes":[]},"contributions":{},"includedScopes":[]}]},{"containerScope":{"containerScope":{"containerScope":{"contributions":{},"includedScopes":[]},"contributions":{},"includedScopes":[]},"contributions":{},"includedScopes":[]},"contributions":{},"includedScopes":[]}]},"contributions":{},"includedScopes":[]}},{"id":"2551c2cb-c0e7-4a27-88bb-8a187da33b0c","isConstant":true,"isProperty":false,"metadata":[],"name":"<toString>","scope":{"containerScope":{"containerScope":{"containerScope":{"containerScope":{"containerScope":{"containerScope":{"contributions":{},"includedScopes":[]},"contributions":{},"includedScopes":[{"contributions":{},"includedScopes":[]},{"contributions":{},"includedScopes":[]},{"contributions":{},"includedScopes":[]},{"contributions":{},"includedScopes":[]},{"contributions":{},"includedScopes":[]},{"contributions":{},"includedScopes":[]},{"contributions":{},"includedScopes":[]},{"contributions":{},"includedScopes":[]},{"contributions":{},"includedScopes":[]},{"contributions":{},"includedScopes":[]},{"contributions":{},"includedScopes":[]}]},"contributions":{},"includedScopes":[]},"contributions":{},"includedScopes":[]},"contributions":{},"includedScopes":[]},"contributions":{},"includedScopes":[{"containerScope":{"containerScope":{"containerScope":{"contributions":{},"includedScopes":[]},"contributions":{},"includedScopes":[]},"contributions":{},"includedScopes":[]},"contributions":{},"includedScopes":[{"containerScope":{"containerScope":{"containerScope":{"contributions":{},"includedScopes":[]},"contributions":{},"includedScopes":[]},"contributions":{},"includedScopes":[]},"contributions":{},"includedScopes":[]}]},{"containerScope":{"containerScope":{"containerScope":{"contributions":{},"includedScopes":[]},"contributions":{},"includedScopes":[]},"contributions":{},"includedScopes":[]},"contributions":{},"includedScopes":[]}]},"contributions":{},"includedScopes":[]},"value":{"id":"dc068259-bc05-4503-92e7-876476c6f385","metadata":[],"scope":{"containerScope":{"containerScope":{"containerScope":{"containerScope":{"containerScope":{"containerScope":{"containerScope":{"contributions":{},"includedScopes":[]},"contributions":{},"includedScopes":[{"contributions":{},"includedScopes":[]},{"contributions":{},"includedScopes":[]},{"contributions":{},"includedScopes":[]},{"contributions":{},"includedScopes":[]},{"contributions":{},"includedScopes":[]},{"contributions":{},"includedScopes":[]},{"contributions":{},"includedScopes":[]},{"contributions":{},"includedScopes":[]},{"contributions":{},"includedScopes":[]},{"contributions":{},"includedScopes":[]},{"contributions":{},"includedScopes":[]}]},"contributions":{},"includedScopes":[]},"contributions":{},"includedScopes":[]},"contributions":{},"includedScopes":[]},"contributions":{},"includedScopes":[{"containerScope":{"containerScope":{"containerScope":{"contributions":{},"includedScopes":[]},"contributions":{},"includedScopes":[]},"contributions":{},"includedScopes":[]},"contributions":{},"includedScopes":[{"containerScope":{"containerScope":{"containerScope":{"contributions":{},"includedScopes":[]},"contributions":{},"includedScopes":[]},"contributions":{},"includedScopes":[]},"contributions":{},"includedScopes":[]}]},{"containerScope":{"containerScope":{"containerScope":{"contributions":{},"includedScopes":[]},"contributions":{},"includedScopes":[]},"contributions":{},"includedScopes":[]},"contributions":{},"includedScopes":[]}]},"contributions":{},"includedScopes":[]},"contributions":{},"includedScopes":[]},"value":"{\r\n\t\tjuego.moverIzquierda()\r\n\t}"}}],"metadata":[],"scope":{"containerScope":{"containerScope":{"containerScope":{"containerScope":{"containerScope":{"contributions":{},"includedScopes":[]},"contributions":{},"includedScopes":[{"contributions":{},"includedScopes":[]},{"contributions":{},"includedScopes":[]},{"contributions":{},"includedScopes":[]},{"contributions":{},"includedScopes":[]},{"contributions":{},"includedScopes":[]},{"contributions":{},"includedScopes":[]},{"contributions":{},"includedScopes":[]},{"contributions":{},"includedScopes":[]},{"contributions":{},"includedScopes":[]},{"contributions":{},"includedScopes":[]},{"contributions":{},"includedScopes":[]}]},"contributions":{},"includedScopes":[]},"contributions":{},"includedScopes":[]},"contributions":{},"includedScopes":[]},"contributions":{},"includedScopes":[{"containerScope":{"containerScope":{"containerScope":{"contributions":{},"includedScopes":[]},"contributions":{},"includedScopes":[]},"contributions":{},"includedScopes":[]},"contributions":{},"includedScopes":[{"containerScope":{"containerScope":{"containerScope":{"contributions":{},"includedScopes":[]},"contributions":{},"includedScopes":[]},"contributions":{},"includedScopes":[]},"contributions":{},"includedScopes":[]}]},{"containerScope":{"containerScope":{"containerScope":{"contributions":{},"includedScopes":[]},"contributions":{},"includedScopes":[]},"contributions":{},"includedScopes":[]},"contributions":{},"includedScopes":[]}]},"sourceMap":{"end":{"column":3,"line":35,"offset":771},"start":{"column":28,"line":33,"offset":740}},"supertypes":[{"args":[],"id":"919a89f6-3bae-4d02-953d-11ef2ad2d73a","metadata":[],"reference":{"id":"acf79606-8a44-40e0-838b-c76ed576a9c0","metadata":[],"name":"wollok.lang.Closure","scope":{"containerScope":{"containerScope":{"containerScope":{"containerScope":{"containerScope":{"containerScope":{"contributions":{},"includedScopes":[]},"contributions":{},"includedScopes":[{"contributions":{},"includedScopes":[]},{"contributions":{},"includedScopes":[]},{"contributions":{},"includedScopes":[]},{"contributions":{},"includedScopes":[]},{"contributions":{},"includedScopes":[]},{"contributions":{},"includedScopes":[]},{"contributions":{},"includedScopes":[]},{"contributions":{},"includedScopes":[]},{"contributions":{},"includedScopes":[]},{"contributions":{},"includedScopes":[]},{"contributions":{},"includedScopes":[]}]},"contributions":{},"includedScopes":[]},"contributions":{},"includedScopes":[]},"contributions":{},"includedScopes":[]},"contributions":{},"includedScopes":[{"containerScope":{"containerScope":{"containerScope":{"contributions":{},"includedScopes":[]},"contributions":{},"includedScopes":[]},"contributions":{},"includedScopes":[]},"contributions":{},"includedScopes":[{"containerScope":{"containerScope":{"containerScope":{"contributions":{},"includedScopes":[]},"contributions":{},"includedScopes":[]},"contributions":{},"includedScopes":[]},"contributions":{},"includedScopes":[]}]},{"containerScope":{"containerScope":{"containerScope":{"contributions":{},"includedScopes":[]},"contributions":{},"includedScopes":[]},"contributions":{},"includedScopes":[]},"contributions":{},"includedScopes":[]}]},"contributions":{},"includedScopes":[]}},"scope":{"containerScope":{"containerScope":{"containerScope":{"containerScope":{"containerScope":{"containerScope":{"contributions":{},"includedScopes":[]},"contributions":{},"includedScopes":[{"contributions":{},"includedScopes":[]},{"contributions":{},"includedScopes":[]},{"contributions":{},"includedScopes":[]},{"contributions":{},"includedScopes":[]},{"contributions":{},"includedScopes":[]},{"contributions":{},"includedScopes":[]},{"contributions":{},"includedScopes":[]},{"contributions":{},"includedScopes":[]},{"contributions":{},"includedScopes":[]},{"contributions":{},"includedScopes":[]},{"contributions":{},"includedScopes":[]}]},"contributions":{},"includedScopes":[]},"contributions":{},"includedScopes":[]},"contributions":{},"includedScopes":[]},"contributions":{},"includedScopes":[{"containerScope":{"containerScope":{"containerScope":{"contributions":{},"includedScopes":[]},"contributions":{},"includedScopes":[]},"contributions":{},"includedScopes":[]},"contributions":{},"includedScopes":[{"containerScope":{"containerScope":{"containerScope":{"contributions":{},"includedScopes":[]},"contributions":{},"includedScopes":[]},"contributions":{},"includedScopes":[]},"contributions":{},"includedScopes":[]}]},{"containerScope":{"containerScope":{"containerScope":{"contributions":{},"includedScopes":[]},"contributions":{},"includedScopes":[]},"contributions":{},"includedScopes":[]},"contributions":{},"includedScopes":[]}]},"contributions":{},"includedScopes":[]}}]}],"id":"205616d9-2cdb-44a3-87a9-02bebc3abb13","message":"onPressDo","metadata":[],"receiver":{"args":[],"id":"b71c157c-aa97-4f09-854a-030531a1d9ca","message":"left","metadata":[],"receiver":{"id":"b651acf0-bde5-4373-a79e-fd8ae9603d29","metadata":[{"args":{"position":"start","text":"// capturamos la flecha izquierda"},"name":"comment"}],"name":"keyboard","scope":{"containerScope":{"containerScope":{"containerScope":{"containerScope":{"containerScope":{"containerScope":{"contributions":{},"includedScopes":[]},"contributions":{},"includedScopes":[{"contributions":{},"includedScopes":[]},{"contributions":{},"includedScopes":[]},{"contributions":{},"includedScopes":[]},{"contributions":{},"includedScopes":[]},{"contributions":{},"includedScopes":[]},{"contributions":{},"includedScopes":[]},{"contributions":{},"includedScopes":[]},{"contributions":{},"includedScopes":[]},{"contributions":{},"includedScopes":[]},{"contributions":{},"includedScopes":[]},{"contributions":{},"includedScopes":[]}]},"contributions":{},"includedScopes":[]},"contributions":{},"includedScopes":[]},"contributions":{},"includedScopes":[]},"contributions":{},"includedScopes":[]},"contributions":{},"includedScopes":[]},"sourceMap":{"end":{"column":10,"line":33,"offset":722},"start":{"column":2,"line":33,"offset":714}}},"scope":{"containerScope":{"containerScope":{"containerScope":{"containerScope":{"containerScope":{"contributions":{},"includedScopes":[]},"contributions":{},"includedScopes":[{"contributions":{},"includedScopes":[]},{"contributions":{},"includedScopes":[]},{"contributions":{},"includedScopes":[]},{"contributions":{},"includedScopes":[]},{"contributions":{},"includedScopes":[]},{"contributions":{},"includedScopes":[]},{"contributions":{},"includedScopes":[]},{"contributions":{},"includedScopes":[]},{"contributions":{},"includedScopes":[]},{"contributions":{},"includedScopes":[]},{"contributions":{},"includedScopes":[]}]},"contributions":{},"includedScopes":[]},"contributions":{},"includedScopes":[]},"contributions":{},"includedScopes":[]},"contributions":{},"includedScopes":[]},"sourceMap":{"end":{"column":17,"line":33,"offset":729},"start":{"column":2,"line":32,"offset":678}}},"scope":{"containerScope":{"containerScope":{"containerScope":{"containerScope":{"contributions":{},"includedScopes":[]},"contributions":{},"includedScopes":[{"contributions":{},"includedScopes":[]},{"contributions":{},"includedScopes":[]},{"contributions":{},"includedScopes":[]},{"contributions":{},"includedScopes":[]},{"contributions":{},"includedScopes":[]},{"contributions":{},"includedScopes":[]},{"contributions":{},"includedScopes":[]},{"contributions":{},"includedScopes":[]},{"contributions":{},"includedScopes":[]},{"contributions":{},"includedScopes":[]},{"contributions":{},"includedScopes":[]}]},"contributions":{},"includedScopes":[]},"contributions":{},"includedScopes":[]},"contributions":{},"includedScopes":[]},"sourceMap":{"end":{"column":3,"line":35,"offset":771},"start":{"column":2,"line":32,"offset":678}}},{"args":[{"id":"1c25eb79-7a0a-4fb4-8c05-499b8abdc152","members":[{"body":{"id":"8564a7ce-f6f9-455a-a83b-ddb28f8980ad","metadata":[],"scope":{"containerScope":{"containerScope":{"containerScope":{"containerScope":{"containerScope":{"containerScope":{"containerScope":{"contributions":{},"includedScopes":[]},"contributions":{},"includedScopes":[{"contributions":{},"includedScopes":[]},{"contributions":{},"includedScopes":[]},{"contributions":{},"includedScopes":[]},{"contributions":{},"includedScopes":[]},{"contributions":{},"includedScopes":[]},{"contributions":{},"includedScopes":[]},{"contributions":{},"includedScopes":[]},{"contributions":{},"includedScopes":[]},{"contributions":{},"includedScopes":[]},{"contributions":{},"includedScopes":[]},{"contributions":{},"includedScopes":[]}]},"contributions":{},"includedScopes":[]},"contributions":{},"includedScopes":[]},"contributions":{},"includedScopes":[]},"contributions":{},"includedScopes":[{"containerScope":{"containerScope":{"containerScope":{"contributions":{},"includedScopes":[]},"contributions":{},"includedScopes":[]},"contributions":{},"includedScopes":[]},"contributions":{},"includedScopes":[{"containerScope":{"containerScope":{"containerScope":{"contributions":{},"includedScopes":[]},"contributions":{},"includedScopes":[]},"contributions":{},"includedScopes":[]},"contributions":{},"includedScopes":[]}]},{"containerScope":{"containerScope":{"containerScope":{"contributions":{},"includedScopes":[]},"contributions":{},"includedScopes":[]},"contributions":{},"includedScopes":[]},"contributions":{},"includedScopes":[]}]},"contributions":{},"includedScopes":[]},"contributions":{},"includedScopes":[]},"sentences":[{"id":"1adcccc8-5684-46a7-b5e0-1466c57763ab","metadata":[],"scope":{"containerScope":{"containerScope":{"containerScope":{"containerScope":{"containerScope":{"containerScope":{"containerScope":{"containerScope":{"contributions":{},"includedScopes":[]},"contributions":{},"includedScopes":[{"contributions":{},"includedScopes":[]},{"contributions":{},"includedScopes":[]},{"contributions":{},"includedScopes":[]},{"contributions":{},"includedScopes":[]},{"contributions":{},"includedScopes":[]},{"contributions":{},"includedScopes":[]},{"contributions":{},"includedScopes":[]},{"contributions":{},"includedScopes":[]},{"contributions":{},"includedScopes":[]},{"contributions":{},"includedScopes":[]},{"contributions":{},"includedScopes":[]}]},"contributions":{},"includedScopes":[]},"contributions":{},"includedScopes":[]},"contributions":{},"includedScopes":[]},"contributions":{},"includedScopes":[{"containerScope":{"containerScope":{"containerScope":{"contributions":{},"includedScopes":[]},"contributions":{},"includedScopes":[]},"contributions":{},"includedScopes":[]},"contributions":{},"includedScopes":[{"containerScope":{"containerScope":{"containerScope":{"contributions":{},"includedScopes":[]},"contributions":{},"includedScopes":[]},"contributions":{},"includedScopes":[]},"contributions":{},"includedScopes":[]}]},{"containerScope":{"containerScope":{"containerScope":{"contributions":{},"includedScopes":[]},"contributions":{},"includedScopes":[]},"contributions":{},"includedScopes":[]},"contributions":{},"includedScopes":[]}]},"contributions":{},"includedScopes":[]},"contributions":{},"includedScopes":[]},"contributions":{},"includedScopes":[]},"value":{"args":[],"id":"86218d04-9c1a-4bcf-834c-8c43b0a24345","message":"moverDerecha","metadata":[],"receiver":{"id":"24845dde-27cd-4a76-b50c-b5332e9bc8be","metadata":[],"name":"juego","scope":{"containerScope":{"containerScope":{"containerScope":{"containerScope":{"containerScope":{"containerScope":{"containerScope":{"containerScope":{"containerScope":{"containerScope":{"contributions":{},"includedScopes":[]},"contributions":{},"includedScopes":[{"contributions":{},"includedScopes":[]},{"contributions":{},"includedScopes":[]},{"contributions":{},"includedScopes":[]},{"contributions":{},"includedScopes":[]},{"contributions":{},"includedScopes":[]},{"contributions":{},"includedScopes":[]},{"contributions":{},"includedScopes":[]},{"contributions":{},"includedScopes":[]},{"contributions":{},"includedScopes":[]},{"contributions":{},"includedScopes":[]},{"contributions":{},"includedScopes":[]}]},"contributions":{},"includedScopes":[]},"contributions":{},"includedScopes":[]},"contributions":{},"includedScopes":[]},"contributions":{},"includedScopes":[{"containerScope":{"containerScope":{"containerScope":{"contributions":{},"includedScopes":[]},"contributions":{},"includedScopes":[]},"contributions":{},"includedScopes":[]},"contributions":{},"includedScopes":[{"containerScope":{"containerScope":{"containerScope":{"contributions":{},"includedScopes":[]},"contributions":{},"includedScopes":[]},"contributions":{},"includedScopes":[]},"contributions":{},"includedScopes":[]}]},{"containerScope":{"containerScope":{"containerScope":{"contributions":{},"includedScopes":[]},"contributions":{},"includedScopes":[]},"contributions":{},"includedScopes":[]},"contributions":{},"includedScopes":[]}]},"contributions":{},"includedScopes":[]},"contributions":{},"includedScopes":[]},"contributions":{},"includedScopes":[]},"contributions":{},"includedScopes":[]},"contributions":{},"includedScopes":[]},"sourceMap":{"end":{"column":8,"line":39,"offset":847},"start":{"column":3,"line":39,"offset":842}}},"scope":{"containerScope":{"containerScope":{"containerScope":{"containerScope":{"containerScope":{"containerScope":{"containerScope":{"containerScope":{"containerScope":{"contributions":{},"includedScopes":[]},"contributions":{},"includedScopes":[{"contributions":{},"includedScopes":[]},{"contributions":{},"includedScopes":[]},{"contributions":{},"includedScopes":[]},{"contributions":{},"includedScopes":[]},{"contributions":{},"includedScopes":[]},{"contributions":{},"includedScopes":[]},{"contributions":{},"includedScopes":[]},{"contributions":{},"includedScopes":[]},{"contributions":{},"includedScopes":[]},{"contributions":{},"includedScopes":[]},{"contributions":{},"includedScopes":[]}]},"contributions":{},"includedScopes":[]},"contributions":{},"includedScopes":[]},"contributions":{},"includedScopes":[]},"contributions":{},"includedScopes":[{"containerScope":{"containerScope":{"containerScope":{"contributions":{},"includedScopes":[]},"contributions":{},"includedScopes":[]},"contributions":{},"includedScopes":[]},"contributions":{},"includedScopes":[{"containerScope":{"containerScope":{"containerScope":{"contributions":{},"includedScopes":[]},"contributions":{},"includedScopes":[]},"contributions":{},"includedScopes":[]},"contributions":{},"includedScopes":[]}]},{"containerScope":{"containerScope":{"containerScope":{"contributions":{},"includedScopes":[]},"contributions":{},"includedScopes":[]},"contributions":{},"includedScopes":[]},"contributions":{},"includedScopes":[]}]},"contributions":{},"includedScopes":[]},"contributions":{},"includedScopes":[]},"contributions":{},"includedScopes":[]},"contributions":{},"includedScopes":[]},"sourceMap":{"end":{"column":23,"line":39,"offset":862},"start":{"column":3,"line":39,"offset":842}}}}]},"compiled":false,"id":"383deb7a-75fd-453f-896b-113e2c181429","isOverride":false,"metadata":[],"name":"<apply>","parameters":[],"scope":{"containerScope":{"containerScope":{"containerScope":{"containerScope":{"containerScope":{"containerScope":{"contributions":{},"includedScopes":[]},"contributions":{},"includedScopes":[{"contributions":{},"includedScopes":[]},{"contributions":{},"includedScopes":[]},{"contributions":{},"includedScopes":[]},{"contributions":{},"includedScopes":[]},{"contributions":{},"includedScopes":[]},{"contributions":{},"includedScopes":[]},{"contributions":{},"includedScopes":[]},{"contributions":{},"includedScopes":[]},{"contributions":{},"includedScopes":[]},{"contributions":{},"includedScopes":[]},{"contributions":{},"includedScopes":[]}]},"contributions":{},"includedScopes":[]},"contributions":{},"includedScopes":[]},"contributions":{},"includedScopes":[]},"contributions":{},"includedScopes":[{"containerScope":{"containerScope":{"containerScope":{"contributions":{},"includedScopes":[]},"contributions":{},"includedScopes":[]},"contributions":{},"includedScopes":[]},"contributions":{},"includedScopes":[{"containerScope":{"containerScope":{"containerScope":{"contributions":{},"includedScopes":[]},"contributions":{},"includedScopes":[]},"contributions":{},"includedScopes":[]},"contributions":{},"includedScopes":[]}]},{"containerScope":{"containerScope":{"containerScope":{"contributions":{},"includedScopes":[]},"contributions":{},"includedScopes":[]},"contributions":{},"includedScopes":[]},"contributions":{},"includedScopes":[]}]},"contributions":{},"includedScopes":[]}},{"id":"3f2b7cca-4fa8-416e-9e88-a556476bde0e","isConstant":true,"isProperty":false,"metadata":[],"name":"<toString>","scope":{"containerScope":{"containerScope":{"containerScope":{"containerScope":{"containerScope":{"containerScope":{"contributions":{},"includedScopes":[]},"contributions":{},"includedScopes":[{"contributions":{},"includedScopes":[]},{"contributions":{},"includedScopes":[]},{"contributions":{},"includedScopes":[]},{"contributions":{},"includedScopes":[]},{"contributions":{},"includedScopes":[]},{"contributions":{},"includedScopes":[]},{"contributions":{},"includedScopes":[]},{"contributions":{},"includedScopes":[]},{"contributions":{},"includedScopes":[]},{"contributions":{},"includedScopes":[]},{"contributions":{},"includedScopes":[]}]},"contributions":{},"includedScopes":[]},"contributions":{},"includedScopes":[]},"contributions":{},"includedScopes":[]},"contributions":{},"includedScopes":[{"containerScope":{"containerScope":{"containerScope":{"contributions":{},"includedScopes":[]},"contributions":{},"includedScopes":[]},"contributions":{},"includedScopes":[]},"contributions":{},"includedScopes":[{"containerScope":{"containerScope":{"containerScope":{"contributions":{},"includedScopes":[]},"contributions":{},"includedScopes":[]},"contributions":{},"includedScopes":[]},"contributions":{},"includedScopes":[]}]},{"containerScope":{"containerScope":{"containerScope":{"contributions":{},"includedScopes":[]},"contributions":{},"includedScopes":[]},"contributions":{},"includedScopes":[]},"contributions":{},"includedScopes":[]}]},"contributions":{},"includedScopes":[]},"value":{"id":"550866d5-9d46-472b-91f0-16e3973aade0","metadata":[],"scope":{"containerScope":{"containerScope":{"containerScope":{"containerScope":{"containerScope":{"containerScope":{"containerScope":{"contributions":{},"includedScopes":[]},"contributions":{},"includedScopes":[{"contributions":{},"includedScopes":[]},{"contributions":{},"includedScopes":[]},{"contributions":{},"includedScopes":[]},{"contributions":{},"includedScopes":[]},{"contributions":{},"includedScopes":[]},{"contributions":{},"includedScopes":[]},{"contributions":{},"includedScopes":[]},{"contributions":{},"includedScopes":[]},{"contributions":{},"includedScopes":[]},{"contributions":{},"includedScopes":[]},{"contributions":{},"includedScopes":[]}]},"contributions":{},"includedScopes":[]},"contributions":{},"includedScopes":[]},"contributions":{},"includedScopes":[]},"contributions":{},"includedScopes":[{"containerScope":{"containerScope":{"containerScope":{"contributions":{},"includedScopes":[]},"contributions":{},"includedScopes":[]},"contributions":{},"includedScopes":[]},"contributions":{},"includedScopes":[{"containerScope":{"containerScope":{"containerScope":{"contributions":{},"includedScopes":[]},"contributions":{},"includedScopes":[]},"contributions":{},"includedScopes":[]},"contributions":{},"includedScopes":[]}]},{"containerScope":{"containerScope":{"containerScope":{"contributions":{},"includedScopes":[]},"contributions":{},"includedScopes":[]},"contributions":{},"includedScopes":[]},"contributions":{},"includedScopes":[]}]},"contributions":{},"includedScopes":[]},"contributions":{},"includedScopes":[]},"value":"{\r\n\t\tjuego.moverDerecha()\r\n\t}"}}],"metadata":[],"scope":{"containerScope":{"containerScope":{"containerScope":{"containerScope":{"containerScope":{"contributions":{},"includedScopes":[]},"contributions":{},"includedScopes":[{"contributions":{},"includedScopes":[]},{"contributions":{},"includedScopes":[]},{"contributions":{},"includedScopes":[]},{"contributions":{},"includedScopes":[]},{"contributions":{},"includedScopes":[]},{"contributions":{},"includedScopes":[]},{"contributions":{},"includedScopes":[]},{"contributions":{},"includedScopes":[]},{"contributions":{},"includedScopes":[]},{"contributions":{},"includedScopes":[]},{"contributions":{},"includedScopes":[]}]},"contributions":{},"includedScopes":[]},"contributions":{},"includedScopes":[]},"contributions":{},"includedScopes":[]},"contributions":{},"includedScopes":[{"containerScope":{"containerScope":{"containerScope":{"contributions":{},"includedScopes":[]},"contributions":{},"includedScopes":[]},"contributions":{},"includedScopes":[]},"contributions":{},"includedScopes":[{"containerScope":{"containerScope":{"containerScope":{"contributions":{},"includedScopes":[]},"contributions":{},"includedScopes":[]},"contributions":{},"includedScopes":[]},"contributions":{},"includedScopes":[]}]},{"containerScope":{"containerScope":{"containerScope":{"contributions":{},"includedScopes":[]},"contributions":{},"includedScopes":[]},"contributions":{},"includedScopes":[]},"contributions":{},"includedScopes":[]}]},"sourceMap":{"end":{"column":3,"line":40,"offset":866},"start":{"column":29,"line":38,"offset":837}},"supertypes":[{"args":[],"id":"6da31cd1-73a2-4105-a88d-6954812070f8","metadata":[],"reference":{"id":"6f8333df-520a-4188-b40d-98d40c735a59","metadata":[],"name":"wollok.lang.Closure","scope":{"containerScope":{"containerScope":{"containerScope":{"containerScope":{"containerScope":{"containerScope":{"contributions":{},"includedScopes":[]},"contributions":{},"includedScopes":[{"contributions":{},"includedScopes":[]},{"contributions":{},"includedScopes":[]},{"contributions":{},"includedScopes":[]},{"contributions":{},"includedScopes":[]},{"contributions":{},"includedScopes":[]},{"contributions":{},"includedScopes":[]},{"contributions":{},"includedScopes":[]},{"contributions":{},"includedScopes":[]},{"contributions":{},"includedScopes":[]},{"contributions":{},"includedScopes":[]},{"contributions":{},"includedScopes":[]}]},"contributions":{},"includedScopes":[]},"contributions":{},"includedScopes":[]},"contributions":{},"includedScopes":[]},"contributions":{},"includedScopes":[{"containerScope":{"containerScope":{"containerScope":{"contributions":{},"includedScopes":[]},"contributions":{},"includedScopes":[]},"contributions":{},"includedScopes":[]},"contributions":{},"includedScopes":[{"containerScope":{"containerScope":{"containerScope":{"contributions":{},"includedScopes":[]},"contributions":{},"includedScopes":[]},"contributions":{},"includedScopes":[]},"contributions":{},"includedScopes":[]}]},{"containerScope":{"containerScope":{"containerScope":{"contributions":{},"includedScopes":[]},"contributions":{},"includedScopes":[]},"contributions":{},"includedScopes":[]},"contributions":{},"includedScopes":[]}]},"contributions":{},"includedScopes":[]}},"scope":{"containerScope":{"containerScope":{"containerScope":{"containerScope":{"containerScope":{"containerScope":{"contributions":{},"includedScopes":[]},"contributions":{},"includedScopes":[{"contributions":{},"includedScopes":[]},{"contributions":{},"includedScopes":[]},{"contributions":{},"includedScopes":[]},{"contributions":{},"includedScopes":[]},{"contributions":{},"includedScopes":[]},{"contributions":{},"includedScopes":[]},{"contributions":{},"includedScopes":[]},{"contributions":{},"includedScopes":[]},{"contributions":{},"includedScopes":[]},{"contributions":{},"includedScopes":[]},{"contributions":{},"includedScopes":[]}]},"contributions":{},"includedScopes":[]},"contributions":{},"includedScopes":[]},"contributions":{},"includedScopes":[]},"contributions":{},"includedScopes":[{"containerScope":{"containerScope":{"containerScope":{"contributions":{},"includedScopes":[]},"contributions":{},"includedScopes":[]},"contributions":{},"includedScopes":[]},"contributions":{},"includedScopes":[{"containerScope":{"containerScope":{"containerScope":{"contributions":{},"includedScopes":[]},"contributions":{},"includedScopes":[]},"contributions":{},"includedScopes":[]},"contributions":{},"includedScopes":[]}]},{"containerScope":{"containerScope":{"containerScope":{"contributions":{},"includedScopes":[]},"contributions":{},"includedScopes":[]},"contributions":{},"includedScopes":[]},"contributions":{},"includedScopes":[]}]},"contributions":{},"includedScopes":[]}}]}],"id":"b01d3c33-b015-4674-8e1f-b3fab930a398","message":"onPressDo","metadata":[],"receiver":{"args":[],"id":"2aa5b8e2-bd99-40c3-9711-641c1e0dc050","message":"right","metadata":[],"receiver":{"id":"e5b09fc7-703d-406b-b4c6-76eba0c2d092","metadata":[{"args":{"position":"start","text":"// capturamos la flecha derecha"},"name":"comment"}],"name":"keyboard","scope":{"containerScope":{"containerScope":{"containerScope":{"containerScope":{"containerScope":{"containerScope":{"contributions":{},"includedScopes":[]},"contributions":{},"includedScopes":[{"contributions":{},"includedScopes":[]},{"contributions":{},"includedScopes":[]},{"contributions":{},"includedScopes":[]},{"contributions":{},"includedScopes":[]},{"contributions":{},"includedScopes":[]},{"contributions":{},"includedScopes":[]},{"contributions":{},"includedScopes":[]},{"contributions":{},"includedScopes":[]},{"contributions":{},"includedScopes":[]},{"contributions":{},"includedScopes":[]},{"contributions":{},"includedScopes":[]}]},"contributions":{},"includedScopes":[]},"contributions":{},"includedScopes":[]},"contributions":{},"includedScopes":[]},"contributions":{},"includedScopes":[]},"contributions":{},"includedScopes":[]},"sourceMap":{"end":{"column":10,"line":38,"offset":818},"start":{"column":2,"line":38,"offset":810}}},"scope":{"containerScope":{"containerScope":{"containerScope":{"containerScope":{"containerScope":{"contributions":{},"includedScopes":[]},"contributions":{},"includedScopes":[{"contributions":{},"includedScopes":[]},{"contributions":{},"includedScopes":[]},{"contributions":{},"includedScopes":[]},{"contributions":{},"includedScopes":[]},{"contributions":{},"includedScopes":[]},{"contributions":{},"includedScopes":[]},{"contributions":{},"includedScopes":[]},{"contributions":{},"includedScopes":[]},{"contributions":{},"includedScopes":[]},{"contributions":{},"includedScopes":[]},{"contributions":{},"includedScopes":[]}]},"contributions":{},"includedScopes":[]},"contributions":{},"includedScopes":[]},"contributions":{},"includedScopes":[]},"contributions":{},"includedScopes":[]},"sourceMap":{"end":{"column":18,"line":38,"offset":826},"start":{"column":2,"line":37,"offset":776}}},"scope":{"containerScope":{"containerScope":{"containerScope":{"containerScope":{"contributions":{},"includedScopes":[]},"contributions":{},"includedScopes":[{"contributions":{},"includedScopes":[]},{"contributions":{},"includedScopes":[]},{"contributions":{},"includedScopes":[]},{"contributions":{},"includedScopes":[]},{"contributions":{},"includedScopes":[]},{"contributions":{},"includedScopes":[]},{"contributions":{},"includedScopes":[]},{"contributions":{},"includedScopes":[]},{"contributions":{},"includedScopes":[]},{"contributions":{},"includedScopes":[]},{"contributions":{},"includedScopes":[]}]},"contributions":{},"includedScopes":[]},"contributions":{},"includedScopes":[]},"contributions":{},"includedScopes":[]},"sourceMap":{"end":{"column":3,"line":40,"offset":866},"start":{"column":2,"line":37,"offset":776}}},{"id":"54977eb6-a6e6-4e47-b662-256d09653a7c","isConstant":true,"metadata":[],"name":"tickReinicio","scope":{"containerScope":{"containerScope":{"containerScope":{"containerScope":{"contributions":{},"includedScopes":[]},"contributions":{},"includedScopes":[{"contributions":{},"includedScopes":[]},{"contributions":{},"includedScopes":[]},{"contributions":{},"includedScopes":[]},{"contributions":{},"includedScopes":[]},{"contributions":{},"includedScopes":[]},{"contributions":{},"includedScopes":[]},{"contributions":{},"includedScopes":[]},{"contributions":{},"includedScopes":[]},{"contributions":{},"includedScopes":[]},{"contributions":{},"includedScopes":[]},{"contributions":{},"includedScopes":[]}]},"contributions":{},"includedScopes":[]},"contributions":{},"includedScopes":[]},"contributions":{},"includedScopes":[]},"sourceMap":{"end":{"column":9,"line":58,"offset":1224},"start":{"column":5,"line":50,"offset":1078}},"value":{"args":[{"id":"a6707336-386b-4861-972d-94565de4fca0","metadata":[],"scope":{"containerScope":{"containerScope":{"containerScope":{"containerScope":{"containerScope":{"containerScope":{"contributions":{},"includedScopes":[]},"contributions":{},"includedScopes":[{"contributions":{},"includedScopes":[]},{"contributions":{},"includedScopes":[]},{"contributions":{},"includedScopes":[]},{"contributions":{},"includedScopes":[]},{"contributions":{},"includedScopes":[]},{"contributions":{},"includedScopes":[]},{"contributions":{},"includedScopes":[]},{"contributions":{},"includedScopes":[]},{"contributions":{},"includedScopes":[]},{"contributions":{},"includedScopes":[]},{"contributions":{},"includedScopes":[]}]},"contributions":{},"includedScopes":[]},"contributions":{},"includedScopes":[]},"contributions":{},"includedScopes":[]},"contributions":{},"includedScopes":[]},"contributions":{},"includedScopes":[]},"sourceMap":{"end":{"column":40,"line":50,"offset":1113},"start":{"column":36,"line":50,"offset":1109}},"value":5000},{"id":"0afc345e-b693-48cf-8f26-18830bf9ef6c","members":[{"body":{"id":"4496f451-e7e4-451f-9dcd-8d9c21754b06","metadata":[],"scope":{"containerScope":{"containerScope":{"containerScope":{"containerScope":{"containerScope":{"containerScope":{"containerScope":{"containerScope":{"contributions":{},"includedScopes":[]},"contributions":{},"includedScopes":[{"contributions":{},"includedScopes":[]},{"contributions":{},"includedScopes":[]},{"contributions":{},"includedScopes":[]},{"contributions":{},"includedScopes":[]},{"contributions":{},"includedScopes":[]},{"contributions":{},"includedScopes":[]},{"contributions":{},"includedScopes":[]},{"contributions":{},"includedScopes":[]},{"contributions":{},"includedScopes":[]},{"contributions":{},"includedScopes":[]},{"contributions":{},"includedScopes":[]}]},"contributions":{},"includedScopes":[]},"contributions":{},"includedScopes":[]},"contributions":{},"includedScopes":[]},"contributions":{},"includedScopes":[]},"contributions":{},"includedScopes":[{"containerScope":{"containerScope":{"containerScope":{"contributions":{},"includedScopes":[]},"contributions":{},"includedScopes":[]},"contributions":{},"includedScopes":[]},"contributions":{},"includedScopes":[{"containerScope":{"containerScope":{"containerScope":{"contributions":{},"includedScopes":[]},"contributions":{},"includedScopes":[]},"contributions":{},"includedScopes":[]},"contributions":{},"includedScopes":[]}]},{"containerScope":{"containerScope":{"containerScope":{"contributions":{},"includedScopes":[]},"contributions":{},"includedScopes":[]},"contributions":{},"includedScopes":[]},"contributions":{},"includedScopes":[]}]},"contributions":{},"includedScopes":[]},"contributions":{},"includedScopes":[]},"sentences":[{"condition":{"args":[],"id":"c0823a9b-d29c-46a0-9ba0-bbed0eef40c3","message":"negate","metadata":[],"originalOperator":"!","receiver":{"args":[],"id":"804c3feb-88c1-4abf-b12f-d3d289b5d941","message":"puedeJugar","metadata":[],"receiver":{"id":"b0266a95-f370-4ba3-a656-30b35f1cd91d","metadata":[],"name":"juego","scope":{"containerScope":{"containerScope":{"containerScope":{"containerScope":{"containerScope":{"containerScope":{"containerScope":{"containerScope":{"containerScope":{"containerScope":{"containerScope":{"containerScope":{"contributions":{},"includedScopes":[]},"contributions":{},"includedScopes":[{"contributions":{},"includedScopes":[]},{"contributions":{},"includedScopes":[]},{"contributions":{},"includedScopes":[]},{"contributions":{},"includedScopes":[]},{"contributions":{},"includedScopes":[]},{"contributions":{},"includedScopes":[]},{"contributions":{},"includedScopes":[]},{"contributions":{},"includedScopes":[]},{"contributions":{},"includedScopes":[]},{"contributions":{},"includedScopes":[]},{"contributions":{},"includedScopes":[]}]},"contributions":{},"includedScopes":[]},"contributions":{},"includedScopes":[]},"contributions":{},"includedScopes":[]},"contributions":{},"includedScopes":[]},"contributions":{},"includedScopes":[{"containerScope":{"containerScope":{"containerScope":{"contributions":{},"includedScopes":[]},"contributions":{},"includedScopes":[]},"contributions":{},"includedScopes":[]},"contributions":{},"includedScopes":[{"containerScope":{"containerScope":{"containerScope":{"contributions":{},"includedScopes":[]},"contributions":{},"includedScopes":[]},"contributions":{},"includedScopes":[]},"contributions":{},"includedScopes":[]}]},{"containerScope":{"containerScope":{"containerScope":{"contributions":{},"includedScopes":[]},"contributions":{},"includedScopes":[]},"contributions":{},"includedScopes":[]},"contributions":{},"includedScopes":[]}]},"contributions":{},"includedScopes":[]},"contributions":{},"includedScopes":[]},"contributions":{},"includedScopes":[]},"contributions":{},"includedScopes":[]},"contributions":{},"includedScopes":[]},"contributions":{},"includedScopes":[]},"sourceMap":{"end":{"column":15,"line":52,"offset":1134},"start":{"column":10,"line":52,"offset":1129}}},"scope":{"containerScope":{"containerScope":{"containerScope":{"containerScope":{"containerScope":{"containerScope":{"containerScope":{"containerScope":{"containerScope":{"containerScope":{"containerScope":{"contributions":{},"includedScopes":[]},"contributions":{},"includedScopes":[{"contributions":{},"includedScopes":[]},{"contributions":{},"includedScopes":[]},{"contributions":{},"includedScopes":[]},{"contributions":{},"includedScopes":[]},{"contributions":{},"includedScopes":[]},{"contributions":{},"includedScopes":[]},{"contributions":{},"includedScopes":[]},{"contributions":{},"includedScopes":[]},{"contributions":{},"includedScopes":[]},{"contributions":{},"includedScopes":[]},{"contributions":{},"includedScopes":[]}]},"contributions":{},"includedScopes":[]},"contributions":{},"includedScopes":[]},"contributions":{},"includedScopes":[]},"contributions":{},"includedScopes":[]},"contributions":{},"includedScopes":[{"containerScope":{"containerScope":{"containerScope":{"contributions":{},"includedScopes":[]},"contributions":{},"includedScopes":[]},"contributions":{},"includedScopes":[]},"contributions":{},"includedScopes":[{"containerScope":{"containerScope":{"containerScope":{"contributions":{},"includedScopes":[]},"contributions":{},"includedScopes":[]},"contributions":{},"includedScopes":[]},"contributions":{},"includedScopes":[]}]},{"containerScope":{"containerScope":{"containerScope":{"contributions":{},"includedScopes":[]},"contributions":{},"includedScopes":[]},"contributions":{},"includedScopes":[]},"contributions":{},"includedScopes":[]}]},"contributions":{},"includedScopes":[]},"contributions":{},"includedScopes":[]},"contributions":{},"includedScopes":[]},"contributions":{},"includedScopes":[]},"contributions":{},"includedScopes":[]},"sourceMap":{"end":{"column":28,"line":52,"offset":1147},"start":{"column":10,"line":52,"offset":1129}}},"scope":{"containerScope":{"containerScope":{"containerScope":{"containerScope":{"containerScope":{"containerScope":{"containerScope":{"containerScope":{"containerScope":{"containerScope":{"contributions":{},"includedScopes":[]},"contributions":{},"includedScopes":[{"contributions":{},"includedScopes":[]},{"contributions":{},"includedScopes":[]},{"contributions":{},"includedScopes":[]},{"contributions":{},"includedScopes":[]},{"contributions":{},"includedScopes":[]},{"contributions":{},"includedScopes":[]},{"contributions":{},"includedScopes":[]},{"contributions":{},"includedScopes":[]},{"contributions":{},"includedScopes":[]},{"contributions":{},"includedScopes":[]},{"contributions":{},"includedScopes":[]}]},"contributions":{},"includedScopes":[]},"contributions":{},"includedScopes":[]},"contributions":{},"includedScopes":[]},"contributions":{},"includedScopes":[]},"contributions":{},"includedScopes":[{"containerScope":{"containerScope":{"containerScope":{"contributions":{},"includedScopes":[]},"contributions":{},"includedScopes":[]},"contributions":{},"includedScopes":[]},"contributions":{},"includedScopes":[{"containerScope":{"containerScope":{"containerScope":{"contributions":{},"includedScopes":[]},"contributions":{},"includedScopes":[]},"contributions":{},"includedScopes":[]},"contributions":{},"includedScopes":[]}]},{"containerScope":{"containerScope":{"containerScope":{"contributions":{},"includedScopes":[]},"contributions":{},"includedScopes":[]},"contributions":{},"includedScopes":[]},"contributions":{},"includedScopes":[]}]},"contributions":{},"includedScopes":[]},"contributions":{},"includedScopes":[]},"contributions":{},"includedScopes":[]},"contributions":{},"includedScopes":[]},"sourceMap":{"end":{"column":28,"line":52,"offset":1147},"start":{"column":9,"line":52,"offset":1128}}},"elseBody":{"id":"93ab8010-ccb6-4ca6-ad3d-9f76465de132","metadata":[],"scope":{"containerScope":{"containerScope":{"containerScope":{"containerScope":{"containerScope":{"containerScope":{"containerScope":{"containerScope":{"containerScope":{"containerScope":{"contributions":{},"includedScopes":[]},"contributions":{},"includedScopes":[{"contributions":{},"includedScopes":[]},{"contributions":{},"includedScopes":[]},{"contributions":{},"includedScopes":[]},{"contributions":{},"includedScopes":[]},{"contributions":{},"includedScopes":[]},{"contributions":{},"includedScopes":[]},{"contributions":{},"includedScopes":[]},{"contributions":{},"includedScopes":[]},{"contributions":{},"includedScopes":[]},{"contributions":{},"includedScopes":[]},{"contributions":{},"includedScopes":[]}]},"contributions":{},"includedScopes":[]},"contributions":{},"includedScopes":[]},"contributions":{},"includedScopes":[]},"contributions":{},"includedScopes":[]},"contributions":{},"includedScopes":[{"containerScope":{"containerScope":{"containerScope":{"contributions":{},"includedScopes":[]},"contributions":{},"includedScopes":[]},"contributions":{},"includedScopes":[]},"contributions":{},"includedScopes":[{"containerScope":{"containerScope":{"containerScope":{"contributions":{},"includedScopes":[]},"contributions":{},"includedScopes":[]},"contributions":{},"includedScopes":[]},"contributions":{},"includedScopes":[]}]},{"containerScope":{"containerScope":{"containerScope":{"contributions":{},"includedScopes":[]},"contributions":{},"includedScopes":[]},"contributions":{},"includedScopes":[]},"contributions":{},"includedScopes":[]}]},"contributions":{},"includedScopes":[]},"contributions":{},"includedScopes":[]},"contributions":{},"includedScopes":[]},"contributions":{},"includedScopes":[]},"sentences":[]},"id":"09b0fc9f-def0-4945-b7e3-67aab2d44930","metadata":[],"scope":{"containerScope":{"containerScope":{"containerScope":{"containerScope":{"containerScope":{"containerScope":{"containerScope":{"containerScope":{"containerScope":{"contributions":{},"includedScopes":[]},"contributions":{},"includedScopes":[{"contributions":{},"includedScopes":[]},{"contributions":{},"includedScopes":[]},{"contributions":{},"includedScopes":[]},{"contributions":{},"includedScopes":[]},{"contributions":{},"includedScopes":[]},{"contributions":{},"includedScopes":[]},{"contributions":{},"includedScopes":[]},{"contributions":{},"includedScopes":[]},{"contributions":{},"includedScopes":[]},{"contributions":{},"includedScopes":[]},{"contributions":{},"includedScopes":[]}]},"contributions":{},"includedScopes":[]},"contributions":{},"includedScopes":[]},"contributions":{},"includedScopes":[]},"contributions":{},"includedScopes":[]},"contributions":{},"includedScopes":[{"containerScope":{"containerScope":{"containerScope":{"contributions":{},"includedScopes":[]},"contributions":{},"includedScopes":[]},"contributions":{},"includedScopes":[]},"contributions":{},"includedScopes":[{"containerScope":{"containerScope":{"containerScope":{"contributions":{},"includedScopes":[]},"contributions":{},"includedScopes":[]},"contributions":{},"includedScopes":[]},"contributions":{},"includedScopes":[]}]},{"containerScope":{"containerScope":{"containerScope":{"contributions":{},"includedScopes":[]},"contributions":{},"includedScopes":[]},"contributions":{},"includedScopes":[]},"contributions":{},"includedScopes":[]}]},"contributions":{},"includedScopes":[]},"contributions":{},"includedScopes":[]},"contributions":{},"includedScopes":[]},"sourceMap":{"end":{"column":6,"line":54,"offset":1184},"start":{"column":5,"line":52,"offset":1124}},"thenBody":{"id":"786d57a4-e31f-4bd3-b7a9-503a5f48a2c4","metadata":[],"problems":[],"scope":{"containerScope":{"containerScope":{"containerScope":{"containerScope":{"containerScope":{"containerScope":{"containerScope":{"containerScope":{"containerScope":{"containerScope":{"contributions":{},"includedScopes":[]},"contributions":{},"includedScopes":[{"contributions":{},"includedScopes":[]},{"contributions":{},"includedScopes":[]},{"contributions":{},"includedScopes":[]},{"contributions":{},"includedScopes":[]},{"contributions":{},"includedScopes":[]},{"contributions":{},"includedScopes":[]},{"contributions":{},"includedScopes":[]},{"contributions":{},"includedScopes":[]},{"contributions":{},"includedScopes":[]},{"contributions":{},"includedScopes":[]},{"contributions":{},"includedScopes":[]}]},"contributions":{},"includedScopes":[]},"contributions":{},"includedScopes":[]},"contributions":{},"includedScopes":[]},"contributions":{},"includedScopes":[]},"contributions":{},"includedScopes":[{"containerScope":{"containerScope":{"containerScope":{"contributions":{},"includedScopes":[]},"contributions":{},"includedScopes":[]},"contributions":{},"includedScopes":[]},"contributions":{},"includedScopes":[{"containerScope":{"containerScope":{"containerScope":{"contributions":{},"includedScopes":[]},"contributions":{},"includedScopes":[]},"contributions":{},"includedScopes":[]},"contributions":{},"includedScopes":[]}]},{"containerScope":{"containerScope":{"containerScope":{"contributions":{},"includedScopes":[]},"contributions":{},"includedScopes":[]},"contributions":{},"includedScopes":[]},"contributions":{},"includedScopes":[]}]},"contributions":{},"includedScopes":[]},"contributions":{},"includedScopes":[]},"contributions":{},"includedScopes":[]},"contributions":{},"includedScopes":[]},"sentences":[{"args":[],"id":"e2780161-8860-43d0-b7c1-de4285e12655","message":"reiniciar","metadata":[],"receiver":{"id":"2eb78bf8-42d1-46db-a53f-aa85a3345345","metadata":[],"name":"juego","scope":{"containerScope":{"containerScope":{"containerScope":{"containerScope":{"containerScope":{"containerScope":{"containerScope":{"containerScope":{"containerScope":{"containerScope":{"containerScope":{"containerScope":{"contributions":{},"includedScopes":[]},"contributions":{},"includedScopes":[{"contributions":{},"includedScopes":[]},{"contributions":{},"includedScopes":[]},{"contributions":{},"includedScopes":[]},{"contributions":{},"includedScopes":[]},{"contributions":{},"includedScopes":[]},{"contributions":{},"includedScopes":[]},{"contributions":{},"includedScopes":[]},{"contributions":{},"includedScopes":[]},{"contributions":{},"includedScopes":[]},{"contributions":{},"includedScopes":[]},{"contributions":{},"includedScopes":[]}]},"contributions":{},"includedScopes":[]},"contributions":{},"includedScopes":[]},"contributions":{},"includedScopes":[]},"contributions":{},"includedScopes":[]},"contributions":{},"includedScopes":[{"containerScope":{"containerScope":{"containerScope":{"contributions":{},"includedScopes":[]},"contributions":{},"includedScopes":[]},"contributions":{},"includedScopes":[]},"contributions":{},"includedScopes":[{"containerScope":{"containerScope":{"containerScope":{"contributions":{},"includedScopes":[]},"contributions":{},"includedScopes":[]},"contributions":{},"includedScopes":[]},"contributions":{},"includedScopes":[]}]},{"containerScope":{"containerScope":{"containerScope":{"contributions":{},"includedScopes":[]},"contributions":{},"includedScopes":[]},"contributions":{},"includedScopes":[]},"contributions":{},"includedScopes":[]}]},"contributions":{},"includedScopes":[]},"contributions":{},"includedScopes":[]},"contributions":{},"includedScopes":[]},"contributions":{},"includedScopes":[]},"contributions":{},"includedScopes":[]},"contributions":{},"includedScopes":[]},"sourceMap":{"end":{"column":14,"line":53,"offset":1165},"start":{"column":9,"line":53,"offset":1160}}},"scope":{"containerScope":{"containerScope":{"containerScope":{"containerScope":{"containerScope":{"containerScope":{"containerScope":{"containerScope":{"containerScope":{"containerScope":{"containerScope":{"contributions":{},"includedScopes":[]},"contributions":{},"includedScopes":[{"contributions":{},"includedScopes":[]},{"contributions":{},"includedScopes":[]},{"contributions":{},"includedScopes":[]},{"contributions":{},"includedScopes":[]},{"contributions":{},"includedScopes":[]},{"contributions":{},"includedScopes":[]},{"contributions":{},"includedScopes":[]},{"contributions":{},"includedScopes":[]},{"contributions":{},"includedScopes":[]},{"contributions":{},"includedScopes":[]},{"contributions":{},"includedScopes":[]}]},"contributions":{},"includedScopes":[]},"contributions":{},"includedScopes":[]},"contributions":{},"includedScopes":[]},"contributions":{},"includedScopes":[]},"contributions":{},"includedScopes":[{"containerScope":{"containerScope":{"containerScope":{"contributions":{},"includedScopes":[]},"contributions":{},"includedScopes":[]},"contributions":{},"includedScopes":[]},"contributions":{},"includedScopes":[{"containerScope":{"containerScope":{"containerScope":{"contributions":{},"includedScopes":[]},"contributions":{},"includedScopes":[]},"contributions":{},"includedScopes":[]},"contributions":{},"includedScopes":[]}]},{"containerScope":{"containerScope":{"containerScope":{"contributions":{},"includedScopes":[]},"contributions":{},"includedScopes":[]},"contributions":{},"includedScopes":[]},"contributions":{},"includedScopes":[]}]},"contributions":{},"includedScopes":[]},"contributions":{},"includedScopes":[]},"contributions":{},"includedScopes":[]},"contributions":{},"includedScopes":[]},"contributions":{},"includedScopes":[]},"sourceMap":{"end":{"column":26,"line":53,"offset":1177},"start":{"column":9,"line":53,"offset":1160}}}],"sourceMap":{"end":{"column":6,"line":54,"offset":1184},"start":{"column":30,"line":52,"offset":1149}}}},{"id":"106d717c-db16-419c-bf94-04d3d3cfde07","metadata":[],"scope":{"containerScope":{"containerScope":{"containerScope":{"containerScope":{"containerScope":{"containerScope":{"containerScope":{"containerScope":{"containerScope":{"contributions":{},"includedScopes":[]},"contributions":{},"includedScopes":[{"contributions":{},"includedScopes":[]},{"contributions":{},"includedScopes":[]},{"contributions":{},"includedScopes":[]},{"contributions":{},"includedScopes":[]},{"contributions":{},"includedScopes":[]},{"contributions":{},"includedScopes":[]},{"contributions":{},"includedScopes":[]},{"contributions":{},"includedScopes":[]},{"contributions":{},"includedScopes":[]},{"contributions":{},"includedScopes":[]},{"contributions":{},"includedScopes":[]}]},"contributions":{},"includedScopes":[]},"contributions":{},"includedScopes":[]},"contributions":{},"includedScopes":[]},"contributions":{},"includedScopes":[]},"contributions":{},"includedScopes":[{"containerScope":{"containerScope":{"containerScope":{"contributions":{},"includedScopes":[]},"contributions":{},"includedScopes":[]},"contributions":{},"includedScopes":[]},"contributions":{},"includedScopes":[{"containerScope":{"containerScope":{"containerScope":{"contributions":{},"includedScopes":[]},"contributions":{},"includedScopes":[]},"contributions":{},"includedScopes":[]},"contributions":{},"includedScopes":[]}]},{"containerScope":{"containerScope":{"containerScope":{"contributions":{},"includedScopes":[]},"contributions":{},"includedScopes":[]},"contributions":{},"includedScopes":[]},"contributions":{},"includedScopes":[]}]},"contributions":{},"includedScopes":[]},"contributions":{},"includedScopes":[]},"contributions":{},"includedScopes":[]},"value":{"args":[],"id":"8454fc59-b562-45b5-982f-08074ab88c00","message":"start","metadata":[],"receiver":{"id":"91c06d86-9048-4416-891d-9dff7b0be6a1","metadata":[],"name":"tickReinicio","scope":{"containerScope":{"containerScope":{"containerScope":{"containerScope":{"containerScope":{"containerScope":{"containerScope":{"containerScope":{"containerScope":{"containerScope":{"containerScope":{"contributions":{},"includedScopes":[]},"contributions":{},"includedScopes":[{"contributions":{},"includedScopes":[]},{"contributions":{},"includedScopes":[]},{"contributions":{},"includedScopes":[]},{"contributions":{},"includedScopes":[]},{"contributions":{},"includedScopes":[]},{"contributions":{},"includedScopes":[]},{"contributions":{},"includedScopes":[]},{"contributions":{},"includedScopes":[]},{"contributions":{},"includedScopes":[]},{"contributions":{},"includedScopes":[]},{"contributions":{},"includedScopes":[]}]},"contributions":{},"includedScopes":[]},"contributions":{},"includedScopes":[]},"contributions":{},"includedScopes":[]},"contributions":{},"includedScopes":[]},"contributions":{},"includedScopes":[{"containerScope":{"containerScope":{"containerScope":{"contributions":{},"includedScopes":[]},"contributions":{},"includedScopes":[]},"contributions":{},"includedScopes":[]},"contributions":{},"includedScopes":[{"containerScope":{"containerScope":{"containerScope":{"contributions":{},"includedScopes":[]},"contributions":{},"includedScopes":[]},"contributions":{},"includedScopes":[]},"contributions":{},"includedScopes":[]}]},{"containerScope":{"containerScope":{"containerScope":{"contributions":{},"includedScopes":[]},"contributions":{},"includedScopes":[]},"contributions":{},"includedScopes":[]},"contributions":{},"includedScopes":[]}]},"contributions":{},"includedScopes":[]},"contributions":{},"includedScopes":[]},"contributions":{},"includedScopes":[]},"contributions":{},"includedScopes":[]},"contributions":{},"includedScopes":[]},"sourceMap":{"end":{"column":17,"line":56,"offset":1204},"start":{"column":5,"line":56,"offset":1192}}},"scope":{"containerScope":{"containerScope":{"containerScope":{"containerScope":{"containerScope":{"containerScope":{"containerScope":{"containerScope":{"containerScope":{"containerScope":{"contributions":{},"includedScopes":[]},"contributions":{},"includedScopes":[{"contributions":{},"includedScopes":[]},{"contributions":{},"includedScopes":[]},{"contributions":{},"includedScopes":[]},{"contributions":{},"includedScopes":[]},{"contributions":{},"includedScopes":[]},{"contributions":{},"includedScopes":[]},{"contributions":{},"includedScopes":[]},{"contributions":{},"includedScopes":[]},{"contributions":{},"includedScopes":[]},{"contributions":{},"includedScopes":[]},{"contributions":{},"includedScopes":[]}]},"contributions":{},"includedScopes":[]},"contributions":{},"includedScopes":[]},"contributions":{},"includedScopes":[]},"contributions":{},"includedScopes":[]},"contributions":{},"includedScopes":[{"containerScope":{"containerScope":{"containerScope":{"contributions":{},"includedScopes":[]},"contributions":{},"includedScopes":[]},"contributions":{},"includedScopes":[]},"contributions":{},"includedScopes":[{"containerScope":{"containerScope":{"containerScope":{"contributions":{},"includedScopes":[]},"contributions":{},"includedScopes":[]},"contributions":{},"includedScopes":[]},"contributions":{},"includedScopes":[]}]},{"containerScope":{"containerScope":{"containerScope":{"contributions":{},"includedScopes":[]},"contributions":{},"includedScopes":[]},"contributions":{},"includedScopes":[]},"contributions":{},"includedScopes":[]}]},"contributions":{},"includedScopes":[]},"contributions":{},"includedScopes":[]},"contributions":{},"includedScopes":[]},"contributions":{},"includedScopes":[]},"sourceMap":{"end":{"column":25,"line":56,"offset":1212},"start":{"column":5,"line":56,"offset":1192}}}}]},"compiled":false,"id":"c77b7713-0976-4021-8ddf-991ff086f573","isOverride":false,"metadata":[],"name":"<apply>","parameters":[],"scope":{"containerScope":{"containerScope":{"containerScope":{"containerScope":{"containerScope":{"containerScope":{"containerScope":{"contributions":{},"includedScopes":[]},"contributions":{},"includedScopes":[{"contributions":{},"includedScopes":[]},{"contributions":{},"includedScopes":[]},{"contributions":{},"includedScopes":[]},{"contributions":{},"includedScopes":[]},{"contributions":{},"includedScopes":[]},{"contributions":{},"includedScopes":[]},{"contributions":{},"includedScopes":[]},{"contributions":{},"includedScopes":[]},{"contributions":{},"includedScopes":[]},{"contributions":{},"includedScopes":[]},{"contributions":{},"includedScopes":[]}]},"contributions":{},"includedScopes":[]},"contributions":{},"includedScopes":[]},"contributions":{},"includedScopes":[]},"contributions":{},"includedScopes":[]},"contributions":{},"includedScopes":[{"containerScope":{"containerScope":{"containerScope":{"contributions":{},"includedScopes":[]},"contributions":{},"includedScopes":[]},"contributions":{},"includedScopes":[]},"contributions":{},"includedScopes":[{"containerScope":{"containerScope":{"containerScope":{"contributions":{},"includedScopes":[]},"contributions":{},"includedScopes":[]},"contributions":{},"includedScopes":[]},"contributions":{},"includedScopes":[]}]},{"containerScope":{"containerScope":{"containerScope":{"contributions":{},"includedScopes":[]},"contributions":{},"includedScopes":[]},"contributions":{},"includedScopes":[]},"contributions":{},"includedScopes":[]}]},"contributions":{},"includedScopes":[]}},{"id":"eb5d9d97-d82e-41d6-8948-ef713612f3bc","isConstant":true,"isProperty":false,"metadata":[],"name":"<toString>","scope":{"containerScope":{"containerScope":{"containerScope":{"containerScope":{"containerScope":{"containerScope":{"containerScope":{"contributions":{},"includedScopes":[]},"contributions":{},"includedScopes":[{"contributions":{},"includedScopes":[]},{"contributions":{},"includedScopes":[]},{"contributions":{},"includedScopes":[]},{"contributions":{},"includedScopes":[]},{"contributions":{},"includedScopes":[]},{"contributions":{},"includedScopes":[]},{"contributions":{},"includedScopes":[]},{"contributions":{},"includedScopes":[]},{"contributions":{},"includedScopes":[]},{"contributions":{},"includedScopes":[]},{"contributions":{},"includedScopes":[]}]},"contributions":{},"includedScopes":[]},"contributions":{},"includedScopes":[]},"contributions":{},"includedScopes":[]},"contributions":{},"includedScopes":[]},"contributions":{},"includedScopes":[{"containerScope":{"containerScope":{"containerScope":{"contributions":{},"includedScopes":[]},"contributions":{},"includedScopes":[]},"contributions":{},"includedScopes":[]},"contributions":{},"includedScopes":[{"containerScope":{"containerScope":{"containerScope":{"contributions":{},"includedScopes":[]},"contributions":{},"includedScopes":[]},"contributions":{},"includedScopes":[]},"contributions":{},"includedScopes":[]}]},{"containerScope":{"containerScope":{"containerScope":{"contributions":{},"includedScopes":[]},"contributions":{},"includedScopes":[]},"contributions":{},"includedScopes":[]},"contributions":{},"includedScopes":[]}]},"contributions":{},"includedScopes":[]},"value":{"id":"0b22c738-2b87-4c52-9885-00ca352d4da4","metadata":[],"scope":{"containerScope":{"containerScope":{"containerScope":{"containerScope":{"containerScope":{"containerScope":{"containerScope":{"containerScope":{"contributions":{},"includedScopes":[]},"contributions":{},"includedScopes":[{"contributions":{},"includedScopes":[]},{"contributions":{},"includedScopes":[]},{"contributions":{},"includedScopes":[]},{"contributions":{},"includedScopes":[]},{"contributions":{},"includedScopes":[]},{"contributions":{},"includedScopes":[]},{"contributions":{},"includedScopes":[]},{"contributions":{},"includedScopes":[]},{"contributions":{},"includedScopes":[]},{"contributions":{},"includedScopes":[]},{"contributions":{},"includedScopes":[]}]},"contributions":{},"includedScopes":[]},"contributions":{},"includedScopes":[]},"contributions":{},"includedScopes":[]},"contributions":{},"includedScopes":[]},"contributions":{},"includedScopes":[{"containerScope":{"containerScope":{"containerScope":{"contributions":{},"includedScopes":[]},"contributions":{},"includedScopes":[]},"contributions":{},"includedScopes":[]},"contributions":{},"includedScopes":[{"containerScope":{"containerScope":{"containerScope":{"contributions":{},"includedScopes":[]},"contributions":{},"includedScopes":[]},"contributions":{},"includedScopes":[]},"contributions":{},"includedScopes":[]}]},{"containerScope":{"containerScope":{"containerScope":{"contributions":{},"includedScopes":[]},"contributions":{},"includedScopes":[]},"contributions":{},"includedScopes":[]},"contributions":{},"includedScopes":[]}]},"contributions":{},"includedScopes":[]},"contributions":{},"includedScopes":[]},"value":"{\r\n\r\n    if (!juego.puedeJugar()) {\r\n        juego.reiniciar()\r\n    }\r\n\r\n    tickReinicio.start()\r\n\r\n}"}}],"metadata":[],"scope":{"containerScope":{"containerScope":{"containerScope":{"containerScope":{"containerScope":{"containerScope":{"contributions":{},"includedScopes":[]},"contributions":{},"includedScopes":[{"contributions":{},"includedScopes":[]},{"contributions":{},"includedScopes":[]},{"contributions":{},"includedScopes":[]},{"contributions":{},"includedScopes":[]},{"contributions":{},"includedScopes":[]},{"contributions":{},"includedScopes":[]},{"contributions":{},"includedScopes":[]},{"contributions":{},"includedScopes":[]},{"contributions":{},"includedScopes":[]},{"contributions":{},"includedScopes":[]},{"contributions":{},"includedScopes":[]}]},"contributions":{},"includedScopes":[]},"contributions":{},"includedScopes":[]},"contributions":{},"includedScopes":[]},"contributions":{},"includedScopes":[]},"contributions":{},"includedScopes":[{"containerScope":{"containerScope":{"containerScope":{"contributions":{},"includedScopes":[]},"contributions":{},"includedScopes":[]},"contributions":{},"includedScopes":[]},"contributions":{},"includedScopes":[{"containerScope":{"containerScope":{"containerScope":{"contributions":{},"includedScopes":[]},"contributions":{},"includedScopes":[]},"contributions":{},"includedScopes":[]},"contributions":{},"includedScopes":[]}]},{"containerScope":{"containerScope":{"containerScope":{"contributions":{},"includedScopes":[]},"contributions":{},"includedScopes":[]},"contributions":{},"includedScopes":[]},"contributions":{},"includedScopes":[]}]},"sourceMap":{"end":{"column":2,"line":58,"offset":1217},"start":{"column":42,"line":50,"offset":1115}},"supertypes":[{"args":[],"id":"27fd08b3-87c6-4cfa-853d-2ce922c39151","metadata":[],"reference":{"id":"46dd8f7d-e6e1-4c99-909e-d9c08b146e3b","metadata":[],"name":"wollok.lang.Closure","scope":{"containerScope":{"containerScope":{"containerScope":{"containerScope":{"containerScope":{"containerScope":{"containerScope":{"contributions":{},"includedScopes":[]},"contributions":{},"includedScopes":[{"contributions":{},"includedScopes":[]},{"contributions":{},"includedScopes":[]},{"contributions":{},"includedScopes":[]},{"contributions":{},"includedScopes":[]},{"contributions":{},"includedScopes":[]},{"contributions":{},"includedScopes":[]},{"contributions":{},"includedScopes":[]},{"contributions":{},"includedScopes":[]},{"contributions":{},"includedScopes":[]},{"contributions":{},"includedScopes":[]},{"contributions":{},"includedScopes":[]}]},"contributions":{},"includedScopes":[]},"contributions":{},"includedScopes":[]},"contributions":{},"includedScopes":[]},"contributions":{},"includedScopes":[]},"contributions":{},"includedScopes":[{"containerScope":{"containerScope":{"containerScope":{"contributions":{},"includedScopes":[]},"contributions":{},"includedScopes":[]},"contributions":{},"includedScopes":[]},"contributions":{},"includedScopes":[{"containerScope":{"containerScope":{"containerScope":{"contributions":{},"includedScopes":[]},"contributions":{},"includedScopes":[]},"contributions":{},"includedScopes":[]},"contributions":{},"includedScopes":[]}]},{"containerScope":{"containerScope":{"containerScope":{"contributions":{},"includedScopes":[]},"contributions":{},"includedScopes":[]},"contributions":{},"includedScopes":[]},"contributions":{},"includedScopes":[]}]},"contributions":{},"includedScopes":[]}},"scope":{"containerScope":{"containerScope":{"containerScope":{"containerScope":{"containerScope":{"containerScope":{"containerScope":{"contributions":{},"includedScopes":[]},"contributions":{},"includedScopes":[{"contributions":{},"includedScopes":[]},{"contributions":{},"includedScopes":[]},{"contributions":{},"includedScopes":[]},{"contributions":{},"includedScopes":[]},{"contributions":{},"includedScopes":[]},{"contributions":{},"includedScopes":[]},{"contributions":{},"includedScopes":[]},{"contributions":{},"includedScopes":[]},{"contributions":{},"includedScopes":[]},{"contributions":{},"includedScopes":[]},{"contributions":{},"includedScopes":[]}]},"contributions":{},"includedScopes":[]},"contributions":{},"includedScopes":[]},"contributions":{},"includedScopes":[]},"contributions":{},"includedScopes":[]},"contributions":{},"includedScopes":[{"containerScope":{"containerScope":{"containerScope":{"contributions":{},"includedScopes":[]},"contributions":{},"includedScopes":[]},"contributions":{},"includedScopes":[]},"contributions":{},"includedScopes":[{"containerScope":{"containerScope":{"containerScope":{"contributions":{},"includedScopes":[]},"contributions":{},"includedScopes":[]},"contributions":{},"includedScopes":[]},"contributions":{},"includedScopes":[]}]},{"containerScope":{"containerScope":{"containerScope":{"contributions":{},"includedScopes":[]},"contributions":{},"includedScopes":[]},"contributions":{},"includedScopes":[]},"contributions":{},"includedScopes":[]}]},"contributions":{},"includedScopes":[]}}]},{"id":"e78c5d1d-52f7-4373-b9f5-0fa381fd42fe","metadata":[],"scope":{"containerScope":{"containerScope":{"containerScope":{"containerScope":{"containerScope":{"containerScope":{"contributions":{},"includedScopes":[]},"contributions":{},"includedScopes":[{"contributions":{},"includedScopes":[]},{"contributions":{},"includedScopes":[]},{"contributions":{},"includedScopes":[]},{"contributions":{},"includedScopes":[]},{"contributions":{},"includedScopes":[]},{"contributions":{},"includedScopes":[]},{"contributions":{},"includedScopes":[]},{"contributions":{},"includedScopes":[]},{"contributions":{},"includedScopes":[]},{"contributions":{},"includedScopes":[]},{"contributions":{},"includedScopes":[]}]},"contributions":{},"includedScopes":[]},"contributions":{},"includedScopes":[]},"contributions":{},"includedScopes":[]},"contributions":{},"includedScopes":[]},"contributions":{},"includedScopes":[]},"sourceMap":{"end":{"column":8,"line":58,"offset":1223},"start":{"column":4,"line":58,"offset":1219}},"value":true}],"id":"7220f5f7-54df-4df1-8775-d7fe4c0893d3","message":"tick","metadata":[],"receiver":{"id":"3d7510f4-947a-40ad-b186-cd46125f1613","metadata":[],"name":"game","scope":{"containerScope":{"containerScope":{"containerScope":{"containerScope":{"containerScope":{"containerScope":{"contributions":{},"includedScopes":[]},"contributions":{},"includedScopes":[{"contributions":{},"includedScopes":[]},{"contributions":{},"includedScopes":[]},{"contributions":{},"includedScopes":[]},{"contributions":{},"includedScopes":[]},{"contributions":{},"includedScopes":[]},{"contributions":{},"includedScopes":[]},{"contributions":{},"includedScopes":[]},{"contributions":{},"includedScopes":[]},{"contributions":{},"includedScopes":[]},{"contributions":{},"includedScopes":[]},{"contributions":{},"includedScopes":[]}]},"contributions":{},"includedScopes":[]},"contributions":{},"includedScopes":[]},"contributions":{},"includedScopes":[]},"contributions":{},"includedScopes":[]},"contributions":{},"includedScopes":[]},"sourceMap":{"end":{"column":30,"line":50,"offset":1103},"start":{"column":26,"line":50,"offset":1099}}},"scope":{"containerScope":{"containerScope":{"containerScope":{"containerScope":{"containerScope":{"contributions":{},"includedScopes":[]},"contributions":{},"includedScopes":[{"contributions":{},"includedScopes":[]},{"contributions":{},"includedScopes":[]},{"contributions":{},"includedScopes":[]},{"contributions":{},"includedScopes":[]},{"contributions":{},"includedScopes":[]},{"contributions":{},"includedScopes":[]},{"contributions":{},"includedScopes":[]},{"contributions":{},"includedScopes":[]},{"contributions":{},"includedScopes":[]},{"contributions":{},"includedScopes":[]},{"contributions":{},"includedScopes":[]}]},"contributions":{},"includedScopes":[]},"contributions":{},"includedScopes":[]},"contributions":{},"includedScopes":[]},"contributions":{},"includedScopes":[]},"sourceMap":{"end":{"column":9,"line":58,"offset":1224},"start":{"column":26,"line":50,"offset":1099}}}},{"args":[],"id":"d435e00a-7f4d-4381-94b5-63d9315d68b6","message":"start","metadata":[],"receiver":{"id":"1910ea4c-84b9-460a-9b26-5aa487140af2","metadata":[],"name":"game","scope":{"containerScope":{"containerScope":{"containerScope":{"containerScope":{"containerScope":{"contributions":{},"includedScopes":[]},"contributions":{},"includedScopes":[{"contributions":{},"includedScopes":[]},{"contributions":{},"includedScopes":[]},{"contributions":{},"includedScopes":[]},{"contributions":{},"includedScopes":[]},{"contributions":{},"includedScopes":[]},{"contributions":{},"includedScopes":[]},{"contributions":{},"includedScopes":[]},{"contributions":{},"includedScopes":[]},{"contributions":{},"includedScopes":[]},{"contributions":{},"includedScopes":[]},{"contributions":{},"includedScopes":[]}]},"contributions":{},"includedScopes":[]},"contributions":{},"includedScopes":[]},"contributions":{},"includedScopes":[]},"contributions":{},"includedScopes":[]},"sourceMap":{"end":{"column":6,"line":60,"offset":1233},"start":{"column":2,"line":60,"offset":1229}}},"scope":{"containerScope":{"containerScope":{"containerScope":{"containerScope":{"contributions":{},"includedScopes":[]},"contributions":{},"includedScopes":[{"contributions":{},"includedScopes":[]},{"contributions":{},"includedScopes":[]},{"contributions":{},"includedScopes":[]},{"contributions":{},"includedScopes":[]},{"contributions":{},"includedScopes":[]},{"contributions":{},"includedScopes":[]},{"contributions":{},"includedScopes":[]},{"contributions":{},"includedScopes":[]},{"contributions":{},"includedScopes":[]},{"contributions":{},"includedScopes":[]},{"contributions":{},"includedScopes":[]}]},"contributions":{},"includedScopes":[]},"contributions":{},"includedScopes":[]},"contributions":{},"includedScopes":[]},"sourceMap":{"end":{"column":14,"line":60,"offset":1241},"start":{"column":2,"line":60,"offset":1229}}}],"sourceMap":{"end":{"column":2,"line":61,"offset":1244},"start":{"column":27,"line":16,"offset":341}}},"stack":"Error: Failed to print, found malformed node\n    at c:\\Users\\Estudiante\\.vscode\\extensions\\uqbar.wollok-lsp-ide-0.5.4\\out\\server\\src\\server.js:68:3585\n    at c:\\Users\\Estudiante\\.vscode\\extensions\\uqbar.wollok-lsp-ide-0.5.4\\out\\server\\src\\server.js:68:4960\n    at c:\\Users\\Estudiante\\.vscode\\extensions\\uqbar.wollok-lsp-ide-0.5.4\\out\\server\\src\\server.js:38:6131\n    at c:\\Users\\Estudiante\\.vscode\\extensions\\uqbar.wollok-lsp-ide-0.5.4\\out\\server\\src\\server.js:68:3664\n    at Kbn (c:\\Users\\Estudiante\\.vscode\\extensions\\uqbar.wollok-lsp-ide-0.5.4\\out\\server\\src\\server.js:68:3396)\n    at c:\\Users\\Estudiante\\.vscode\\extensions\\uqbar.wollok-lsp-ide-0.5.4\\out\\server\\src\\server.js:2398:847\n    at c:\\Users\\Estudiante\\.vscode\\extensions\\uqbar.wollok-lsp-ide-0.5.4\\out\\server\\src\\server.js:2398:8440\n    at c:\\Users\\Estudiante\\.vscode\\extensions\\uqbar.wollok-lsp-ide-0.5.4\\out\\server\\src\\server.js:37:74770\n    at Ke (c:\\Users\\Estudiante\\.vscode\\extensions\\uqbar.wollok-lsp-ide-0.5.4\\out\\server\\src\\server.js:7:8527)\n    at Lt (c:\\Users\\Estudiante\\.vscode\\extensions\\uqbar.wollok-lsp-ide-0.5.4\\out\\server\\src\\server.js:7:6189)","timestamp":"2026-06-15T03:17:14.483Z"}
{"level":"error","message":"✘ Failed to rebuild document Failed to parse mainExample.wpgm: \n-- PARSING FAILED --------------------------------------------------\n\n  58 | \n  59 | \tgame.start()\n> 60 | }\n     | ^\n\nExpected one of the following: \n\n'@', 'class', 'const', 'describe', 'mixin', 'object', 'only', 'package', 'program', 'test', 'var', '{', EOF, comment, not \"}\", whitespace\n","stack":"Error: Failed to parse mainExample.wpgm: \n-- PARSING FAILED --------------------------------------------------\n\n  58 | \n  59 | \tgame.start()\n> 60 | }\n     | ^\n\nExpected one of the following: \n\n'@', 'class', 'const', 'describe', 'mixin', 'object', 'only', 'package', 'program', 'test', 'var', '{', EOF, comment, not \"}\", whitespace\n\n    at c:\\Users\\Estudiante\\.vscode\\extensions\\uqbar.wollok-lsp-ide-0.5.4\\out\\server\\src\\server.js:2353:13026\n    at Array.map (<anonymous>)\n    at U1n (c:\\Users\\Estudiante\\.vscode\\extensions\\uqbar.wollok-lsp-ide-0.5.4\\out\\server\\src\\server.js:2353:12950)\n    at H2.buildEnvironmentFrom (c:\\Users\\Estudiante\\.vscode\\extensions\\uqbar.wollok-lsp-ide-0.5.4\\out\\server\\src\\server.js:2398:5254)\n    at H2.updateEnvironmentWith (c:\\Users\\Estudiante\\.vscode\\extensions\\uqbar.wollok-lsp-ide-0.5.4\\out\\server\\src\\server.js:2398:4989)\n    at GF (c:\\Users\\Estudiante\\.vscode\\extensions\\uqbar.wollok-lsp-ide-0.5.4\\out\\server\\src\\server.js:2398:7383)\n    at V3.invoke (c:\\Users\\Estudiante\\.vscode\\extensions\\uqbar.wollok-lsp-ide-0.5.4\\out\\server\\src\\server.js:3:157328)\n    at o.fire (c:\\Users\\Estudiante\\.vscode\\extensions\\uqbar.wollok-lsp-ide-0.5.4\\out\\server\\src\\server.js:3:158098)\n    at c:\\Users\\Estudiante\\.vscode\\extensions\\uqbar.wollok-lsp-ide-0.5.4\\out\\server\\src\\server.js:37:57871\n    at nd (c:\\Users\\Estudiante\\.vscode\\extensions\\uqbar.wollok-lsp-ide-0.5.4\\out\\server\\src\\server.js:8:1561)","timestamp":"2026-06-15T03:17:14.936Z"}
{"level":"error","message":"✘ Failed to rebuild document Failed to parse mainExample.wpgm: \n-- PARSING FAILED --------------------------------------------------\n\n  58 | \n  59 | \tgame.start()\n> 60 | }\n     | ^\n\nExpected one of the following: \n\n'@', 'class', 'const', 'describe', 'mixin', 'object', 'only', 'package', 'program', 'test', 'var', '{', EOF, comment, not \"}\", whitespace\n","stack":"Error: Failed to parse mainExample.wpgm: \n-- PARSING FAILED --------------------------------------------------\n\n  58 | \n  59 | \tgame.start()\n> 60 | }\n     | ^\n\nExpected one of the following: \n\n'@', 'class', 'const', 'describe', 'mixin', 'object', 'only', 'package', 'program', 'test', 'var', '{', EOF, comment, not \"}\", whitespace\n\n    at c:\\Users\\Estudiante\\.vscode\\extensions\\uqbar.wollok-lsp-ide-0.5.4\\out\\server\\src\\server.js:2353:13026\n    at Array.map (<anonymous>)\n    at U1n (c:\\Users\\Estudiante\\.vscode\\extensions\\uqbar.wollok-lsp-ide-0.5.4\\out\\server\\src\\server.js:2353:12950)\n    at H2.buildEnvironmentFrom (c:\\Users\\Estudiante\\.vscode\\extensions\\uqbar.wollok-lsp-ide-0.5.4\\out\\server\\src\\server.js:2398:5254)\n    at H2.updateEnvironmentWith (c:\\Users\\Estudiante\\.vscode\\extensions\\uqbar.wollok-lsp-ide-0.5.4\\out\\server\\src\\server.js:2398:4989)\n    at GF (c:\\Users\\Estudiante\\.vscode\\extensions\\uqbar.wollok-lsp-ide-0.5.4\\out\\server\\src\\server.js:2398:7383)\n    at V3.invoke (c:\\Users\\Estudiante\\.vscode\\extensions\\uqbar.wollok-lsp-ide-0.5.4\\out\\server\\src\\server.js:3:157328)\n    at o.fire (c:\\Users\\Estudiante\\.vscode\\extensions\\uqbar.wollok-lsp-ide-0.5.4\\out\\server\\src\\server.js:3:158098)\n    at c:\\Users\\Estudiante\\.vscode\\extensions\\uqbar.wollok-lsp-ide-0.5.4\\out\\server\\src\\server.js:37:57871\n    at nd (c:\\Users\\Estudiante\\.vscode\\extensions\\uqbar.wollok-lsp-ide-0.5.4\\out\\server\\src\\server.js:8:1561)","timestamp":"2026-06-15T03:17:14.998Z"}
{"level":"error","message":"✘ Failed to rebuild document Failed to parse mainExample.wpgm: \n-- PARSING FAILED --------------------------------------------------\n\n  58 | \n  59 | \tgame.start()\n> 60 | }\n     | ^\n\nExpected one of the following: \n\n'@', 'class', 'const', 'describe', 'mixin', 'object', 'only', 'package', 'program', 'test', 'var', '{', EOF, comment, not \"}\", whitespace\n","stack":"Error: Failed to parse mainExample.wpgm: \n-- PARSING FAILED --------------------------------------------------\n\n  58 | \n  59 | \tgame.start()\n> 60 | }\n     | ^\n\nExpected one of the following: \n\n'@', 'class', 'const', 'describe', 'mixin', 'object', 'only', 'package', 'program', 'test', 'var', '{', EOF, comment, not \"}\", whitespace\n\n    at c:\\Users\\Estudiante\\.vscode\\extensions\\uqbar.wollok-lsp-ide-0.5.4\\out\\server\\src\\server.js:2353:13026\n    at Array.map (<anonymous>)\n    at U1n (c:\\Users\\Estudiante\\.vscode\\extensions\\uqbar.wollok-lsp-ide-0.5.4\\out\\server\\src\\server.js:2353:12950)\n    at H2.buildEnvironmentFrom (c:\\Users\\Estudiante\\.vscode\\extensions\\uqbar.wollok-lsp-ide-0.5.4\\out\\server\\src\\server.js:2398:5254)\n    at H2.updateEnvironmentWith (c:\\Users\\Estudiante\\.vscode\\extensions\\uqbar.wollok-lsp-ide-0.5.4\\out\\server\\src\\server.js:2398:4989)\n    at GF (c:\\Users\\Estudiante\\.vscode\\extensions\\uqbar.wollok-lsp-ide-0.5.4\\out\\server\\src\\server.js:2398:7383)\n    at V3.invoke (c:\\Users\\Estudiante\\.vscode\\extensions\\uqbar.wollok-lsp-ide-0.5.4\\out\\server\\src\\server.js:3:157328)\n    at o.fire (c:\\Users\\Estudiante\\.vscode\\extensions\\uqbar.wollok-lsp-ide-0.5.4\\out\\server\\src\\server.js:3:158098)\n    at c:\\Users\\Estudiante\\.vscode\\extensions\\uqbar.wollok-lsp-ide-0.5.4\\out\\server\\src\\server.js:37:57871\n    at nd (c:\\Users\\Estudiante\\.vscode\\extensions\\uqbar.wollok-lsp-ide-0.5.4\\out\\server\\src\\server.js:8:1561)","timestamp":"2026-06-15T03:17:15.023Z"}
{"level":"error","message":"✘ Failed to rebuild document Failed to parse mainExample.wpgm: \n-- PARSING FAILED --------------------------------------------------\n\n  58 | \n  59 | \tgame.start()\n> 60 | }\n     | ^\n\nExpected one of the following: \n\n'@', 'class', 'const', 'describe', 'mixin', 'object', 'only', 'package', 'program', 'test', 'var', '{', EOF, comment, not \"}\", whitespace\n","stack":"Error: Failed to parse mainExample.wpgm: \n-- PARSING FAILED --------------------------------------------------\n\n  58 | \n  59 | \tgame.start()\n> 60 | }\n     | ^\n\nExpected one of the following: \n\n'@', 'class', 'const', 'describe', 'mixin', 'object', 'only', 'package', 'program', 'test', 'var', '{', EOF, comment, not \"}\", whitespace\n\n    at c:\\Users\\Estudiante\\.vscode\\extensions\\uqbar.wollok-lsp-ide-0.5.4\\out\\server\\src\\server.js:2353:13026\n    at Array.map (<anonymous>)\n    at U1n (c:\\Users\\Estudiante\\.vscode\\extensions\\uqbar.wollok-lsp-ide-0.5.4\\out\\server\\src\\server.js:2353:12950)\n    at H2.buildEnvironmentFrom (c:\\Users\\Estudiante\\.vscode\\extensions\\uqbar.wollok-lsp-ide-0.5.4\\out\\server\\src\\server.js:2398:5254)\n    at H2.updateEnvironmentWith (c:\\Users\\Estudiante\\.vscode\\extensions\\uqbar.wollok-lsp-ide-0.5.4\\out\\server\\src\\server.js:2398:4989)\n    at GF (c:\\Users\\Estudiante\\.vscode\\extensions\\uqbar.wollok-lsp-ide-0.5.4\\out\\server\\src\\server.js:2398:7383)\n    at V3.invoke (c:\\Users\\Estudiante\\.vscode\\extensions\\uqbar.wollok-lsp-ide-0.5.4\\out\\server\\src\\server.js:3:157328)\n    at o.fire (c:\\Users\\Estudiante\\.vscode\\extensions\\uqbar.wollok-lsp-ide-0.5.4\\out\\server\\src\\server.js:3:158098)\n    at c:\\Users\\Estudiante\\.vscode\\extensions\\uqbar.wollok-lsp-ide-0.5.4\\out\\server\\src\\server.js:37:57871\n    at nd (c:\\Users\\Estudiante\\.vscode\\extensions\\uqbar.wollok-lsp-ide-0.5.4\\out\\server\\src\\server.js:8:1561)","timestamp":"2026-06-15T03:17:15.158Z"}
{"level":"error","message":"✘ Failed to rebuild document Failed to parse mainExample.wpgm: \n-- PARSING FAILED --------------------------------------------------\n\n  58 | \n  59 | \tgame.start()\n> 60 | }\n     | ^\n\nExpected one of the following: \n\n'@', 'class', 'const', 'describe', 'mixin', 'object', 'only', 'package', 'program', 'test', 'var', '{', EOF, comment, not \"}\", whitespace\n","stack":"Error: Failed to parse mainExample.wpgm: \n-- PARSING FAILED --------------------------------------------------\n\n  58 | \n  59 | \tgame.start()\n> 60 | }\n     | ^\n\nExpected one of the following: \n\n'@', 'class', 'const', 'describe', 'mixin', 'object', 'only', 'package', 'program', 'test', 'var', '{', EOF, comment, not \"}\", whitespace\n\n    at c:\\Users\\Estudiante\\.vscode\\extensions\\uqbar.wollok-lsp-ide-0.5.4\\out\\server\\src\\server.js:2353:13026\n    at Array.map (<anonymous>)\n    at U1n (c:\\Users\\Estudiante\\.vscode\\extensions\\uqbar.wollok-lsp-ide-0.5.4\\out\\server\\src\\server.js:2353:12950)\n    at H2.buildEnvironmentFrom (c:\\Users\\Estudiante\\.vscode\\extensions\\uqbar.wollok-lsp-ide-0.5.4\\out\\server\\src\\server.js:2398:5254)\n    at H2.updateEnvironmentWith (c:\\Users\\Estudiante\\.vscode\\extensions\\uqbar.wollok-lsp-ide-0.5.4\\out\\server\\src\\server.js:2398:4989)\n    at GF (c:\\Users\\Estudiante\\.vscode\\extensions\\uqbar.wollok-lsp-ide-0.5.4\\out\\server\\src\\server.js:2398:7383)\n    at V3.invoke (c:\\Users\\Estudiante\\.vscode\\extensions\\uqbar.wollok-lsp-ide-0.5.4\\out\\server\\src\\server.js:3:157328)\n    at o.fire (c:\\Users\\Estudiante\\.vscode\\extensions\\uqbar.wollok-lsp-ide-0.5.4\\out\\server\\src\\server.js:3:158098)\n    at c:\\Users\\Estudiante\\.vscode\\extensions\\uqbar.wollok-lsp-ide-0.5.4\\out\\server\\src\\server.js:37:57871\n    at nd (c:\\Users\\Estudiante\\.vscode\\extensions\\uqbar.wollok-lsp-ide-0.5.4\\out\\server\\src\\server.js:8:1561)","timestamp":"2026-06-15T03:17:15.810Z"}
{"level":"error","message":"✘ Failed to rebuild document Failed to parse mainExample.wpgm: \n-- PARSING FAILED --------------------------------------------------\n\n  58 | \n  59 | \tgame.start()\n> 60 | }\n     | ^\n\nExpected one of the following: \n\n'@', 'class', 'const', 'describe', 'mixin', 'object', 'only', 'package', 'program', 'test', 'var', '{', EOF, comment, not \"}\", whitespace\n","stack":"Error: Failed to parse mainExample.wpgm: \n-- PARSING FAILED --------------------------------------------------\n\n  58 | \n  59 | \tgame.start()\n> 60 | }\n     | ^\n\nExpected one of the following: \n\n'@', 'class', 'const', 'describe', 'mixin', 'object', 'only', 'package', 'program', 'test', 'var', '{', EOF, comment, not \"}\", whitespace\n\n    at c:\\Users\\Estudiante\\.vscode\\extensions\\uqbar.wollok-lsp-ide-0.5.4\\out\\server\\src\\server.js:2353:13026\n    at Array.map (<anonymous>)\n    at U1n (c:\\Users\\Estudiante\\.vscode\\extensions\\uqbar.wollok-lsp-ide-0.5.4\\out\\server\\src\\server.js:2353:12950)\n    at H2.buildEnvironmentFrom (c:\\Users\\Estudiante\\.vscode\\extensions\\uqbar.wollok-lsp-ide-0.5.4\\out\\server\\src\\server.js:2398:5254)\n    at H2.updateEnvironmentWith (c:\\Users\\Estudiante\\.vscode\\extensions\\uqbar.wollok-lsp-ide-0.5.4\\out\\server\\src\\server.js:2398:4989)\n    at GF (c:\\Users\\Estudiante\\.vscode\\extensions\\uqbar.wollok-lsp-ide-0.5.4\\out\\server\\src\\server.js:2398:7383)\n    at V3.invoke (c:\\Users\\Estudiante\\.vscode\\extensions\\uqbar.wollok-lsp-ide-0.5.4\\out\\server\\src\\server.js:3:157328)\n    at o.fire (c:\\Users\\Estudiante\\.vscode\\extensions\\uqbar.wollok-lsp-ide-0.5.4\\out\\server\\src\\server.js:3:158098)\n    at c:\\Users\\Estudiante\\.vscode\\extensions\\uqbar.wollok-lsp-ide-0.5.4\\out\\server\\src\\server.js:37:57871\n    at nd (c:\\Users\\Estudiante\\.vscode\\extensions\\uqbar.wollok-lsp-ide-0.5.4\\out\\server\\src\\server.js:8:1561)","timestamp":"2026-06-15T03:17:16.103Z"}
{"level":"error","message":"✘ Failed to rebuild document Failed to parse mainExample.wpgm: \n-- PARSING FAILED --------------------------------------------------\n\n  58 | \n  59 | \tgame.start()\n> 60 | }\n     | ^\n\nExpected one of the following: \n\n'@', 'class', 'const', 'describe', 'mixin', 'object', 'only', 'package', 'program', 'test', 'var', '{', EOF, comment, not \"}\", whitespace\n","stack":"Error: Failed to parse mainExample.wpgm: \n-- PARSING FAILED --------------------------------------------------\n\n  58 | \n  59 | \tgame.start()\n> 60 | }\n     | ^\n\nExpected one of the following: \n\n'@', 'class', 'const', 'describe', 'mixin', 'object', 'only', 'package', 'program', 'test', 'var', '{', EOF, comment, not \"}\", whitespace\n\n    at c:\\Users\\Estudiante\\.vscode\\extensions\\uqbar.wollok-lsp-ide-0.5.4\\out\\server\\src\\server.js:2353:13026\n    at Array.map (<anonymous>)\n    at U1n (c:\\Users\\Estudiante\\.vscode\\extensions\\uqbar.wollok-lsp-ide-0.5.4\\out\\server\\src\\server.js:2353:12950)\n    at H2.buildEnvironmentFrom (c:\\Users\\Estudiante\\.vscode\\extensions\\uqbar.wollok-lsp-ide-0.5.4\\out\\server\\src\\server.js:2398:5254)\n    at H2.updateEnvironmentWith (c:\\Users\\Estudiante\\.vscode\\extensions\\uqbar.wollok-lsp-ide-0.5.4\\out\\server\\src\\server.js:2398:4989)\n    at GF (c:\\Users\\Estudiante\\.vscode\\extensions\\uqbar.wollok-lsp-ide-0.5.4\\out\\server\\src\\server.js:2398:7383)\n    at V3.invoke (c:\\Users\\Estudiante\\.vscode\\extensions\\uqbar.wollok-lsp-ide-0.5.4\\out\\server\\src\\server.js:3:157328)\n    at o.fire (c:\\Users\\Estudiante\\.vscode\\extensions\\uqbar.wollok-lsp-ide-0.5.4\\out\\server\\src\\server.js:3:158098)\n    at c:\\Users\\Estudiante\\.vscode\\extensions\\uqbar.wollok-lsp-ide-0.5.4\\out\\server\\src\\server.js:37:57871\n    at nd (c:\\Users\\Estudiante\\.vscode\\extensions\\uqbar.wollok-lsp-ide-0.5.4\\out\\server\\src\\server.js:8:1561)","timestamp":"2026-06-15T03:17:16.486Z"}
{"level":"error","message":"✘ Failed to get type description: Error: Failed to print, found malformed node Failed to print, found malformed node","node":{"id":"a4097f2a-afbd-48eb-b290-0adbf6fa3782","metadata":[{"args":{"position":"inner","text":"// capturamos ENTER para jugar"},"name":"comment"}],"problems":[{"code":"malformedSentence","sourceMap":{"end":{"column":51,"line":49,"offset":1072},"start":{"column":2,"line":43,"offset":904}}}],"scope":{"containerScope":{"containerScope":{"containerScope":{"contributions":{},"includedScopes":[]},"contributions":{},"includedScopes":[{"contributions":{},"includedScopes":[]},{"contributions":{},"includedScopes":[]},{"contributions":{},"includedScopes":[]},{"contributions":{},"includedScopes":[]},{"contributions":{},"includedScopes":[]},{"contributions":{},"includedScopes":[]},{"contributions":{},"includedScopes":[]},{"contributions":{},"includedScopes":[]},{"contributions":{},"includedScopes":[]},{"contributions":{},"includedScopes":[]},{"contributions":{},"includedScopes":[]}]},"contributions":{},"includedScopes":[]},"contributions":{},"includedScopes":[]},"sentences":[{"args":[{"id":"23b156ee-c268-4d5e-ae14-8dba042bc390","metadata":[],"scope":{"containerScope":{"containerScope":{"containerScope":{"containerScope":{"containerScope":{"contributions":{},"includedScopes":[]},"contributions":{},"includedScopes":[{"contributions":{},"includedScopes":[]},{"contributions":{},"includedScopes":[]},{"contributions":{},"includedScopes":[]},{"contributions":{},"includedScopes":[]},{"contributions":{},"includedScopes":[]},{"contributions":{},"includedScopes":[]},{"contributions":{},"includedScopes":[]},{"contributions":{},"includedScopes":[]},{"contributions":{},"includedScopes":[]},{"contributions":{},"includedScopes":[]},{"contributions":{},"includedScopes":[]}]},"contributions":{},"includedScopes":[]},"contributions":{},"includedScopes":[]},"contributions":{},"includedScopes":[]},"contributions":{},"includedScopes":[]},"sourceMap":{"end":{"column":37,"line":18,"offset":382},"start":{"column":13,"line":18,"offset":358}},"value":"Piedra, Papel o Tijera"}],"id":"595af25c-c4b8-4e26-aae1-a22c6441468f","message":"title","metadata":[],"receiver":{"id":"b656e859-e247-4a45-8fc8-60bed49b283b","metadata":[],"name":"game","scope":{"containerScope":{"containerScope":{"containerScope":{"containerScope":{"containerScope":{"contributions":{},"includedScopes":[]},"contributions":{},"includedScopes":[{"contributions":{},"includedScopes":[]},{"contributions":{},"includedScopes":[]},{"contributions":{},"includedScopes":[]},{"contributions":{},"includedScopes":[]},{"contributions":{},"includedScopes":[]},{"contributions":{},"includedScopes":[]},{"contributions":{},"includedScopes":[]},{"contributions":{},"includedScopes":[]},{"contributions":{},"includedScopes":[]},{"contributions":{},"includedScopes":[]},{"contributions":{},"includedScopes":[]}]},"contributions":{},"includedScopes":[]},"contributions":{},"includedScopes":[]},"contributions":{},"includedScopes":[]},"contributions":{},"includedScopes":[]},"sourceMap":{"end":{"column":6,"line":18,"offset":351},"start":{"column":2,"line":18,"offset":347}}},"scope":{"containerScope":{"containerScope":{"containerScope":{"containerScope":{"contributions":{},"includedScopes":[]},"contributions":{},"includedScopes":[{"contributions":{},"includedScopes":[]},{"contributions":{},"includedScopes":[]},{"contributions":{},"includedScopes":[]},{"contributions":{},"includedScopes":[]},{"contributions":{},"includedScopes":[]},{"contributions":{},"includedScopes":[]},{"contributions":{},"includedScopes":[]},{"contributions":{},"includedScopes":[]},{"contributions":{},"includedScopes":[]},{"contributions":{},"includedScopes":[]},{"contributions":{},"includedScopes":[]}]},"contributions":{},"includedScopes":[]},"contributions":{},"includedScopes":[]},"contributions":{},"includedScopes":[]},"sourceMap":{"end":{"column":38,"line":18,"offset":383},"start":{"column":2,"line":18,"offset":347}}},{"args":[{"id":"0d87e139-87f0-4969-8184-10c69d0683c4","metadata":[],"scope":{"containerScope":{"containerScope":{"containerScope":{"containerScope":{"containerScope":{"contributions":{},"includedScopes":[]},"contributions":{},"includedScopes":[{"contributions":{},"includedScopes":[]},{"contributions":{},"includedScopes":[]},{"contributions":{},"includedScopes":[]},{"contributions":{},"includedScopes":[]},{"contributions":{},"includedScopes":[]},{"contributions":{},"includedScopes":[]},{"contributions":{},"includedScopes":[]},{"contributions":{},"includedScopes":[]},{"contributions":{},"includedScopes":[]},{"contributions":{},"includedScopes":[]},{"contributions":{},"includedScopes":[]}]},"contributions":{},"includedScopes":[]},"contributions":{},"includedScopes":[]},"contributions":{},"includedScopes":[]},"contributions":{},"includedScopes":[]},"sourceMap":{"end":{"column":16,"line":19,"offset":400},"start":{"column":14,"line":19,"offset":398}},"value":12}],"id":"0aea1cd4-7e81-474d-b8e4-63e9cf1ebce6","message":"height","metadata":[],"receiver":{"id":"e907493a-2e9b-4655-bbdb-2c1ab61fcd3a","metadata":[],"name":"game","scope":{"containerScope":{"containerScope":{"containerScope":{"containerScope":{"containerScope":{"contributions":{},"includedScopes":[]},"contributions":{},"includedScopes":[{"contributions":{},"includedScopes":[]},{"contributions":{},"includedScopes":[]},{"contributions":{},"includedScopes":[]},{"contributions":{},"includedScopes":[]},{"contributions":{},"includedScopes":[]},{"contributions":{},"includedScopes":[]},{"contributions":{},"includedScopes":[]},{"contributions":{},"includedScopes":[]},{"contributions":{},"includedScopes":[]},{"contributions":{},"includedScopes":[]},{"contributions":{},"includedScopes":[]}]},"contributions":{},"includedScopes":[]},"contributions":{},"includedScopes":[]},"contributions":{},"includedScopes":[]},"contributions":{},"includedScopes":[]},"sourceMap":{"end":{"column":6,"line":19,"offset":390},"start":{"column":2,"line":19,"offset":386}}},"scope":{"containerScope":{"containerScope":{"containerScope":{"containerScope":{"contributions":{},"includedScopes":[]},"contributions":{},"includedScopes":[{"contributions":{},"includedScopes":[]},{"contributions":{},"includedScopes":[]},{"contributions":{},"includedScopes":[]},{"contributions":{},"includedScopes":[]},{"contributions":{},"includedScopes":[]},{"contributions":{},"includedScopes":[]},{"contributions":{},"includedScopes":[]},{"contributions":{},"includedScopes":[]},{"contributions":{},"includedScopes":[]},{"contributions":{},"includedScopes":[]},{"contributions":{},"includedScopes":[]}]},"contributions":{},"includedScopes":[]},"contributions":{},"includedScopes":[]},"contributions":{},"includedScopes":[]},"sourceMap":{"end":{"column":17,"line":19,"offset":401},"start":{"column":1,"line":19,"offset":386}}},{"args":[{"id":"be58cafb-474d-45f8-bfdd-026afab8cea0","metadata":[],"scope":{"containerScope":{"containerScope":{"containerScope":{"containerScope":{"containerScope":{"contributions":{},"includedScopes":[]},"contributions":{},"includedScopes":[{"contributions":{},"includedScopes":[]},{"contributions":{},"includedScopes":[]},{"contributions":{},"includedScopes":[]},{"contributions":{},"includedScopes":[]},{"contributions":{},"includedScopes":[]},{"contributions":{},"includedScopes":[]},{"contributions":{},"includedScopes":[]},{"contributions":{},"includedScopes":[]},{"contributions":{},"includedScopes":[]},{"contributions":{},"includedScopes":[]},{"contributions":{},"includedScopes":[]}]},"contributions":{},"includedScopes":[]},"contributions":{},"includedScopes":[]},"contributions":{},"includedScopes":[]},"contributions":{},"includedScopes":[]},"sourceMap":{"end":{"column":15,"line":20,"offset":417},"start":{"column":13,"line":20,"offset":415}},"value":34}],"id":"ce5080a0-18e0-4806-b634-47468382617b","message":"width","metadata":[],"receiver":{"id":"d2b576fa-e6f1-49fc-b402-906fb2b145c4","metadata":[],"name":"game","scope":{"containerScope":{"containerScope":{"containerScope":{"containerScope":{"containerScope":{"contributions":{},"includedScopes":[]},"contributions":{},"includedScopes":[{"contributions":{},"includedScopes":[]},{"contributions":{},"includedScopes":[]},{"contributions":{},"includedScopes":[]},{"contributions":{},"includedScopes":[]},{"contributions":{},"includedScopes":[]},{"contributions":{},"includedScopes":[]},{"contributions":{},"includedScopes":[]},{"contributions":{},"includedScopes":[]},{"contributions":{},"includedScopes":[]},{"contributions":{},"includedScopes":[]},{"contributions":{},"includedScopes":[]}]},"contributions":{},"includedScopes":[]},"contributions":{},"includedScopes":[]},"contributions":{},"includedScopes":[]},"contributions":{},"includedScopes":[]},"sourceMap":{"end":{"column":6,"line":20,"offset":408},"start":{"column":2,"line":20,"offset":404}}},"scope":{"containerScope":{"containerScope":{"containerScope":{"containerScope":{"contributions":{},"includedScopes":[]},"contributions":{},"includedScopes":[{"contributions":{},"includedScopes":[]},{"contributions":{},"includedScopes":[]},{"contributions":{},"includedScopes":[]},{"contributions":{},"includedScopes":[]},{"contributions":{},"includedScopes":[]},{"contributions":{},"includedScopes":[]},{"contributions":{},"includedScopes":[]},{"contributions":{},"includedScopes":[]},{"contributions":{},"includedScopes":[]},{"contributions":{},"includedScopes":[]},{"contributions":{},"includedScopes":[]}]},"contributions":{},"includedScopes":[]},"contributions":{},"includedScopes":[]},"contributions":{},"includedScopes":[]},"sourceMap":{"end":{"column":16,"line":20,"offset":418},"start":{"column":1,"line":20,"offset":404}}},{"args":[{"id":"f76ab4c7-95c2-469e-b96c-7f5c569a5eff","metadata":[],"name":"btnreiniciar","scope":{"containerScope":{"containerScope":{"containerScope":{"containerScope":{"containerScope":{"contributions":{},"includedScopes":[]},"contributions":{},"includedScopes":[{"contributions":{},"includedScopes":[]},{"contributions":{},"includedScopes":[]},{"contributions":{},"includedScopes":[]},{"contributions":{},"includedScopes":[]},{"contributions":{},"includedScopes":[]},{"contributions":{},"includedScopes":[]},{"contributions":{},"includedScopes":[]},{"contributions":{},"includedScopes":[]},{"contributions":{},"includedScopes":[]},{"contributions":{},"includedScopes":[]},{"contributions":{},"includedScopes":[]}]},"contributions":{},"includedScopes":[]},"contributions":{},"includedScopes":[]},"contributions":{},"includedScopes":[]},"contributions":{},"includedScopes":[]},"sourceMap":{"end":{"column":29,"line":22,"offset":454},"start":{"column":17,"line":22,"offset":442}}}],"id":"ebc94068-c833-4095-bcbd-a789310cadf6","message":"addVisual","metadata":[],"receiver":{"id":"ffa52993-04c7-42cf-a0ac-f4dd75b81daa","metadata":[],"name":"game","scope":{"containerScope":{"containerScope":{"containerScope":{"containerScope":{"containerScope":{"contributions":{},"includedScopes":[]},"contributions":{},"includedScopes":[{"contributions":{},"includedScopes":[]},{"contributions":{},"includedScopes":[]},{"contributions":{},"includedScopes":[]},{"contributions":{},"includedScopes":[]},{"contributions":{},"includedScopes":[]},{"contributions":{},"includedScopes":[]},{"contributions":{},"includedScopes":[]},{"contributions":{},"includedScopes":[]},{"contributions":{},"includedScopes":[]},{"contributions":{},"includedScopes":[]},{"contributions":{},"includedScopes":[]}]},"contributions":{},"includedScopes":[]},"contributions":{},"includedScopes":[]},"contributions":{},"includedScopes":[]},"contributions":{},"includedScopes":[]},"sourceMap":{"end":{"column":6,"line":22,"offset":431},"start":{"column":2,"line":22,"offset":427}}},"scope":{"containerScope":{"containerScope":{"containerScope":{"containerScope":{"contributions":{},"includedScopes":[]},"contributions":{},"includedScopes":[{"contributions":{},"includedScopes":[]},{"contributions":{},"includedScopes":[]},{"contributions":{},"includedScopes":[]},{"contributions":{},"includedScopes":[]},{"contributions":{},"includedScopes":[]},{"contributions":{},"includedScopes":[]},{"contributions":{},"includedScopes":[]},{"contributions":{},"includedScopes":[]},{"contributions":{},"includedScopes":[]},{"contributions":{},"includedScopes":[]},{"contributions":{},"includedScopes":[]}]},"contributions":{},"includedScopes":[]},"contributions":{},"includedScopes":[]},"contributions":{},"includedScopes":[]},"sourceMap":{"end":{"column":30,"line":22,"offset":455},"start":{"column":2,"line":22,"offset":427}}},{"args":[{"id":"b205e01f-af55-45fe-afc7-52df8ee96728","metadata":[],"name":"piedra","scope":{"containerScope":{"containerScope":{"containerScope":{"containerScope":{"containerScope":{"contributions":{},"includedScopes":[]},"contributions":{},"includedScopes":[{"contributions":{},"includedScopes":[]},{"contributions":{},"includedScopes":[]},{"contributions":{},"includedScopes":[]},{"contributions":{},"includedScopes":[]},{"contributions":{},"includedScopes":[]},{"contributions":{},"includedScopes":[]},{"contributions":{},"includedScopes":[]},{"contributions":{},"includedScopes":[]},{"contributions":{},"includedScopes":[]},{"contributions":{},"includedScopes":[]},{"contributions":{},"includedScopes":[]}]},"contributions":{},"includedScopes":[]},"contributions":{},"includedScopes":[]},"contributions":{},"includedScopes":[]},"contributions":{},"includedScopes":[]},"sourceMap":{"end":{"column":23,"line":23,"offset":479},"start":{"column":17,"line":23,"offset":473}}}],"id":"2b74dad3-6bed-42cd-a50e-90d4cb78b958","message":"addVisual","metadata":[],"receiver":{"id":"14f57101-415f-4cb0-981b-9c13aaf3173b","metadata":[],"name":"game","scope":{"containerScope":{"containerScope":{"containerScope":{"containerScope":{"containerScope":{"contributions":{},"includedScopes":[]},"contributions":{},"includedScopes":[{"contributions":{},"includedScopes":[]},{"contributions":{},"includedScopes":[]},{"contributions":{},"includedScopes":[]},{"contributions":{},"includedScopes":[]},{"contributions":{},"includedScopes":[]},{"contributions":{},"includedScopes":[]},{"contributions":{},"includedScopes":[]},{"contributions":{},"includedScopes":[]},{"contributions":{},"includedScopes":[]},{"contributions":{},"includedScopes":[]},{"contributions":{},"includedScopes":[]}]},"contributions":{},"includedScopes":[]},"contributions":{},"includedScopes":[]},"contributions":{},"includedScopes":[]},"contributions":{},"includedScopes":[]},"sourceMap":{"end":{"column":6,"line":23,"offset":462},"start":{"column":2,"line":23,"offset":458}}},"scope":{"containerScope":{"containerScope":{"containerScope":{"containerScope":{"contributions":{},"includedScopes":[]},"contributions":{},"includedScopes":[{"contributions":{},"includedScopes":[]},{"contributions":{},"includedScopes":[]},{"contributions":{},"includedScopes":[]},{"contributions":{},"includedScopes":[]},{"contributions":{},"includedScopes":[]},{"contributions":{},"includedScopes":[]},{"contributions":{},"includedScopes":[]},{"contributions":{},"includedScopes":[]},{"contributions":{},"includedScopes":[]},{"contributions":{},"includedScopes":[]},{"contributions":{},"includedScopes":[]}]},"contributions":{},"includedScopes":[]},"contributions":{},"includedScopes":[]},"contributions":{},"includedScopes":[]},"sourceMap":{"end":{"column":24,"line":23,"offset":480},"start":{"column":1,"line":23,"offset":458}}},{"args":[{"id":"86ece54c-1572-4b7c-acee-4e4e6ad3afb6","metadata":[],"name":"papel","scope":{"containerScope":{"containerScope":{"containerScope":{"containerScope":{"containerScope":{"contributions":{},"includedScopes":[]},"contributions":{},"includedScopes":[{"contributions":{},"includedScopes":[]},{"contributions":{},"includedScopes":[]},{"contributions":{},"includedScopes":[]},{"contributions":{},"includedScopes":[]},{"contributions":{},"includedScopes":[]},{"contributions":{},"includedScopes":[]},{"contributions":{},"includedScopes":[]},{"contributions":{},"includedScopes":[]},{"contributions":{},"includedScopes":[]},{"contributions":{},"includedScopes":[]},{"contributions":{},"includedScopes":[]}]},"contributions":{},"includedScopes":[]},"contributions":{},"includedScopes":[]},"contributions":{},"includedScopes":[]},"contributions":{},"includedScopes":[]},"sourceMap":{"end":{"column":22,"line":24,"offset":503},"start":{"column":17,"line":24,"offset":498}}}],"id":"39aa7c05-ea4c-41f7-aa5d-82b8887e9731","message":"addVisual","metadata":[],"receiver":{"id":"3c94227b-6b9b-4f6c-ba2e-464834f16d5d","metadata":[],"name":"game","scope":{"containerScope":{"containerScope":{"containerScope":{"containerScope":{"containerScope":{"contributions":{},"includedScopes":[]},"contributions":{},"includedScopes":[{"contributions":{},"includedScopes":[]},{"contributions":{},"includedScopes":[]},{"contributions":{},"includedScopes":[]},{"contributions":{},"includedScopes":[]},{"contributions":{},"includedScopes":[]},{"contributions":{},"includedScopes":[]},{"contributions":{},"includedScopes":[]},{"contributions":{},"includedScopes":[]},{"contributions":{},"includedScopes":[]},{"contributions":{},"includedScopes":[]},{"contributions":{},"includedScopes":[]}]},"contributions":{},"includedScopes":[]},"contributions":{},"includedScopes":[]},"contributions":{},"includedScopes":[]},"contributions":{},"includedScopes":[]},"sourceMap":{"end":{"column":6,"line":24,"offset":487},"start":{"column":2,"line":24,"offset":483}}},"scope":{"containerScope":{"containerScope":{"containerScope":{"containerScope":{"contributions":{},"includedScopes":[]},"contributions":{},"includedScopes":[{"contributions":{},"includedScopes":[]},{"contributions":{},"includedScopes":[]},{"contributions":{},"includedScopes":[]},{"contributions":{},"includedScopes":[]},{"contributions":{},"includedScopes":[]},{"contributions":{},"includedScopes":[]},{"contributions":{},"includedScopes":[]},{"contributions":{},"includedScopes":[]},{"contributions":{},"includedScopes":[]},{"contributions":{},"includedScopes":[]},{"contributions":{},"includedScopes":[]}]},"contributions":{},"includedScopes":[]},"contributions":{},"includedScopes":[]},"contributions":{},"includedScopes":[]},"sourceMap":{"end":{"column":23,"line":24,"offset":504},"start":{"column":1,"line":24,"offset":483}}},{"args":[{"id":"f9753834-5c00-4e1f-a239-362206ef9dfd","metadata":[],"name":"tijera","scope":{"containerScope":{"containerScope":{"containerScope":{"containerScope":{"containerScope":{"contributions":{},"includedScopes":[]},"contributions":{},"includedScopes":[{"contributions":{},"includedScopes":[]},{"contributions":{},"includedScopes":[]},{"contributions":{},"includedScopes":[]},{"contributions":{},"includedScopes":[]},{"contributions":{},"includedScopes":[]},{"contributions":{},"includedScopes":[]},{"contributions":{},"includedScopes":[]},{"contributions":{},"includedScopes":[]},{"contributions":{},"includedScopes":[]},{"contributions":{},"includedScopes":[]},{"contributions":{},"includedScopes":[]}]},"contributions":{},"includedScopes":[]},"contributions":{},"includedScopes":[]},"contributions":{},"includedScopes":[]},"contributions":{},"includedScopes":[]},"sourceMap":{"end":{"column":23,"line":25,"offset":528},"start":{"column":17,"line":25,"offset":522}}}],"id":"61caa7c4-c452-420e-9682-ba5e3790c561","message":"addVisual","metadata":[],"receiver":{"id":"fab4ebf2-5a1d-418c-bbed-e8f845cbb81e","metadata":[],"name":"game","scope":{"containerScope":{"containerScope":{"containerScope":{"containerScope":{"containerScope":{"contributions":{},"includedScopes":[]},"contributions":{},"includedScopes":[{"contributions":{},"includedScopes":[]},{"contributions":{},"includedScopes":[]},{"contributions":{},"includedScopes":[]},{"contributions":{},"includedScopes":[]},{"contributions":{},"includedScopes":[]},{"contributions":{},"includedScopes":[]},{"contributions":{},"includedScopes":[]},{"contributions":{},"includedScopes":[]},{"contributions":{},"includedScopes":[]},{"contributions":{},"includedScopes":[]},{"contributions":{},"includedScopes":[]}]},"contributions":{},"includedScopes":[]},"contributions":{},"includedScopes":[]},"contributions":{},"includedScopes":[]},"contributions":{},"includedScopes":[]},"sourceMap":{"end":{"column":6,"line":25,"offset":511},"start":{"column":2,"line":25,"offset":507}}},"scope":{"containerScope":{"containerScope":{"containerScope":{"containerScope":{"contributions":{},"includedScopes":[]},"contributions":{},"includedScopes":[{"contributions":{},"includedScopes":[]},{"contributions":{},"includedScopes":[]},{"contributions":{},"includedScopes":[]},{"contributions":{},"includedScopes":[]},{"contributions":{},"includedScopes":[]},{"contributions":{},"includedScopes":[]},{"contributions":{},"includedScopes":[]},{"contributions":{},"includedScopes":[]},{"contributions":{},"includedScopes":[]},{"contributions":{},"includedScopes":[]},{"contributions":{},"includedScopes":[]}]},"contributions":{},"includedScopes":[]},"contributions":{},"includedScopes":[]},"contributions":{},"includedScopes":[]},"sourceMap":{"end":{"column":24,"line":25,"offset":529},"start":{"column":1,"line":25,"offset":507}}},{"args":[{"id":"f29f9814-06e1-486c-9142-24a60d60c63b","metadata":[],"name":"humano","scope":{"containerScope":{"containerScope":{"containerScope":{"containerScope":{"containerScope":{"contributions":{},"includedScopes":[]},"contributions":{},"includedScopes":[{"contributions":{},"includedScopes":[]},{"contributions":{},"includedScopes":[]},{"contributions":{},"includedScopes":[]},{"contributions":{},"includedScopes":[]},{"contributions":{},"includedScopes":[]},{"contributions":{},"includedScopes":[]},{"contributions":{},"includedScopes":[]},{"contributions":{},"includedScopes":[]},{"contributions":{},"includedScopes":[]},{"contributions":{},"includedScopes":[]},{"contributions":{},"includedScopes":[]}]},"contributions":{},"includedScopes":[]},"contributions":{},"includedScopes":[]},"contributions":{},"includedScopes":[]},"contributions":{},"includedScopes":[]},"sourceMap":{"end":{"column":23,"line":26,"offset":553},"start":{"column":17,"line":26,"offset":547}}}],"id":"a1ccc6d1-a24b-4047-86cb-dacaba8be6f4","message":"addVisual","metadata":[],"receiver":{"id":"00601be9-7972-4da5-8c49-04af8c194b2e","metadata":[],"name":"game","scope":{"containerScope":{"containerScope":{"containerScope":{"containerScope":{"containerScope":{"contributions":{},"includedScopes":[]},"contributions":{},"includedScopes":[{"contributions":{},"includedScopes":[]},{"contributions":{},"includedScopes":[]},{"contributions":{},"includedScopes":[]},{"contributions":{},"includedScopes":[]},{"contributions":{},"includedScopes":[]},{"contributions":{},"includedScopes":[]},{"contributions":{},"includedScopes":[]},{"contributions":{},"includedScopes":[]},{"contributions":{},"includedScopes":[]},{"contributions":{},"includedScopes":[]},{"contributions":{},"includedScopes":[]}]},"contributions":{},"includedScopes":[]},"contributions":{},"includedScopes":[]},"contributions":{},"includedScopes":[]},"contributions":{},"includedScopes":[]},"sourceMap":{"end":{"column":6,"line":26,"offset":536},"start":{"column":2,"line":26,"offset":532}}},"scope":{"containerScope":{"containerScope":{"containerScope":{"containerScope":{"contributions":{},"includedScopes":[]},"contributions":{},"includedScopes":[{"contributions":{},"includedScopes":[]},{"contributions":{},"includedScopes":[]},{"contributions":{},"includedScopes":[]},{"contributions":{},"includedScopes":[]},{"contributions":{},"includedScopes":[]},{"contributions":{},"includedScopes":[]},{"contributions":{},"includedScopes":[]},{"contributions":{},"includedScopes":[]},{"contributions":{},"includedScopes":[]},{"contributions":{},"includedScopes":[]},{"contributions":{},"includedScopes":[]}]},"contributions":{},"includedScopes":[]},"contributions":{},"includedScopes":[]},"contributions":{},"includedScopes":[]},"sourceMap":{"end":{"column":24,"line":26,"offset":554},"start":{"column":1,"line":26,"offset":532}}},{"args":[{"id":"5d16ad9e-19e7-40d9-8fba-b3a72919b2dd","metadata":[],"name":"computadora","scope":{"containerScope":{"containerScope":{"containerScope":{"containerScope":{"containerScope":{"contributions":{},"includedScopes":[]},"contributions":{},"includedScopes":[{"contributions":{},"includedScopes":[]},{"contributions":{},"includedScopes":[]},{"contributions":{},"includedScopes":[]},{"contributions":{},"includedScopes":[]},{"contributions":{},"includedScopes":[]},{"contributions":{},"includedScopes":[]},{"contributions":{},"includedScopes":[]},{"contributions":{},"includedScopes":[]},{"contributions":{},"includedScopes":[]},{"contributions":{},"includedScopes":[]},{"contributions":{},"includedScopes":[]}]},"contributions":{},"includedScopes":[]},"contributions":{},"includedScopes":[]},"contributions":{},"includedScopes":[]},"contributions":{},"includedScopes":[]},"sourceMap":{"end":{"column":28,"line":27,"offset":583},"start":{"column":17,"line":27,"offset":572}}}],"id":"da943f12-7347-4061-8cf8-dc2ed1fce91a","message":"addVisual","metadata":[],"receiver":{"id":"d6ce1626-8412-47eb-9dfe-78dd46129a7f","metadata":[],"name":"game","scope":{"containerScope":{"containerScope":{"containerScope":{"containerScope":{"containerScope":{"contributions":{},"includedScopes":[]},"contributions":{},"includedScopes":[{"contributions":{},"includedScopes":[]},{"contributions":{},"includedScopes":[]},{"contributions":{},"includedScopes":[]},{"contributions":{},"includedScopes":[]},{"contributions":{},"includedScopes":[]},{"contributions":{},"includedScopes":[]},{"contributions":{},"includedScopes":[]},{"contributions":{},"includedScopes":[]},{"contributions":{},"includedScopes":[]},{"contributions":{},"includedScopes":[]},{"contributions":{},"includedScopes":[]}]},"contributions":{},"includedScopes":[]},"contributions":{},"includedScopes":[]},"contributions":{},"includedScopes":[]},"contributions":{},"includedScopes":[]},"sourceMap":{"end":{"column":6,"line":27,"offset":561},"start":{"column":2,"line":27,"offset":557}}},"scope":{"containerScope":{"containerScope":{"containerScope":{"containerScope":{"contributions":{},"includedScopes":[]},"contributions":{},"includedScopes":[{"contributions":{},"includedScopes":[]},{"contributions":{},"includedScopes":[]},{"contributions":{},"includedScopes":[]},{"contributions":{},"includedScopes":[]},{"contributions":{},"includedScopes":[]},{"contributions":{},"includedScopes":[]},{"contributions":{},"includedScopes":[]},{"contributions":{},"includedScopes":[]},{"contributions":{},"includedScopes":[]},{"contributions":{},"includedScopes":[]},{"contributions":{},"includedScopes":[]}]},"contributions":{},"includedScopes":[]},"contributions":{},"includedScopes":[]},"contributions":{},"includedScopes":[]},"sourceMap":{"end":{"column":29,"line":27,"offset":584},"start":{"column":1,"line":27,"offset":557}}},{"args":[{"id":"673cacac-9fe0-43ae-a507-acf2440fbe40","metadata":[],"name":"cursor","scope":{"containerScope":{"containerScope":{"containerScope":{"containerScope":{"containerScope":{"contributions":{},"includedScopes":[]},"contributions":{},"includedScopes":[{"contributions":{},"includedScopes":[]},{"contributions":{},"includedScopes":[]},{"contributions":{},"includedScopes":[]},{"contributions":{},"includedScopes":[]},{"contributions":{},"includedScopes":[]},{"contributions":{},"includedScopes":[]},{"contributions":{},"includedScopes":[]},{"contributions":{},"includedScopes":[]},{"contributions":{},"includedScopes":[]},{"contributions":{},"includedScopes":[]},{"contributions":{},"includedScopes":[]}]},"contributions":{},"includedScopes":[]},"contributions":{},"includedScopes":[]},"contributions":{},"includedScopes":[]},"contributions":{},"includedScopes":[]},"sourceMap":{"end":{"column":23,"line":28,"offset":608},"start":{"column":17,"line":28,"offset":602}}}],"id":"1f388595-834d-47dc-9a1b-5364280674fd","message":"addVisual","metadata":[],"receiver":{"id":"877c07ea-54d9-4dad-a0d8-2af6107653ff","metadata":[],"name":"game","scope":{"containerScope":{"containerScope":{"containerScope":{"containerScope":{"containerScope":{"contributions":{},"includedScopes":[]},"contributions":{},"includedScopes":[{"contributions":{},"includedScopes":[]},{"contributions":{},"includedScopes":[]},{"contributions":{},"includedScopes":[]},{"contributions":{},"includedScopes":[]},{"contributions":{},"includedScopes":[]},{"contributions":{},"includedScopes":[]},{"contributions":{},"includedScopes":[]},{"contributions":{},"includedScopes":[]},{"contributions":{},"includedScopes":[]},{"contributions":{},"includedScopes":[]},{"contributions":{},"includedScopes":[]}]},"contributions":{},"includedScopes":[]},"contributions":{},"includedScopes":[]},"contributions":{},"includedScopes":[]},"contributions":{},"includedScopes":[]},"sourceMap":{"end":{"column":6,"line":28,"offset":591},"start":{"column":2,"line":28,"offset":587}}},"scope":{"containerScope":{"containerScope":{"containerScope":{"containerScope":{"contributions":{},"includedScopes":[]},"contributions":{},"includedScopes":[{"contributions":{},"includedScopes":[]},{"contributions":{},"includedScopes":[]},{"contributions":{},"includedScopes":[]},{"contributions":{},"includedScopes":[]},{"contributions":{},"includedScopes":[]},{"contributions":{},"includedScopes":[]},{"contributions":{},"includedScopes":[]},{"contributions":{},"includedScopes":[]},{"contributions":{},"includedScopes":[]},{"contributions":{},"includedScopes":[]},{"contributions":{},"includedScopes":[]}]},"contributions":{},"includedScopes":[]},"contributions":{},"includedScopes":[]},"contributions":{},"includedScopes":[]},"sourceMap":{"end":{"column":24,"line":28,"offset":609},"start":{"column":1,"line":28,"offset":587}}},{"args":[{"id":"6148e4a7-44e4-466a-89a4-42d2e7fb13ab","metadata":[],"name":"cartelResultado","scope":{"containerScope":{"containerScope":{"containerScope":{"containerScope":{"containerScope":{"contributions":{},"includedScopes":[]},"contributions":{},"includedScopes":[{"contributions":{},"includedScopes":[]},{"contributions":{},"includedScopes":[]},{"contributions":{},"includedScopes":[]},{"contributions":{},"includedScopes":[]},{"contributions":{},"includedScopes":[]},{"contributions":{},"includedScopes":[]},{"contributions":{},"includedScopes":[]},{"contributions":{},"includedScopes":[]},{"contributions":{},"includedScopes":[]},{"contributions":{},"includedScopes":[]},{"contributions":{},"includedScopes":[]}]},"contributions":{},"includedScopes":[]},"contributions":{},"includedScopes":[]},"contributions":{},"includedScopes":[]},"contributions":{},"includedScopes":[]},"sourceMap":{"end":{"column":32,"line":29,"offset":642},"start":{"column":17,"line":29,"offset":627}}}],"id":"e145978f-223a-48bd-ad7f-bca1b1a9ee63","message":"addVisual","metadata":[],"receiver":{"id":"d4cd90b5-b36c-4bed-aeb7-fd86fe7f06cd","metadata":[],"name":"game","scope":{"containerScope":{"containerScope":{"containerScope":{"containerScope":{"containerScope":{"contributions":{},"includedScopes":[]},"contributions":{},"includedScopes":[{"contributions":{},"includedScopes":[]},{"contributions":{},"includedScopes":[]},{"contributions":{},"includedScopes":[]},{"contributions":{},"includedScopes":[]},{"contributions":{},"includedScopes":[]},{"contributions":{},"includedScopes":[]},{"contributions":{},"includedScopes":[]},{"contributions":{},"includedScopes":[]},{"contributions":{},"includedScopes":[]},{"contributions":{},"includedScopes":[]},{"contributions":{},"includedScopes":[]}]},"contributions":{},"includedScopes":[]},"contributions":{},"includedScopes":[]},"contributions":{},"includedScopes":[]},"contributions":{},"includedScopes":[]},"sourceMap":{"end":{"column":6,"line":29,"offset":616},"start":{"column":2,"line":29,"offset":612}}},"scope":{"containerScope":{"containerScope":{"containerScope":{"containerScope":{"contributions":{},"includedScopes":[]},"contributions":{},"includedScopes":[{"contributions":{},"includedScopes":[]},{"contributions":{},"includedScopes":[]},{"contributions":{},"includedScopes":[]},{"contributions":{},"includedScopes":[]},{"contributions":{},"includedScopes":[]},{"contributions":{},"includedScopes":[]},{"contributions":{},"includedScopes":[]},{"contributions":{},"includedScopes":[]},{"contributions":{},"includedScopes":[]},{"contributions":{},"includedScopes":[]},{"contributions":{},"includedScopes":[]}]},"contributions":{},"includedScopes":[]},"contributions":{},"includedScopes":[]},"contributions":{},"includedScopes":[]},"sourceMap":{"end":{"column":33,"line":29,"offset":643},"start":{"column":1,"line":29,"offset":612}}},{"args":[{"id":"aa8668f5-1e24-4535-92ea-4f6844c40f69","metadata":[],"name":"jugadaPc","scope":{"containerScope":{"containerScope":{"containerScope":{"containerScope":{"containerScope":{"contributions":{},"includedScopes":[]},"contributions":{},"includedScopes":[{"contributions":{},"includedScopes":[]},{"contributions":{},"includedScopes":[]},{"contributions":{},"includedScopes":[]},{"contributions":{},"includedScopes":[]},{"contributions":{},"includedScopes":[]},{"contributions":{},"includedScopes":[]},{"contributions":{},"includedScopes":[]},{"contributions":{},"includedScopes":[]},{"contributions":{},"includedScopes":[]},{"contributions":{},"includedScopes":[]},{"contributions":{},"includedScopes":[]}]},"contributions":{},"includedScopes":[]},"contributions":{},"includedScopes":[]},"contributions":{},"includedScopes":[]},"contributions":{},"includedScopes":[]},"sourceMap":{"end":{"column":28,"line":30,"offset":672},"start":{"column":20,"line":30,"offset":664}}}],"id":"036fd4fc-595c-4fb9-ae68-a391729c3a4d","message":"addVisual","metadata":[],"receiver":{"id":"852c943e-458f-47b7-87c6-d54d47f0110a","metadata":[],"name":"game","scope":{"containerScope":{"containerScope":{"containerScope":{"containerScope":{"containerScope":{"contributions":{},"includedScopes":[]},"contributions":{},"includedScopes":[{"contributions":{},"includedScopes":[]},{"contributions":{},"includedScopes":[]},{"contributions":{},"includedScopes":[]},{"contributions":{},"includedScopes":[]},{"contributions":{},"includedScopes":[]},{"contributions":{},"includedScopes":[]},{"contributions":{},"includedScopes":[]},{"contributions":{},"includedScopes":[]},{"contributions":{},"includedScopes":[]},{"contributions":{},"includedScopes":[]},{"contributions":{},"includedScopes":[]}]},"contributions":{},"includedScopes":[]},"contributions":{},"includedScopes":[]},"contributions":{},"includedScopes":[]},"contributions":{},"includedScopes":[]},"sourceMap":{"end":{"column":9,"line":30,"offset":653},"start":{"column":5,"line":30,"offset":649}}},"scope":{"containerScope":{"containerScope":{"containerScope":{"containerScope":{"contributions":{},"includedScopes":[]},"contributions":{},"includedScopes":[{"contributions":{},"includedScopes":[]},{"contributions":{},"includedScopes":[]},{"contributions":{},"includedScopes":[]},{"contributions":{},"includedScopes":[]},{"contributions":{},"includedScopes":[]},{"contributions":{},"includedScopes":[]},{"contributions":{},"includedScopes":[]},{"contributions":{},"includedScopes":[]},{"contributions":{},"includedScopes":[]},{"contributions":{},"includedScopes":[]},{"contributions":{},"includedScopes":[]}]},"contributions":{},"includedScopes":[]},"contributions":{},"includedScopes":[]},"contributions":{},"includedScopes":[]},"sourceMap":{"end":{"column":29,"line":30,"offset":673},"start":{"column":4,"line":30,"offset":649}}},{"args":[{"id":"50affebc-67e3-49d2-896b-f6993dc8a764","members":[{"body":{"id":"8b4bde9c-a0ac-4b42-8dd4-24dc1f7957ab","metadata":[],"scope":{"containerScope":{"containerScope":{"containerScope":{"containerScope":{"containerScope":{"containerScope":{"containerScope":{"contributions":{},"includedScopes":[]},"contributions":{},"includedScopes":[{"contributions":{},"includedScopes":[]},{"contributions":{},"includedScopes":[]},{"contributions":{},"includedScopes":[]},{"contributions":{},"includedScopes":[]},{"contributions":{},"includedScopes":[]},{"contributions":{},"includedScopes":[]},{"contributions":{},"includedScopes":[]},{"contributions":{},"includedScopes":[]},{"contributions":{},"includedScopes":[]},{"contributions":{},"includedScopes":[]},{"contributions":{},"includedScopes":[]}]},"contributions":{},"includedScopes":[]},"contributions":{},"includedScopes":[]},"contributions":{},"includedScopes":[]},"contributions":{},"includedScopes":[{"containerScope":{"containerScope":{"containerScope":{"contributions":{},"includedScopes":[]},"contributions":{},"includedScopes":[]},"contributions":{},"includedScopes":[]},"contributions":{},"includedScopes":[{"containerScope":{"containerScope":{"containerScope":{"contributions":{},"includedScopes":[]},"contributions":{},"includedScopes":[]},"contributions":{},"includedScopes":[]},"contributions":{},"includedScopes":[]}]},{"containerScope":{"containerScope":{"containerScope":{"contributions":{},"includedScopes":[]},"contributions":{},"includedScopes":[]},"contributions":{},"includedScopes":[]},"contributions":{},"includedScopes":[]}]},"contributions":{},"includedScopes":[]},"contributions":{},"includedScopes":[]},"sentences":[{"id":"b6fcba57-ed64-403e-85c5-28762537509f","metadata":[],"scope":{"containerScope":{"containerScope":{"containerScope":{"containerScope":{"containerScope":{"containerScope":{"containerScope":{"containerScope":{"contributions":{},"includedScopes":[]},"contributions":{},"includedScopes":[{"contributions":{},"includedScopes":[]},{"contributions":{},"includedScopes":[]},{"contributions":{},"includedScopes":[]},{"contributions":{},"includedScopes":[]},{"contributions":{},"includedScopes":[]},{"contributions":{},"includedScopes":[]},{"contributions":{},"includedScopes":[]},{"contributions":{},"includedScopes":[]},{"contributions":{},"includedScopes":[]},{"contributions":{},"includedScopes":[]},{"contributions":{},"includedScopes":[]}]},"contributions":{},"includedScopes":[]},"contributions":{},"includedScopes":[]},"contributions":{},"includedScopes":[]},"contributions":{},"includedScopes":[{"containerScope":{"containerScope":{"containerScope":{"contributions":{},"includedScopes":[]},"contributions":{},"includedScopes":[]},"contributions":{},"includedScopes":[]},"contributions":{},"includedScopes":[{"containerScope":{"containerScope":{"containerScope":{"contributions":{},"includedScopes":[]},"contributions":{},"includedScopes":[]},"contributions":{},"includedScopes":[]},"contributions":{},"includedScopes":[]}]},{"containerScope":{"containerScope":{"containerScope":{"contributions":{},"includedScopes":[]},"contributions":{},"includedScopes":[]},"contributions":{},"includedScopes":[]},"contributions":{},"includedScopes":[]}]},"contributions":{},"includedScopes":[]},"contributions":{},"includedScopes":[]},"contributions":{},"includedScopes":[]},"value":{"args":[],"id":"639ddb80-776e-4c30-9113-589080acfe96","message":"moverIzquierda","metadata":[],"receiver":{"id":"11977d71-0853-475b-8c77-32a569767ff1","metadata":[],"name":"juego","scope":{"containerScope":{"containerScope":{"containerScope":{"containerScope":{"containerScope":{"containerScope":{"containerScope":{"containerScope":{"containerScope":{"containerScope":{"contributions":{},"includedScopes":[]},"contributions":{},"includedScopes":[{"contributions":{},"includedScopes":[]},{"contributions":{},"includedScopes":[]},{"contributions":{},"includedScopes":[]},{"contributions":{},"includedScopes":[]},{"contributions":{},"includedScopes":[]},{"contributions":{},"includedScopes":[]},{"contributions":{},"includedScopes":[]},{"contributions":{},"includedScopes":[]},{"contributions":{},"includedScopes":[]},{"contributions":{},"includedScopes":[]},{"contributions":{},"includedScopes":[]}]},"contributions":{},"includedScopes":[]},"contributions":{},"includedScopes":[]},"contributions":{},"includedScopes":[]},"contributions":{},"includedScopes":[{"containerScope":{"containerScope":{"containerScope":{"contributions":{},"includedScopes":[]},"contributions":{},"includedScopes":[]},"contributions":{},"includedScopes":[]},"contributions":{},"includedScopes":[{"containerScope":{"containerScope":{"containerScope":{"contributions":{},"includedScopes":[]},"contributions":{},"includedScopes":[]},"contributions":{},"includedScopes":[]},"contributions":{},"includedScopes":[]}]},{"containerScope":{"containerScope":{"containerScope":{"contributions":{},"includedScopes":[]},"contributions":{},"includedScopes":[]},"contributions":{},"includedScopes":[]},"contributions":{},"includedScopes":[]}]},"contributions":{},"includedScopes":[]},"contributions":{},"includedScopes":[]},"contributions":{},"includedScopes":[]},"contributions":{},"includedScopes":[]},"contributions":{},"includedScopes":[]},"sourceMap":{"end":{"column":8,"line":34,"offset":750},"start":{"column":3,"line":34,"offset":745}}},"scope":{"containerScope":{"containerScope":{"containerScope":{"containerScope":{"containerScope":{"containerScope":{"containerScope":{"containerScope":{"containerScope":{"contributions":{},"includedScopes":[]},"contributions":{},"includedScopes":[{"contributions":{},"includedScopes":[]},{"contributions":{},"includedScopes":[]},{"contributions":{},"includedScopes":[]},{"contributions":{},"includedScopes":[]},{"contributions":{},"includedScopes":[]},{"contributions":{},"includedScopes":[]},{"contributions":{},"includedScopes":[]},{"contributions":{},"includedScopes":[]},{"contributions":{},"includedScopes":[]},{"contributions":{},"includedScopes":[]},{"contributions":{},"includedScopes":[]}]},"contributions":{},"includedScopes":[]},"contributions":{},"includedScopes":[]},"contributions":{},"includedScopes":[]},"contributions":{},"includedScopes":[{"containerScope":{"containerScope":{"containerScope":{"contributions":{},"includedScopes":[]},"contributions":{},"includedScopes":[]},"contributions":{},"includedScopes":[]},"contributions":{},"includedScopes":[{"containerScope":{"containerScope":{"containerScope":{"contributions":{},"includedScopes":[]},"contributions":{},"includedScopes":[]},"contributions":{},"includedScopes":[]},"contributions":{},"includedScopes":[]}]},{"containerScope":{"containerScope":{"containerScope":{"contributions":{},"includedScopes":[]},"contributions":{},"includedScopes":[]},"contributions":{},"includedScopes":[]},"contributions":{},"includedScopes":[]}]},"contributions":{},"includedScopes":[]},"contributions":{},"includedScopes":[]},"contributions":{},"includedScopes":[]},"contributions":{},"includedScopes":[]},"sourceMap":{"end":{"column":25,"line":34,"offset":767},"start":{"column":3,"line":34,"offset":745}}}}]},"compiled":false,"id":"4ded62e6-f99e-4c4f-8fe5-4a75e6e176b6","isOverride":false,"metadata":[],"name":"<apply>","parameters":[],"scope":{"containerScope":{"containerScope":{"containerScope":{"containerScope":{"containerScope":{"containerScope":{"contributions":{},"includedScopes":[]},"contributions":{},"includedScopes":[{"contributions":{},"includedScopes":[]},{"contributions":{},"includedScopes":[]},{"contributions":{},"includedScopes":[]},{"contributions":{},"includedScopes":[]},{"contributions":{},"includedScopes":[]},{"contributions":{},"includedScopes":[]},{"contributions":{},"includedScopes":[]},{"contributions":{},"includedScopes":[]},{"contributions":{},"includedScopes":[]},{"contributions":{},"includedScopes":[]},{"contributions":{},"includedScopes":[]}]},"contributions":{},"includedScopes":[]},"contributions":{},"includedScopes":[]},"contributions":{},"includedScopes":[]},"contributions":{},"includedScopes":[{"containerScope":{"containerScope":{"containerScope":{"contributions":{},"includedScopes":[]},"contributions":{},"includedScopes":[]},"contributions":{},"includedScopes":[]},"contributions":{},"includedScopes":[{"containerScope":{"containerScope":{"containerScope":{"contributions":{},"includedScopes":[]},"contributions":{},"includedScopes":[]},"contributions":{},"includedScopes":[]},"contributions":{},"includedScopes":[]}]},{"containerScope":{"containerScope":{"containerScope":{"contributions":{},"includedScopes":[]},"contributions":{},"includedScopes":[]},"contributions":{},"includedScopes":[]},"contributions":{},"includedScopes":[]}]},"contributions":{},"includedScopes":[]}},{"id":"2551c2cb-c0e7-4a27-88bb-8a187da33b0c","isConstant":true,"isProperty":false,"metadata":[],"name":"<toString>","scope":{"containerScope":{"containerScope":{"containerScope":{"containerScope":{"containerScope":{"containerScope":{"contributions":{},"includedScopes":[]},"contributions":{},"includedScopes":[{"contributions":{},"includedScopes":[]},{"contributions":{},"includedScopes":[]},{"contributions":{},"includedScopes":[]},{"contributions":{},"includedScopes":[]},{"contributions":{},"includedScopes":[]},{"contributions":{},"includedScopes":[]},{"contributions":{},"includedScopes":[]},{"contributions":{},"includedScopes":[]},{"contributions":{},"includedScopes":[]},{"contributions":{},"includedScopes":[]},{"contributions":{},"includedScopes":[]}]},"contributions":{},"includedScopes":[]},"contributions":{},"includedScopes":[]},"contributions":{},"includedScopes":[]},"contributions":{},"includedScopes":[{"containerScope":{"containerScope":{"containerScope":{"contributions":{},"includedScopes":[]},"contributions":{},"includedScopes":[]},"contributions":{},"includedScopes":[]},"contributions":{},"includedScopes":[{"containerScope":{"containerScope":{"containerScope":{"contributions":{},"includedScopes":[]},"contributions":{},"includedScopes":[]},"contributions":{},"includedScopes":[]},"contributions":{},"includedScopes":[]}]},{"containerScope":{"containerScope":{"containerScope":{"contributions":{},"includedScopes":[]},"contributions":{},"includedScopes":[]},"contributions":{},"includedScopes":[]},"contributions":{},"includedScopes":[]}]},"contributions":{},"includedScopes":[]},"value":{"id":"dc068259-bc05-4503-92e7-876476c6f385","metadata":[],"scope":{"containerScope":{"containerScope":{"containerScope":{"containerScope":{"containerScope":{"containerScope":{"containerScope":{"contributions":{},"includedScopes":[]},"contributions":{},"includedScopes":[{"contributions":{},"includedScopes":[]},{"contributions":{},"includedScopes":[]},{"contributions":{},"includedScopes":[]},{"contributions":{},"includedScopes":[]},{"contributions":{},"includedScopes":[]},{"contributions":{},"includedScopes":[]},{"contributions":{},"includedScopes":[]},{"contributions":{},"includedScopes":[]},{"contributions":{},"includedScopes":[]},{"contributions":{},"includedScopes":[]},{"contributions":{},"includedScopes":[]}]},"contributions":{},"includedScopes":[]},"contributions":{},"includedScopes":[]},"contributions":{},"includedScopes":[]},"contributions":{},"includedScopes":[{"containerScope":{"containerScope":{"containerScope":{"contributions":{},"includedScopes":[]},"contributions":{},"includedScopes":[]},"contributions":{},"includedScopes":[]},"contributions":{},"includedScopes":[{"containerScope":{"containerScope":{"containerScope":{"contributions":{},"includedScopes":[]},"contributions":{},"includedScopes":[]},"contributions":{},"includedScopes":[]},"contributions":{},"includedScopes":[]}]},{"containerScope":{"containerScope":{"containerScope":{"contributions":{},"includedScopes":[]},"contributions":{},"includedScopes":[]},"contributions":{},"includedScopes":[]},"contributions":{},"includedScopes":[]}]},"contributions":{},"includedScopes":[]},"contributions":{},"includedScopes":[]},"value":"{\r\n\t\tjuego.moverIzquierda()\r\n\t}"}}],"metadata":[],"scope":{"containerScope":{"containerScope":{"containerScope":{"containerScope":{"containerScope":{"contributions":{},"includedScopes":[]},"contributions":{},"includedScopes":[{"contributions":{},"includedScopes":[]},{"contributions":{},"includedScopes":[]},{"contributions":{},"includedScopes":[]},{"contributions":{},"includedScopes":[]},{"contributions":{},"includedScopes":[]},{"contributions":{},"includedScopes":[]},{"contributions":{},"includedScopes":[]},{"contributions":{},"includedScopes":[]},{"contributions":{},"includedScopes":[]},{"contributions":{},"includedScopes":[]},{"contributions":{},"includedScopes":[]}]},"contributions":{},"includedScopes":[]},"contributions":{},"includedScopes":[]},"contributions":{},"includedScopes":[]},"contributions":{},"includedScopes":[{"containerScope":{"containerScope":{"containerScope":{"contributions":{},"includedScopes":[]},"contributions":{},"includedScopes":[]},"contributions":{},"includedScopes":[]},"contributions":{},"includedScopes":[{"containerScope":{"containerScope":{"containerScope":{"contributions":{},"includedScopes":[]},"contributions":{},"includedScopes":[]},"contributions":{},"includedScopes":[]},"contributions":{},"includedScopes":[]}]},{"containerScope":{"containerScope":{"containerScope":{"contributions":{},"includedScopes":[]},"contributions":{},"includedScopes":[]},"contributions":{},"includedScopes":[]},"contributions":{},"includedScopes":[]}]},"sourceMap":{"end":{"column":3,"line":35,"offset":771},"start":{"column":28,"line":33,"offset":740}},"supertypes":[{"args":[],"id":"919a89f6-3bae-4d02-953d-11ef2ad2d73a","metadata":[],"reference":{"id":"acf79606-8a44-40e0-838b-c76ed576a9c0","metadata":[],"name":"wollok.lang.Closure","scope":{"containerScope":{"containerScope":{"containerScope":{"containerScope":{"containerScope":{"containerScope":{"contributions":{},"includedScopes":[]},"contributions":{},"includedScopes":[{"contributions":{},"includedScopes":[]},{"contributions":{},"includedScopes":[]},{"contributions":{},"includedScopes":[]},{"contributions":{},"includedScopes":[]},{"contributions":{},"includedScopes":[]},{"contributions":{},"includedScopes":[]},{"contributions":{},"includedScopes":[]},{"contributions":{},"includedScopes":[]},{"contributions":{},"includedScopes":[]},{"contributions":{},"includedScopes":[]},{"contributions":{},"includedScopes":[]}]},"contributions":{},"includedScopes":[]},"contributions":{},"includedScopes":[]},"contributions":{},"includedScopes":[]},"contributions":{},"includedScopes":[{"containerScope":{"containerScope":{"containerScope":{"contributions":{},"includedScopes":[]},"contributions":{},"includedScopes":[]},"contributions":{},"includedScopes":[]},"contributions":{},"includedScopes":[{"containerScope":{"containerScope":{"containerScope":{"contributions":{},"includedScopes":[]},"contributions":{},"includedScopes":[]},"contributions":{},"includedScopes":[]},"contributions":{},"includedScopes":[]}]},{"containerScope":{"containerScope":{"containerScope":{"contributions":{},"includedScopes":[]},"contributions":{},"includedScopes":[]},"contributions":{},"includedScopes":[]},"contributions":{},"includedScopes":[]}]},"contributions":{},"includedScopes":[]}},"scope":{"containerScope":{"containerScope":{"containerScope":{"containerScope":{"containerScope":{"containerScope":{"contributions":{},"includedScopes":[]},"contributions":{},"includedScopes":[{"contributions":{},"includedScopes":[]},{"contributions":{},"includedScopes":[]},{"contributions":{},"includedScopes":[]},{"contributions":{},"includedScopes":[]},{"contributions":{},"includedScopes":[]},{"contributions":{},"includedScopes":[]},{"contributions":{},"includedScopes":[]},{"contributions":{},"includedScopes":[]},{"contributions":{},"includedScopes":[]},{"contributions":{},"includedScopes":[]},{"contributions":{},"includedScopes":[]}]},"contributions":{},"includedScopes":[]},"contributions":{},"includedScopes":[]},"contributions":{},"includedScopes":[]},"contributions":{},"includedScopes":[{"containerScope":{"containerScope":{"containerScope":{"contributions":{},"includedScopes":[]},"contributions":{},"includedScopes":[]},"contributions":{},"includedScopes":[]},"contributions":{},"includedScopes":[{"containerScope":{"containerScope":{"containerScope":{"contributions":{},"includedScopes":[]},"contributions":{},"includedScopes":[]},"contributions":{},"includedScopes":[]},"contributions":{},"includedScopes":[]}]},{"containerScope":{"containerScope":{"containerScope":{"contributions":{},"includedScopes":[]},"contributions":{},"includedScopes":[]},"contributions":{},"includedScopes":[]},"contributions":{},"includedScopes":[]}]},"contributions":{},"includedScopes":[]}}]}],"id":"205616d9-2cdb-44a3-87a9-02bebc3abb13","message":"onPressDo","metadata":[],"receiver":{"args":[],"id":"b71c157c-aa97-4f09-854a-030531a1d9ca","message":"left","metadata":[],"receiver":{"id":"b651acf0-bde5-4373-a79e-fd8ae9603d29","metadata":[{"args":{"position":"start","text":"// capturamos la flecha izquierda"},"name":"comment"}],"name":"keyboard","scope":{"containerScope":{"containerScope":{"containerScope":{"containerScope":{"containerScope":{"containerScope":{"contributions":{},"includedScopes":[]},"contributions":{},"includedScopes":[{"contributions":{},"includedScopes":[]},{"contributions":{},"includedScopes":[]},{"contributions":{},"includedScopes":[]},{"contributions":{},"includedScopes":[]},{"contributions":{},"includedScopes":[]},{"contributions":{},"includedScopes":[]},{"contributions":{},"includedScopes":[]},{"contributions":{},"includedScopes":[]},{"contributions":{},"includedScopes":[]},{"contributions":{},"includedScopes":[]},{"contributions":{},"includedScopes":[]}]},"contributions":{},"includedScopes":[]},"contributions":{},"includedScopes":[]},"contributions":{},"includedScopes":[]},"contributions":{},"includedScopes":[]},"contributions":{},"includedScopes":[]},"sourceMap":{"end":{"column":10,"line":33,"offset":722},"start":{"column":2,"line":33,"offset":714}}},"scope":{"containerScope":{"containerScope":{"containerScope":{"containerScope":{"containerScope":{"contributions":{},"includedScopes":[]},"contributions":{},"includedScopes":[{"contributions":{},"includedScopes":[]},{"contributions":{},"includedScopes":[]},{"contributions":{},"includedScopes":[]},{"contributions":{},"includedScopes":[]},{"contributions":{},"includedScopes":[]},{"contributions":{},"includedScopes":[]},{"contributions":{},"includedScopes":[]},{"contributions":{},"includedScopes":[]},{"contributions":{},"includedScopes":[]},{"contributions":{},"includedScopes":[]},{"contributions":{},"includedScopes":[]}]},"contributions":{},"includedScopes":[]},"contributions":{},"includedScopes":[]},"contributions":{},"includedScopes":[]},"contributions":{},"includedScopes":[]},"sourceMap":{"end":{"column":17,"line":33,"offset":729},"start":{"column":2,"line":32,"offset":678}}},"scope":{"containerScope":{"containerScope":{"containerScope":{"containerScope":{"contributions":{},"includedScopes":[]},"contributions":{},"includedScopes":[{"contributions":{},"includedScopes":[]},{"contributions":{},"includedScopes":[]},{"contributions":{},"includedScopes":[]},{"contributions":{},"includedScopes":[]},{"contributions":{},"includedScopes":[]},{"contributions":{},"includedScopes":[]},{"contributions":{},"includedScopes":[]},{"contributions":{},"includedScopes":[]},{"contributions":{},"includedScopes":[]},{"contributions":{},"includedScopes":[]},{"contributions":{},"includedScopes":[]}]},"contributions":{},"includedScopes":[]},"contributions":{},"includedScopes":[]},"contributions":{},"includedScopes":[]},"sourceMap":{"end":{"column":3,"line":35,"offset":771},"start":{"column":2,"line":32,"offset":678}}},{"args":[{"id":"1c25eb79-7a0a-4fb4-8c05-499b8abdc152","members":[{"body":{"id":"8564a7ce-f6f9-455a-a83b-ddb28f8980ad","metadata":[],"scope":{"containerScope":{"containerScope":{"containerScope":{"containerScope":{"containerScope":{"containerScope":{"containerScope":{"contributions":{},"includedScopes":[]},"contributions":{},"includedScopes":[{"contributions":{},"includedScopes":[]},{"contributions":{},"includedScopes":[]},{"contributions":{},"includedScopes":[]},{"contributions":{},"includedScopes":[]},{"contributions":{},"includedScopes":[]},{"contributions":{},"includedScopes":[]},{"contributions":{},"includedScopes":[]},{"contributions":{},"includedScopes":[]},{"contributions":{},"includedScopes":[]},{"contributions":{},"includedScopes":[]},{"contributions":{},"includedScopes":[]}]},"contributions":{},"includedScopes":[]},"contributions":{},"includedScopes":[]},"contributions":{},"includedScopes":[]},"contributions":{},"includedScopes":[{"containerScope":{"containerScope":{"containerScope":{"contributions":{},"includedScopes":[]},"contributions":{},"includedScopes":[]},"contributions":{},"includedScopes":[]},"contributions":{},"includedScopes":[{"containerScope":{"containerScope":{"containerScope":{"contributions":{},"includedScopes":[]},"contributions":{},"includedScopes":[]},"contributions":{},"includedScopes":[]},"contributions":{},"includedScopes":[]}]},{"containerScope":{"containerScope":{"containerScope":{"contributions":{},"includedScopes":[]},"contributions":{},"includedScopes":[]},"contributions":{},"includedScopes":[]},"contributions":{},"includedScopes":[]}]},"contributions":{},"includedScopes":[]},"contributions":{},"includedScopes":[]},"sentences":[{"id":"1adcccc8-5684-46a7-b5e0-1466c57763ab","metadata":[],"scope":{"containerScope":{"containerScope":{"containerScope":{"containerScope":{"containerScope":{"containerScope":{"containerScope":{"containerScope":{"contributions":{},"includedScopes":[]},"contributions":{},"includedScopes":[{"contributions":{},"includedScopes":[]},{"contributions":{},"includedScopes":[]},{"contributions":{},"includedScopes":[]},{"contributions":{},"includedScopes":[]},{"contributions":{},"includedScopes":[]},{"contributions":{},"includedScopes":[]},{"contributions":{},"includedScopes":[]},{"contributions":{},"includedScopes":[]},{"contributions":{},"includedScopes":[]},{"contributions":{},"includedScopes":[]},{"contributions":{},"includedScopes":[]}]},"contributions":{},"includedScopes":[]},"contributions":{},"includedScopes":[]},"contributions":{},"includedScopes":[]},"contributions":{},"includedScopes":[{"containerScope":{"containerScope":{"containerScope":{"contributions":{},"includedScopes":[]},"contributions":{},"includedScopes":[]},"contributions":{},"includedScopes":[]},"contributions":{},"includedScopes":[{"containerScope":{"containerScope":{"containerScope":{"contributions":{},"includedScopes":[]},"contributions":{},"includedScopes":[]},"contributions":{},"includedScopes":[]},"contributions":{},"includedScopes":[]}]},{"containerScope":{"containerScope":{"containerScope":{"contributions":{},"includedScopes":[]},"contributions":{},"includedScopes":[]},"contributions":{},"includedScopes":[]},"contributions":{},"includedScopes":[]}]},"contributions":{},"includedScopes":[]},"contributions":{},"includedScopes":[]},"contributions":{},"includedScopes":[]},"value":{"args":[],"id":"86218d04-9c1a-4bcf-834c-8c43b0a24345","message":"moverDerecha","metadata":[],"receiver":{"id":"24845dde-27cd-4a76-b50c-b5332e9bc8be","metadata":[],"name":"juego","scope":{"containerScope":{"containerScope":{"containerScope":{"containerScope":{"containerScope":{"containerScope":{"containerScope":{"containerScope":{"containerScope":{"containerScope":{"contributions":{},"includedScopes":[]},"contributions":{},"includedScopes":[{"contributions":{},"includedScopes":[]},{"contributions":{},"includedScopes":[]},{"contributions":{},"includedScopes":[]},{"contributions":{},"includedScopes":[]},{"contributions":{},"includedScopes":[]},{"contributions":{},"includedScopes":[]},{"contributions":{},"includedScopes":[]},{"contributions":{},"includedScopes":[]},{"contributions":{},"includedScopes":[]},{"contributions":{},"includedScopes":[]},{"contributions":{},"includedScopes":[]}]},"contributions":{},"includedScopes":[]},"contributions":{},"includedScopes":[]},"contributions":{},"includedScopes":[]},"contributions":{},"includedScopes":[{"containerScope":{"containerScope":{"containerScope":{"contributions":{},"includedScopes":[]},"contributions":{},"includedScopes":[]},"contributions":{},"includedScopes":[]},"contributions":{},"includedScopes":[{"containerScope":{"containerScope":{"containerScope":{"contributions":{},"includedScopes":[]},"contributions":{},"includedScopes":[]},"contributions":{},"includedScopes":[]},"contributions":{},"includedScopes":[]}]},{"containerScope":{"containerScope":{"containerScope":{"contributions":{},"includedScopes":[]},"contributions":{},"includedScopes":[]},"contributions":{},"includedScopes":[]},"contributions":{},"includedScopes":[]}]},"contributions":{},"includedScopes":[]},"contributions":{},"includedScopes":[]},"contributions":{},"includedScopes":[]},"contributions":{},"includedScopes":[]},"contributions":{},"includedScopes":[]},"sourceMap":{"end":{"column":8,"line":39,"offset":847},"start":{"column":3,"line":39,"offset":842}}},"scope":{"containerScope":{"containerScope":{"containerScope":{"containerScope":{"containerScope":{"containerScope":{"containerScope":{"containerScope":{"containerScope":{"contributions":{},"includedScopes":[]},"contributions":{},"includedScopes":[{"contributions":{},"includedScopes":[]},{"contributions":{},"includedScopes":[]},{"contributions":{},"includedScopes":[]},{"contributions":{},"includedScopes":[]},{"contributions":{},"includedScopes":[]},{"contributions":{},"includedScopes":[]},{"contributions":{},"includedScopes":[]},{"contributions":{},"includedScopes":[]},{"contributions":{},"includedScopes":[]},{"contributions":{},"includedScopes":[]},{"contributions":{},"includedScopes":[]}]},"contributions":{},"includedScopes":[]},"contributions":{},"includedScopes":[]},"contributions":{},"includedScopes":[]},"contributions":{},"includedScopes":[{"containerScope":{"containerScope":{"containerScope":{"contributions":{},"includedScopes":[]},"contributions":{},"includedScopes":[]},"contributions":{},"includedScopes":[]},"contributions":{},"includedScopes":[{"containerScope":{"containerScope":{"containerScope":{"contributions":{},"includedScopes":[]},"contributions":{},"includedScopes":[]},"contributions":{},"includedScopes":[]},"contributions":{},"includedScopes":[]}]},{"containerScope":{"containerScope":{"containerScope":{"contributions":{},"includedScopes":[]},"contributions":{},"includedScopes":[]},"contributions":{},"includedScopes":[]},"contributions":{},"includedScopes":[]}]},"contributions":{},"includedScopes":[]},"contributions":{},"includedScopes":[]},"contributions":{},"includedScopes":[]},"contributions":{},"includedScopes":[]},"sourceMap":{"end":{"column":23,"line":39,"offset":862},"start":{"column":3,"line":39,"offset":842}}}}]},"compiled":false,"id":"383deb7a-75fd-453f-896b-113e2c181429","isOverride":false,"metadata":[],"name":"<apply>","parameters":[],"scope":{"containerScope":{"containerScope":{"containerScope":{"containerScope":{"containerScope":{"containerScope":{"contributions":{},"includedScopes":[]},"contributions":{},"includedScopes":[{"contributions":{},"includedScopes":[]},{"contributions":{},"includedScopes":[]},{"contributions":{},"includedScopes":[]},{"contributions":{},"includedScopes":[]},{"contributions":{},"includedScopes":[]},{"contributions":{},"includedScopes":[]},{"contributions":{},"includedScopes":[]},{"contributions":{},"includedScopes":[]},{"contributions":{},"includedScopes":[]},{"contributions":{},"includedScopes":[]},{"contributions":{},"includedScopes":[]}]},"contributions":{},"includedScopes":[]},"contributions":{},"includedScopes":[]},"contributions":{},"includedScopes":[]},"contributions":{},"includedScopes":[{"containerScope":{"containerScope":{"containerScope":{"contributions":{},"includedScopes":[]},"contributions":{},"includedScopes":[]},"contributions":{},"includedScopes":[]},"contributions":{},"includedScopes":[{"containerScope":{"containerScope":{"containerScope":{"contributions":{},"includedScopes":[]},"contributions":{},"includedScopes":[]},"contributions":{},"includedScopes":[]},"contributions":{},"includedScopes":[]}]},{"containerScope":{"containerScope":{"containerScope":{"contributions":{},"includedScopes":[]},"contributions":{},"includedScopes":[]},"contributions":{},"includedScopes":[]},"contributions":{},"includedScopes":[]}]},"contributions":{},"includedScopes":[]}},{"id":"3f2b7cca-4fa8-416e-9e88-a556476bde0e","isConstant":true,"isProperty":false,"metadata":[],"name":"<toString>","scope":{"containerScope":{"containerScope":{"containerScope":{"containerScope":{"containerScope":{"containerScope":{"contributions":{},"includedScopes":[]},"contributions":{},"includedScopes":[{"contributions":{},"includedScopes":[]},{"contributions":{},"includedScopes":[]},{"contributions":{},"includedScopes":[]},{"contributions":{},"includedScopes":[]},{"contributions":{},"includedScopes":[]},{"contributions":{},"includedScopes":[]},{"contributions":{},"includedScopes":[]},{"contributions":{},"includedScopes":[]},{"contributions":{},"includedScopes":[]},{"contributions":{},"includedScopes":[]},{"contributions":{},"includedScopes":[]}]},"contributions":{},"includedScopes":[]},"contributions":{},"includedScopes":[]},"contributions":{},"includedScopes":[]},"contributions":{},"includedScopes":[{"containerScope":{"containerScope":{"containerScope":{"contributions":{},"includedScopes":[]},"contributions":{},"includedScopes":[]},"contributions":{},"includedScopes":[]},"contributions":{},"includedScopes":[{"containerScope":{"containerScope":{"containerScope":{"contributions":{},"includedScopes":[]},"contributions":{},"includedScopes":[]},"contributions":{},"includedScopes":[]},"contributions":{},"includedScopes":[]}]},{"containerScope":{"containerScope":{"containerScope":{"contributions":{},"includedScopes":[]},"contributions":{},"includedScopes":[]},"contributions":{},"includedScopes":[]},"contributions":{},"includedScopes":[]}]},"contributions":{},"includedScopes":[]},"value":{"id":"550866d5-9d46-472b-91f0-16e3973aade0","metadata":[],"scope":{"containerScope":{"containerScope":{"containerScope":{"containerScope":{"containerScope":{"containerScope":{"containerScope":{"contributions":{},"includedScopes":[]},"contributions":{},"includedScopes":[{"contributions":{},"includedScopes":[]},{"contributions":{},"includedScopes":[]},{"contributions":{},"includedScopes":[]},{"contributions":{},"includedScopes":[]},{"contributions":{},"includedScopes":[]},{"contributions":{},"includedScopes":[]},{"contributions":{},"includedScopes":[]},{"contributions":{},"includedScopes":[]},{"contributions":{},"includedScopes":[]},{"contributions":{},"includedScopes":[]},{"contributions":{},"includedScopes":[]}]},"contributions":{},"includedScopes":[]},"contributions":{},"includedScopes":[]},"contributions":{},"includedScopes":[]},"contributions":{},"includedScopes":[{"containerScope":{"containerScope":{"containerScope":{"contributions":{},"includedScopes":[]},"contributions":{},"includedScopes":[]},"contributions":{},"includedScopes":[]},"contributions":{},"includedScopes":[{"containerScope":{"containerScope":{"containerScope":{"contributions":{},"includedScopes":[]},"contributions":{},"includedScopes":[]},"contributions":{},"includedScopes":[]},"contributions":{},"includedScopes":[]}]},{"containerScope":{"containerScope":{"containerScope":{"contributions":{},"includedScopes":[]},"contributions":{},"includedScopes":[]},"contributions":{},"includedScopes":[]},"contributions":{},"includedScopes":[]}]},"contributions":{},"includedScopes":[]},"contributions":{},"includedScopes":[]},"value":"{\r\n\t\tjuego.moverDerecha()\r\n\t}"}}],"metadata":[],"scope":{"containerScope":{"containerScope":{"containerScope":{"containerScope":{"containerScope":{"contributions":{},"includedScopes":[]},"contributions":{},"includedScopes":[{"contributions":{},"includedScopes":[]},{"contributions":{},"includedScopes":[]},{"contributions":{},"includedScopes":[]},{"contributions":{},"includedScopes":[]},{"contributions":{},"includedScopes":[]},{"contributions":{},"includedScopes":[]},{"contributions":{},"includedScopes":[]},{"contributions":{},"includedScopes":[]},{"contributions":{},"includedScopes":[]},{"contributions":{},"includedScopes":[]},{"contributions":{},"includedScopes":[]}]},"contributions":{},"includedScopes":[]},"contributions":{},"includedScopes":[]},"contributions":{},"includedScopes":[]},"contributions":{},"includedScopes":[{"containerScope":{"containerScope":{"containerScope":{"contributions":{},"includedScopes":[]},"contributions":{},"includedScopes":[]},"contributions":{},"includedScopes":[]},"contributions":{},"includedScopes":[{"containerScope":{"containerScope":{"containerScope":{"contributions":{},"includedScopes":[]},"contributions":{},"includedScopes":[]},"contributions":{},"includedScopes":[]},"contributions":{},"includedScopes":[]}]},{"containerScope":{"containerScope":{"containerScope":{"contributions":{},"includedScopes":[]},"contributions":{},"includedScopes":[]},"contributions":{},"includedScopes":[]},"contributions":{},"includedScopes":[]}]},"sourceMap":{"end":{"column":3,"line":40,"offset":866},"start":{"column":29,"line":38,"offset":837}},"supertypes":[{"args":[],"id":"6da31cd1-73a2-4105-a88d-6954812070f8","metadata":[],"reference":{"id":"6f8333df-520a-4188-b40d-98d40c735a59","metadata":[],"name":"wollok.lang.Closure","scope":{"containerScope":{"containerScope":{"containerScope":{"containerScope":{"containerScope":{"containerScope":{"contributions":{},"includedScopes":[]},"contributions":{},"includedScopes":[{"contributions":{},"includedScopes":[]},{"contributions":{},"includedScopes":[]},{"contributions":{},"includedScopes":[]},{"contributions":{},"includedScopes":[]},{"contributions":{},"includedScopes":[]},{"contributions":{},"includedScopes":[]},{"contributions":{},"includedScopes":[]},{"contributions":{},"includedScopes":[]},{"contributions":{},"includedScopes":[]},{"contributions":{},"includedScopes":[]},{"contributions":{},"includedScopes":[]}]},"contributions":{},"includedScopes":[]},"contributions":{},"includedScopes":[]},"contributions":{},"includedScopes":[]},"contributions":{},"includedScopes":[{"containerScope":{"containerScope":{"containerScope":{"contributions":{},"includedScopes":[]},"contributions":{},"includedScopes":[]},"contributions":{},"includedScopes":[]},"contributions":{},"includedScopes":[{"containerScope":{"containerScope":{"containerScope":{"contributions":{},"includedScopes":[]},"contributions":{},"includedScopes":[]},"contributions":{},"includedScopes":[]},"contributions":{},"includedScopes":[]}]},{"containerScope":{"containerScope":{"containerScope":{"contributions":{},"includedScopes":[]},"contributions":{},"includedScopes":[]},"contributions":{},"includedScopes":[]},"contributions":{},"includedScopes":[]}]},"contributions":{},"includedScopes":[]}},"scope":{"containerScope":{"containerScope":{"containerScope":{"containerScope":{"containerScope":{"containerScope":{"contributions":{},"includedScopes":[]},"contributions":{},"includedScopes":[{"contributions":{},"includedScopes":[]},{"contributions":{},"includedScopes":[]},{"contributions":{},"includedScopes":[]},{"contributions":{},"includedScopes":[]},{"contributions":{},"includedScopes":[]},{"contributions":{},"includedScopes":[]},{"contributions":{},"includedScopes":[]},{"contributions":{},"includedScopes":[]},{"contributions":{},"includedScopes":[]},{"contributions":{},"includedScopes":[]},{"contributions":{},"includedScopes":[]}]},"contributions":{},"includedScopes":[]},"contributions":{},"includedScopes":[]},"contributions":{},"includedScopes":[]},"contributions":{},"includedScopes":[{"containerScope":{"containerScope":{"containerScope":{"contributions":{},"includedScopes":[]},"contributions":{},"includedScopes":[]},"contributions":{},"includedScopes":[]},"contributions":{},"includedScopes":[{"containerScope":{"containerScope":{"containerScope":{"contributions":{},"includedScopes":[]},"contributions":{},"includedScopes":[]},"contributions":{},"includedScopes":[]},"contributions":{},"includedScopes":[]}]},{"containerScope":{"containerScope":{"containerScope":{"contributions":{},"includedScopes":[]},"contributions":{},"includedScopes":[]},"contributions":{},"includedScopes":[]},"contributions":{},"includedScopes":[]}]},"contributions":{},"includedScopes":[]}}]}],"id":"b01d3c33-b015-4674-8e1f-b3fab930a398","message":"onPressDo","metadata":[],"receiver":{"args":[],"id":"2aa5b8e2-bd99-40c3-9711-641c1e0dc050","message":"right","metadata":[],"receiver":{"id":"e5b09fc7-703d-406b-b4c6-76eba0c2d092","metadata":[{"args":{"position":"start","text":"// capturamos la flecha derecha"},"name":"comment"}],"name":"keyboard","scope":{"containerScope":{"containerScope":{"containerScope":{"containerScope":{"containerScope":{"containerScope":{"contributions":{},"includedScopes":[]},"contributions":{},"includedScopes":[{"contributions":{},"includedScopes":[]},{"contributions":{},"includedScopes":[]},{"contributions":{},"includedScopes":[]},{"contributions":{},"includedScopes":[]},{"contributions":{},"includedScopes":[]},{"contributions":{},"includedScopes":[]},{"contributions":{},"includedScopes":[]},{"contributions":{},"includedScopes":[]},{"contributions":{},"includedScopes":[]},{"contributions":{},"includedScopes":[]},{"contributions":{},"includedScopes":[]}]},"contributions":{},"includedScopes":[]},"contributions":{},"includedScopes":[]},"contributions":{},"includedScopes":[]},"contributions":{},"includedScopes":[]},"contributions":{},"includedScopes":[]},"sourceMap":{"end":{"column":10,"line":38,"offset":818},"start":{"column":2,"line":38,"offset":810}}},"scope":{"containerScope":{"containerScope":{"containerScope":{"containerScope":{"containerScope":{"contributions":{},"includedScopes":[]},"contributions":{},"includedScopes":[{"contributions":{},"includedScopes":[]},{"contributions":{},"includedScopes":[]},{"contributions":{},"includedScopes":[]},{"contributions":{},"includedScopes":[]},{"contributions":{},"includedScopes":[]},{"contributions":{},"includedScopes":[]},{"contributions":{},"includedScopes":[]},{"contributions":{},"includedScopes":[]},{"contributions":{},"includedScopes":[]},{"contributions":{},"includedScopes":[]},{"contributions":{},"includedScopes":[]}]},"contributions":{},"includedScopes":[]},"contributions":{},"includedScopes":[]},"contributions":{},"includedScopes":[]},"contributions":{},"includedScopes":[]},"sourceMap":{"end":{"column":18,"line":38,"offset":826},"start":{"column":2,"line":37,"offset":776}}},"scope":{"containerScope":{"containerScope":{"containerScope":{"containerScope":{"contributions":{},"includedScopes":[]},"contributions":{},"includedScopes":[{"contributions":{},"includedScopes":[]},{"contributions":{},"includedScopes":[]},{"contributions":{},"includedScopes":[]},{"contributions":{},"includedScopes":[]},{"contributions":{},"includedScopes":[]},{"contributions":{},"includedScopes":[]},{"contributions":{},"includedScopes":[]},{"contributions":{},"includedScopes":[]},{"contributions":{},"includedScopes":[]},{"contributions":{},"includedScopes":[]},{"contributions":{},"includedScopes":[]}]},"contributions":{},"includedScopes":[]},"contributions":{},"includedScopes":[]},"contributions":{},"includedScopes":[]},"sourceMap":{"end":{"column":3,"line":40,"offset":866},"start":{"column":2,"line":37,"offset":776}}},{"id":"54977eb6-a6e6-4e47-b662-256d09653a7c","isConstant":true,"metadata":[],"name":"tickReinicio","scope":{"containerScope":{"containerScope":{"containerScope":{"containerScope":{"contributions":{},"includedScopes":[]},"contributions":{},"includedScopes":[{"contributions":{},"includedScopes":[]},{"contributions":{},"includedScopes":[]},{"contributions":{},"includedScopes":[]},{"contributions":{},"includedScopes":[]},{"contributions":{},"includedScopes":[]},{"contributions":{},"includedScopes":[]},{"contributions":{},"includedScopes":[]},{"contributions":{},"includedScopes":[]},{"contributions":{},"includedScopes":[]},{"contributions":{},"includedScopes":[]},{"contributions":{},"includedScopes":[]}]},"contributions":{},"includedScopes":[]},"contributions":{},"includedScopes":[]},"contributions":{},"includedScopes":[]},"sourceMap":{"end":{"column":9,"line":58,"offset":1224},"start":{"column":5,"line":50,"offset":1078}},"value":{"args":[{"id":"a6707336-386b-4861-972d-94565de4fca0","metadata":[],"scope":{"containerScope":{"containerScope":{"containerScope":{"containerScope":{"containerScope":{"containerScope":{"contributions":{},"includedScopes":[]},"contributions":{},"includedScopes":[{"contributions":{},"includedScopes":[]},{"contributions":{},"includedScopes":[]},{"contributions":{},"includedScopes":[]},{"contributions":{},"includedScopes":[]},{"contributions":{},"includedScopes":[]},{"contributions":{},"includedScopes":[]},{"contributions":{},"includedScopes":[]},{"contributions":{},"includedScopes":[]},{"contributions":{},"includedScopes":[]},{"contributions":{},"includedScopes":[]},{"contributions":{},"includedScopes":[]}]},"contributions":{},"includedScopes":[]},"contributions":{},"includedScopes":[]},"contributions":{},"includedScopes":[]},"contributions":{},"includedScopes":[]},"contributions":{},"includedScopes":[]},"sourceMap":{"end":{"column":40,"line":50,"offset":1113},"start":{"column":36,"line":50,"offset":1109}},"value":5000},{"id":"0afc345e-b693-48cf-8f26-18830bf9ef6c","members":[{"body":{"id":"4496f451-e7e4-451f-9dcd-8d9c21754b06","metadata":[],"scope":{"containerScope":{"containerScope":{"containerScope":{"containerScope":{"containerScope":{"containerScope":{"containerScope":{"containerScope":{"contributions":{},"includedScopes":[]},"contributions":{},"includedScopes":[{"contributions":{},"includedScopes":[]},{"contributions":{},"includedScopes":[]},{"contributions":{},"includedScopes":[]},{"contributions":{},"includedScopes":[]},{"contributions":{},"includedScopes":[]},{"contributions":{},"includedScopes":[]},{"contributions":{},"includedScopes":[]},{"contributions":{},"includedScopes":[]},{"contributions":{},"includedScopes":[]},{"contributions":{},"includedScopes":[]},{"contributions":{},"includedScopes":[]}]},"contributions":{},"includedScopes":[]},"contributions":{},"includedScopes":[]},"contributions":{},"includedScopes":[]},"contributions":{},"includedScopes":[]},"contributions":{},"includedScopes":[{"containerScope":{"containerScope":{"containerScope":{"contributions":{},"includedScopes":[]},"contributions":{},"includedScopes":[]},"contributions":{},"includedScopes":[]},"contributions":{},"includedScopes":[{"containerScope":{"containerScope":{"containerScope":{"contributions":{},"includedScopes":[]},"contributions":{},"includedScopes":[]},"contributions":{},"includedScopes":[]},"contributions":{},"includedScopes":[]}]},{"containerScope":{"containerScope":{"containerScope":{"contributions":{},"includedScopes":[]},"contributions":{},"includedScopes":[]},"contributions":{},"includedScopes":[]},"contributions":{},"includedScopes":[]}]},"contributions":{},"includedScopes":[]},"contributions":{},"includedScopes":[]},"sentences":[{"condition":{"args":[],"id":"c0823a9b-d29c-46a0-9ba0-bbed0eef40c3","message":"negate","metadata":[],"originalOperator":"!","receiver":{"args":[],"id":"804c3feb-88c1-4abf-b12f-d3d289b5d941","message":"puedeJugar","metadata":[],"receiver":{"id":"b0266a95-f370-4ba3-a656-30b35f1cd91d","metadata":[],"name":"juego","scope":{"containerScope":{"containerScope":{"containerScope":{"containerScope":{"containerScope":{"containerScope":{"containerScope":{"containerScope":{"containerScope":{"containerScope":{"containerScope":{"containerScope":{"contributions":{},"includedScopes":[]},"contributions":{},"includedScopes":[{"contributions":{},"includedScopes":[]},{"contributions":{},"includedScopes":[]},{"contributions":{},"includedScopes":[]},{"contributions":{},"includedScopes":[]},{"contributions":{},"includedScopes":[]},{"contributions":{},"includedScopes":[]},{"contributions":{},"includedScopes":[]},{"contributions":{},"includedScopes":[]},{"contributions":{},"includedScopes":[]},{"contributions":{},"includedScopes":[]},{"contributions":{},"includedScopes":[]}]},"contributions":{},"includedScopes":[]},"contributions":{},"includedScopes":[]},"contributions":{},"includedScopes":[]},"contributions":{},"includedScopes":[]},"contributions":{},"includedScopes":[{"containerScope":{"containerScope":{"containerScope":{"contributions":{},"includedScopes":[]},"contributions":{},"includedScopes":[]},"contributions":{},"includedScopes":[]},"contributions":{},"includedScopes":[{"containerScope":{"containerScope":{"containerScope":{"contributions":{},"includedScopes":[]},"contributions":{},"includedScopes":[]},"contributions":{},"includedScopes":[]},"contributions":{},"includedScopes":[]}]},{"containerScope":{"containerScope":{"containerScope":{"contributions":{},"includedScopes":[]},"contributions":{},"includedScopes":[]},"contributions":{},"includedScopes":[]},"contributions":{},"includedScopes":[]}]},"contributions":{},"includedScopes":[]},"contributions":{},"includedScopes":[]},"contributions":{},"includedScopes":[]},"contributions":{},"includedScopes":[]},"contributions":{},"includedScopes":[]},"contributions":{},"includedScopes":[]},"sourceMap":{"end":{"column":15,"line":52,"offset":1134},"start":{"column":10,"line":52,"offset":1129}}},"scope":{"containerScope":{"containerScope":{"containerScope":{"containerScope":{"containerScope":{"containerScope":{"containerScope":{"containerScope":{"containerScope":{"containerScope":{"containerScope":{"contributions":{},"includedScopes":[]},"contributions":{},"includedScopes":[{"contributions":{},"includedScopes":[]},{"contributions":{},"includedScopes":[]},{"contributions":{},"includedScopes":[]},{"contributions":{},"includedScopes":[]},{"contributions":{},"includedScopes":[]},{"contributions":{},"includedScopes":[]},{"contributions":{},"includedScopes":[]},{"contributions":{},"includedScopes":[]},{"contributions":{},"includedScopes":[]},{"contributions":{},"includedScopes":[]},{"contributions":{},"includedScopes":[]}]},"contributions":{},"includedScopes":[]},"contributions":{},"includedScopes":[]},"contributions":{},"includedScopes":[]},"contributions":{},"includedScopes":[]},"contributions":{},"includedScopes":[{"containerScope":{"containerScope":{"containerScope":{"contributions":{},"includedScopes":[]},"contributions":{},"includedScopes":[]},"contributions":{},"includedScopes":[]},"contributions":{},"includedScopes":[{"containerScope":{"containerScope":{"containerScope":{"contributions":{},"includedScopes":[]},"contributions":{},"includedScopes":[]},"contributions":{},"includedScopes":[]},"contributions":{},"includedScopes":[]}]},{"containerScope":{"containerScope":{"containerScope":{"contributions":{},"includedScopes":[]},"contributions":{},"includedScopes":[]},"contributions":{},"includedScopes":[]},"contributions":{},"includedScopes":[]}]},"contributions":{},"includedScopes":[]},"contributions":{},"includedScopes":[]},"contributions":{},"includedScopes":[]},"contributions":{},"includedScopes":[]},"contributions":{},"includedScopes":[]},"sourceMap":{"end":{"column":28,"line":52,"offset":1147},"start":{"column":10,"line":52,"offset":1129}}},"scope":{"containerScope":{"containerScope":{"containerScope":{"containerScope":{"containerScope":{"containerScope":{"containerScope":{"containerScope":{"containerScope":{"containerScope":{"contributions":{},"includedScopes":[]},"contributions":{},"includedScopes":[{"contributions":{},"includedScopes":[]},{"contributions":{},"includedScopes":[]},{"contributions":{},"includedScopes":[]},{"contributions":{},"includedScopes":[]},{"contributions":{},"includedScopes":[]},{"contributions":{},"includedScopes":[]},{"contributions":{},"includedScopes":[]},{"contributions":{},"includedScopes":[]},{"contributions":{},"includedScopes":[]},{"contributions":{},"includedScopes":[]},{"contributions":{},"includedScopes":[]}]},"contributions":{},"includedScopes":[]},"contributions":{},"includedScopes":[]},"contributions":{},"includedScopes":[]},"contributions":{},"includedScopes":[]},"contributions":{},"includedScopes":[{"containerScope":{"containerScope":{"containerScope":{"contributions":{},"includedScopes":[]},"contributions":{},"includedScopes":[]},"contributions":{},"includedScopes":[]},"contributions":{},"includedScopes":[{"containerScope":{"containerScope":{"containerScope":{"contributions":{},"includedScopes":[]},"contributions":{},"includedScopes":[]},"contributions":{},"includedScopes":[]},"contributions":{},"includedScopes":[]}]},{"containerScope":{"containerScope":{"containerScope":{"contributions":{},"includedScopes":[]},"contributions":{},"includedScopes":[]},"contributions":{},"includedScopes":[]},"contributions":{},"includedScopes":[]}]},"contributions":{},"includedScopes":[]},"contributions":{},"includedScopes":[]},"contributions":{},"includedScopes":[]},"contributions":{},"includedScopes":[]},"sourceMap":{"end":{"column":28,"line":52,"offset":1147},"start":{"column":9,"line":52,"offset":1128}}},"elseBody":{"id":"93ab8010-ccb6-4ca6-ad3d-9f76465de132","metadata":[],"scope":{"containerScope":{"containerScope":{"containerScope":{"containerScope":{"containerScope":{"containerScope":{"containerScope":{"containerScope":{"containerScope":{"containerScope":{"contributions":{},"includedScopes":[]},"contributions":{},"includedScopes":[{"contributions":{},"includedScopes":[]},{"contributions":{},"includedScopes":[]},{"contributions":{},"includedScopes":[]},{"contributions":{},"includedScopes":[]},{"contributions":{},"includedScopes":[]},{"contributions":{},"includedScopes":[]},{"contributions":{},"includedScopes":[]},{"contributions":{},"includedScopes":[]},{"contributions":{},"includedScopes":[]},{"contributions":{},"includedScopes":[]},{"contributions":{},"includedScopes":[]}]},"contributions":{},"includedScopes":[]},"contributions":{},"includedScopes":[]},"contributions":{},"includedScopes":[]},"contributions":{},"includedScopes":[]},"contributions":{},"includedScopes":[{"containerScope":{"containerScope":{"containerScope":{"contributions":{},"includedScopes":[]},"contributions":{},"includedScopes":[]},"contributions":{},"includedScopes":[]},"contributions":{},"includedScopes":[{"containerScope":{"containerScope":{"containerScope":{"contributions":{},"includedScopes":[]},"contributions":{},"includedScopes":[]},"contributions":{},"includedScopes":[]},"contributions":{},"includedScopes":[]}]},{"containerScope":{"containerScope":{"containerScope":{"contributions":{},"includedScopes":[]},"contributions":{},"includedScopes":[]},"contributions":{},"includedScopes":[]},"contributions":{},"includedScopes":[]}]},"contributions":{},"includedScopes":[]},"contributions":{},"includedScopes":[]},"contributions":{},"includedScopes":[]},"contributions":{},"includedScopes":[]},"sentences":[]},"id":"09b0fc9f-def0-4945-b7e3-67aab2d44930","metadata":[],"scope":{"containerScope":{"containerScope":{"containerScope":{"containerScope":{"containerScope":{"containerScope":{"containerScope":{"containerScope":{"containerScope":{"contributions":{},"includedScopes":[]},"contributions":{},"includedScopes":[{"contributions":{},"includedScopes":[]},{"contributions":{},"includedScopes":[]},{"contributions":{},"includedScopes":[]},{"contributions":{},"includedScopes":[]},{"contributions":{},"includedScopes":[]},{"contributions":{},"includedScopes":[]},{"contributions":{},"includedScopes":[]},{"contributions":{},"includedScopes":[]},{"contributions":{},"includedScopes":[]},{"contributions":{},"includedScopes":[]},{"contributions":{},"includedScopes":[]}]},"contributions":{},"includedScopes":[]},"contributions":{},"includedScopes":[]},"contributions":{},"includedScopes":[]},"contributions":{},"includedScopes":[]},"contributions":{},"includedScopes":[{"containerScope":{"containerScope":{"containerScope":{"contributions":{},"includedScopes":[]},"contributions":{},"includedScopes":[]},"contributions":{},"includedScopes":[]},"contributions":{},"includedScopes":[{"containerScope":{"containerScope":{"containerScope":{"contributions":{},"includedScopes":[]},"contributions":{},"includedScopes":[]},"contributions":{},"includedScopes":[]},"contributions":{},"includedScopes":[]}]},{"containerScope":{"containerScope":{"containerScope":{"contributions":{},"includedScopes":[]},"contributions":{},"includedScopes":[]},"contributions":{},"includedScopes":[]},"contributions":{},"includedScopes":[]}]},"contributions":{},"includedScopes":[]},"contributions":{},"includedScopes":[]},"contributions":{},"includedScopes":[]},"sourceMap":{"end":{"column":6,"line":54,"offset":1184},"start":{"column":5,"line":52,"offset":1124}},"thenBody":{"id":"786d57a4-e31f-4bd3-b7a9-503a5f48a2c4","metadata":[],"problems":[],"scope":{"containerScope":{"containerScope":{"containerScope":{"containerScope":{"containerScope":{"containerScope":{"containerScope":{"containerScope":{"containerScope":{"containerScope":{"contributions":{},"includedScopes":[]},"contributions":{},"includedScopes":[{"contributions":{},"includedScopes":[]},{"contributions":{},"includedScopes":[]},{"contributions":{},"includedScopes":[]},{"contributions":{},"includedScopes":[]},{"contributions":{},"includedScopes":[]},{"contributions":{},"includedScopes":[]},{"contributions":{},"includedScopes":[]},{"contributions":{},"includedScopes":[]},{"contributions":{},"includedScopes":[]},{"contributions":{},"includedScopes":[]},{"contributions":{},"includedScopes":[]}]},"contributions":{},"includedScopes":[]},"contributions":{},"includedScopes":[]},"contributions":{},"includedScopes":[]},"contributions":{},"includedScopes":[]},"contributions":{},"includedScopes":[{"containerScope":{"containerScope":{"containerScope":{"contributions":{},"includedScopes":[]},"contributions":{},"includedScopes":[]},"contributions":{},"includedScopes":[]},"contributions":{},"includedScopes":[{"containerScope":{"containerScope":{"containerScope":{"contributions":{},"includedScopes":[]},"contributions":{},"includedScopes":[]},"contributions":{},"includedScopes":[]},"contributions":{},"includedScopes":[]}]},{"containerScope":{"containerScope":{"containerScope":{"contributions":{},"includedScopes":[]},"contributions":{},"includedScopes":[]},"contributions":{},"includedScopes":[]},"contributions":{},"includedScopes":[]}]},"contributions":{},"includedScopes":[]},"contributions":{},"includedScopes":[]},"contributions":{},"includedScopes":[]},"contributions":{},"includedScopes":[]},"sentences":[{"args":[],"id":"e2780161-8860-43d0-b7c1-de4285e12655","message":"reiniciar","metadata":[],"receiver":{"id":"2eb78bf8-42d1-46db-a53f-aa85a3345345","metadata":[],"name":"juego","scope":{"containerScope":{"containerScope":{"containerScope":{"containerScope":{"containerScope":{"containerScope":{"containerScope":{"containerScope":{"containerScope":{"containerScope":{"containerScope":{"containerScope":{"contributions":{},"includedScopes":[]},"contributions":{},"includedScopes":[{"contributions":{},"includedScopes":[]},{"contributions":{},"includedScopes":[]},{"contributions":{},"includedScopes":[]},{"contributions":{},"includedScopes":[]},{"contributions":{},"includedScopes":[]},{"contributions":{},"includedScopes":[]},{"contributions":{},"includedScopes":[]},{"contributions":{},"includedScopes":[]},{"contributions":{},"includedScopes":[]},{"contributions":{},"includedScopes":[]},{"contributions":{},"includedScopes":[]}]},"contributions":{},"includedScopes":[]},"contributions":{},"includedScopes":[]},"contributions":{},"includedScopes":[]},"contributions":{},"includedScopes":[]},"contributions":{},"includedScopes":[{"containerScope":{"containerScope":{"containerScope":{"contributions":{},"includedScopes":[]},"contributions":{},"includedScopes":[]},"contributions":{},"includedScopes":[]},"contributions":{},"includedScopes":[{"containerScope":{"containerScope":{"containerScope":{"contributions":{},"includedScopes":[]},"contributions":{},"includedScopes":[]},"contributions":{},"includedScopes":[]},"contributions":{},"includedScopes":[]}]},{"containerScope":{"containerScope":{"containerScope":{"contributions":{},"includedScopes":[]},"contributions":{},"includedScopes":[]},"contributions":{},"includedScopes":[]},"contributions":{},"includedScopes":[]}]},"contributions":{},"includedScopes":[]},"contributions":{},"includedScopes":[]},"contributions":{},"includedScopes":[]},"contributions":{},"includedScopes":[]},"contributions":{},"includedScopes":[]},"contributions":{},"includedScopes":[]},"sourceMap":{"end":{"column":14,"line":53,"offset":1165},"start":{"column":9,"line":53,"offset":1160}}},"scope":{"containerScope":{"containerScope":{"containerScope":{"containerScope":{"containerScope":{"containerScope":{"containerScope":{"containerScope":{"containerScope":{"containerScope":{"containerScope":{"contributions":{},"includedScopes":[]},"contributions":{},"includedScopes":[{"contributions":{},"includedScopes":[]},{"contributions":{},"includedScopes":[]},{"contributions":{},"includedScopes":[]},{"contributions":{},"includedScopes":[]},{"contributions":{},"includedScopes":[]},{"contributions":{},"includedScopes":[]},{"contributions":{},"includedScopes":[]},{"contributions":{},"includedScopes":[]},{"contributions":{},"includedScopes":[]},{"contributions":{},"includedScopes":[]},{"contributions":{},"includedScopes":[]}]},"contributions":{},"includedScopes":[]},"contributions":{},"includedScopes":[]},"contributions":{},"includedScopes":[]},"contributions":{},"includedScopes":[]},"contributions":{},"includedScopes":[{"containerScope":{"containerScope":{"containerScope":{"contributions":{},"includedScopes":[]},"contributions":{},"includedScopes":[]},"contributions":{},"includedScopes":[]},"contributions":{},"includedScopes":[{"containerScope":{"containerScope":{"containerScope":{"contributions":{},"includedScopes":[]},"contributions":{},"includedScopes":[]},"contributions":{},"includedScopes":[]},"contributions":{},"includedScopes":[]}]},{"containerScope":{"containerScope":{"containerScope":{"contributions":{},"includedScopes":[]},"contributions":{},"includedScopes":[]},"contributions":{},"includedScopes":[]},"contributions":{},"includedScopes":[]}]},"contributions":{},"includedScopes":[]},"contributions":{},"includedScopes":[]},"contributions":{},"includedScopes":[]},"contributions":{},"includedScopes":[]},"contributions":{},"includedScopes":[]},"sourceMap":{"end":{"column":26,"line":53,"offset":1177},"start":{"column":9,"line":53,"offset":1160}}}],"sourceMap":{"end":{"column":6,"line":54,"offset":1184},"start":{"column":30,"line":52,"offset":1149}}}},{"id":"106d717c-db16-419c-bf94-04d3d3cfde07","metadata":[],"scope":{"containerScope":{"containerScope":{"containerScope":{"containerScope":{"containerScope":{"containerScope":{"containerScope":{"containerScope":{"containerScope":{"contributions":{},"includedScopes":[]},"contributions":{},"includedScopes":[{"contributions":{},"includedScopes":[]},{"contributions":{},"includedScopes":[]},{"contributions":{},"includedScopes":[]},{"contributions":{},"includedScopes":[]},{"contributions":{},"includedScopes":[]},{"contributions":{},"includedScopes":[]},{"contributions":{},"includedScopes":[]},{"contributions":{},"includedScopes":[]},{"contributions":{},"includedScopes":[]},{"contributions":{},"includedScopes":[]},{"contributions":{},"includedScopes":[]}]},"contributions":{},"includedScopes":[]},"contributions":{},"includedScopes":[]},"contributions":{},"includedScopes":[]},"contributions":{},"includedScopes":[]},"contributions":{},"includedScopes":[{"containerScope":{"containerScope":{"containerScope":{"contributions":{},"includedScopes":[]},"contributions":{},"includedScopes":[]},"contributions":{},"includedScopes":[]},"contributions":{},"includedScopes":[{"containerScope":{"containerScope":{"containerScope":{"contributions":{},"includedScopes":[]},"contributions":{},"includedScopes":[]},"contributions":{},"includedScopes":[]},"contributions":{},"includedScopes":[]}]},{"containerScope":{"containerScope":{"containerScope":{"contributions":{},"includedScopes":[]},"contributions":{},"includedScopes":[]},"contributions":{},"includedScopes":[]},"contributions":{},"includedScopes":[]}]},"contributions":{},"includedScopes":[]},"contributions":{},"includedScopes":[]},"contributions":{},"includedScopes":[]},"value":{"args":[],"id":"8454fc59-b562-45b5-982f-08074ab88c00","message":"start","metadata":[],"receiver":{"id":"91c06d86-9048-4416-891d-9dff7b0be6a1","metadata":[],"name":"tickReinicio","scope":{"containerScope":{"containerScope":{"containerScope":{"containerScope":{"containerScope":{"containerScope":{"containerScope":{"containerScope":{"containerScope":{"containerScope":{"containerScope":{"contributions":{},"includedScopes":[]},"contributions":{},"includedScopes":[{"contributions":{},"includedScopes":[]},{"contributions":{},"includedScopes":[]},{"contributions":{},"includedScopes":[]},{"contributions":{},"includedScopes":[]},{"contributions":{},"includedScopes":[]},{"contributions":{},"includedScopes":[]},{"contributions":{},"includedScopes":[]},{"contributions":{},"includedScopes":[]},{"contributions":{},"includedScopes":[]},{"contributions":{},"includedScopes":[]},{"contributions":{},"includedScopes":[]}]},"contributions":{},"includedScopes":[]},"contributions":{},"includedScopes":[]},"contributions":{},"includedScopes":[]},"contributions":{},"includedScopes":[]},"contributions":{},"includedScopes":[{"containerScope":{"containerScope":{"containerScope":{"contributions":{},"includedScopes":[]},"contributions":{},"includedScopes":[]},"contributions":{},"includedScopes":[]},"contributions":{},"includedScopes":[{"containerScope":{"containerScope":{"containerScope":{"contributions":{},"includedScopes":[]},"contributions":{},"includedScopes":[]},"contributions":{},"includedScopes":[]},"contributions":{},"includedScopes":[]}]},{"containerScope":{"containerScope":{"containerScope":{"contributions":{},"includedScopes":[]},"contributions":{},"includedScopes":[]},"contributions":{},"includedScopes":[]},"contributions":{},"includedScopes":[]}]},"contributions":{},"includedScopes":[]},"contributions":{},"includedScopes":[]},"contributions":{},"includedScopes":[]},"contributions":{},"includedScopes":[]},"contributions":{},"includedScopes":[]},"sourceMap":{"end":{"column":17,"line":56,"offset":1204},"start":{"column":5,"line":56,"offset":1192}}},"scope":{"containerScope":{"containerScope":{"containerScope":{"containerScope":{"containerScope":{"containerScope":{"containerScope":{"containerScope":{"containerScope":{"containerScope":{"contributions":{},"includedScopes":[]},"contributions":{},"includedScopes":[{"contributions":{},"includedScopes":[]},{"contributions":{},"includedScopes":[]},{"contributions":{},"includedScopes":[]},{"contributions":{},"includedScopes":[]},{"contributions":{},"includedScopes":[]},{"contributions":{},"includedScopes":[]},{"contributions":{},"includedScopes":[]},{"contributions":{},"includedScopes":[]},{"contributions":{},"includedScopes":[]},{"contributions":{},"includedScopes":[]},{"contributions":{},"includedScopes":[]}]},"contributions":{},"includedScopes":[]},"contributions":{},"includedScopes":[]},"contributions":{},"includedScopes":[]},"contributions":{},"includedScopes":[]},"contributions":{},"includedScopes":[{"containerScope":{"containerScope":{"containerScope":{"contributions":{},"includedScopes":[]},"contributions":{},"includedScopes":[]},"contributions":{},"includedScopes":[]},"contributions":{},"includedScopes":[{"containerScope":{"containerScope":{"containerScope":{"contributions":{},"includedScopes":[]},"contributions":{},"includedScopes":[]},"contributions":{},"includedScopes":[]},"contributions":{},"includedScopes":[]}]},{"containerScope":{"containerScope":{"containerScope":{"contributions":{},"includedScopes":[]},"contributions":{},"includedScopes":[]},"contributions":{},"includedScopes":[]},"contributions":{},"includedScopes":[]}]},"contributions":{},"includedScopes":[]},"contributions":{},"includedScopes":[]},"contributions":{},"includedScopes":[]},"contributions":{},"includedScopes":[]},"sourceMap":{"end":{"column":25,"line":56,"offset":1212},"start":{"column":5,"line":56,"offset":1192}}}}]},"compiled":false,"id":"c77b7713-0976-4021-8ddf-991ff086f573","isOverride":false,"metadata":[],"name":"<apply>","parameters":[],"scope":{"containerScope":{"containerScope":{"containerScope":{"containerScope":{"containerScope":{"containerScope":{"containerScope":{"contributions":{},"includedScopes":[]},"contributions":{},"includedScopes":[{"contributions":{},"includedScopes":[]},{"contributions":{},"includedScopes":[]},{"contributions":{},"includedScopes":[]},{"contributions":{},"includedScopes":[]},{"contributions":{},"includedScopes":[]},{"contributions":{},"includedScopes":[]},{"contributions":{},"includedScopes":[]},{"contributions":{},"includedScopes":[]},{"contributions":{},"includedScopes":[]},{"contributions":{},"includedScopes":[]},{"contributions":{},"includedScopes":[]}]},"contributions":{},"includedScopes":[]},"contributions":{},"includedScopes":[]},"contributions":{},"includedScopes":[]},"contributions":{},"includedScopes":[]},"contributions":{},"includedScopes":[{"containerScope":{"containerScope":{"containerScope":{"contributions":{},"includedScopes":[]},"contributions":{},"includedScopes":[]},"contributions":{},"includedScopes":[]},"contributions":{},"includedScopes":[{"containerScope":{"containerScope":{"containerScope":{"contributions":{},"includedScopes":[]},"contributions":{},"includedScopes":[]},"contributions":{},"includedScopes":[]},"contributions":{},"includedScopes":[]}]},{"containerScope":{"containerScope":{"containerScope":{"contributions":{},"includedScopes":[]},"contributions":{},"includedScopes":[]},"contributions":{},"includedScopes":[]},"contributions":{},"includedScopes":[]}]},"contributions":{},"includedScopes":[]}},{"id":"eb5d9d97-d82e-41d6-8948-ef713612f3bc","isConstant":true,"isProperty":false,"metadata":[],"name":"<toString>","scope":{"containerScope":{"containerScope":{"containerScope":{"containerScope":{"containerScope":{"containerScope":{"containerScope":{"contributions":{},"includedScopes":[]},"contributions":{},"includedScopes":[{"contributions":{},"includedScopes":[]},{"contributions":{},"includedScopes":[]},{"contributions":{},"includedScopes":[]},{"contributions":{},"includedScopes":[]},{"contributions":{},"includedScopes":[]},{"contributions":{},"includedScopes":[]},{"contributions":{},"includedScopes":[]},{"contributions":{},"includedScopes":[]},{"contributions":{},"includedScopes":[]},{"contributions":{},"includedScopes":[]},{"contributions":{},"includedScopes":[]}]},"contributions":{},"includedScopes":[]},"contributions":{},"includedScopes":[]},"contributions":{},"includedScopes":[]},"contributions":{},"includedScopes":[]},"contributions":{},"includedScopes":[{"containerScope":{"containerScope":{"containerScope":{"contributions":{},"includedScopes":[]},"contributions":{},"includedScopes":[]},"contributions":{},"includedScopes":[]},"contributions":{},"includedScopes":[{"containerScope":{"containerScope":{"containerScope":{"contributions":{},"includedScopes":[]},"contributions":{},"includedScopes":[]},"contributions":{},"includedScopes":[]},"contributions":{},"includedScopes":[]}]},{"containerScope":{"containerScope":{"containerScope":{"contributions":{},"includedScopes":[]},"contributions":{},"includedScopes":[]},"contributions":{},"includedScopes":[]},"contributions":{},"includedScopes":[]}]},"contributions":{},"includedScopes":[]},"value":{"id":"0b22c738-2b87-4c52-9885-00ca352d4da4","metadata":[],"scope":{"containerScope":{"containerScope":{"containerScope":{"containerScope":{"containerScope":{"containerScope":{"containerScope":{"containerScope":{"contributions":{},"includedScopes":[]},"contributions":{},"includedScopes":[{"contributions":{},"includedScopes":[]},{"contributions":{},"includedScopes":[]},{"contributions":{},"includedScopes":[]},{"contributions":{},"includedScopes":[]},{"contributions":{},"includedScopes":[]},{"contributions":{},"includedScopes":[]},{"contributions":{},"includedScopes":[]},{"contributions":{},"includedScopes":[]},{"contributions":{},"includedScopes":[]},{"contributions":{},"includedScopes":[]},{"contributions":{},"includedScopes":[]}]},"contributions":{},"includedScopes":[]},"contributions":{},"includedScopes":[]},"contributions":{},"includedScopes":[]},"contributions":{},"includedScopes":[]},"contributions":{},"includedScopes":[{"containerScope":{"containerScope":{"containerScope":{"contributions":{},"includedScopes":[]},"contributions":{},"includedScopes":[]},"contributions":{},"includedScopes":[]},"contributions":{},"includedScopes":[{"containerScope":{"containerScope":{"containerScope":{"contributions":{},"includedScopes":[]},"contributions":{},"includedScopes":[]},"contributions":{},"includedScopes":[]},"contributions":{},"includedScopes":[]}]},{"containerScope":{"containerScope":{"containerScope":{"contributions":{},"includedScopes":[]},"contributions":{},"includedScopes":[]},"contributions":{},"includedScopes":[]},"contributions":{},"includedScopes":[]}]},"contributions":{},"includedScopes":[]},"contributions":{},"includedScopes":[]},"value":"{\r\n\r\n    if (!juego.puedeJugar()) {\r\n        juego.reiniciar()\r\n    }\r\n\r\n    tickReinicio.start()\r\n\r\n}"}}],"metadata":[],"scope":{"containerScope":{"containerScope":{"containerScope":{"containerScope":{"containerScope":{"containerScope":{"contributions":{},"includedScopes":[]},"contributions":{},"includedScopes":[{"contributions":{},"includedScopes":[]},{"contributions":{},"includedScopes":[]},{"contributions":{},"includedScopes":[]},{"contributions":{},"includedScopes":[]},{"contributions":{},"includedScopes":[]},{"contributions":{},"includedScopes":[]},{"contributions":{},"includedScopes":[]},{"contributions":{},"includedScopes":[]},{"contributions":{},"includedScopes":[]},{"contributions":{},"includedScopes":[]},{"contributions":{},"includedScopes":[]}]},"contributions":{},"includedScopes":[]},"contributions":{},"includedScopes":[]},"contributions":{},"includedScopes":[]},"contributions":{},"includedScopes":[]},"contributions":{},"includedScopes":[{"containerScope":{"containerScope":{"containerScope":{"contributions":{},"includedScopes":[]},"contributions":{},"includedScopes":[]},"contributions":{},"includedScopes":[]},"contributions":{},"includedScopes":[{"containerScope":{"containerScope":{"containerScope":{"contributions":{},"includedScopes":[]},"contributions":{},"includedScopes":[]},"contributions":{},"includedScopes":[]},"contributions":{},"includedScopes":[]}]},{"containerScope":{"containerScope":{"containerScope":{"contributions":{},"includedScopes":[]},"contributions":{},"includedScopes":[]},"contributions":{},"includedScopes":[]},"contributions":{},"includedScopes":[]}]},"sourceMap":{"end":{"column":2,"line":58,"offset":1217},"start":{"column":42,"line":50,"offset":1115}},"supertypes":[{"args":[],"id":"27fd08b3-87c6-4cfa-853d-2ce922c39151","metadata":[],"reference":{"id":"46dd8f7d-e6e1-4c99-909e-d9c08b146e3b","metadata":[],"name":"wollok.lang.Closure","scope":{"containerScope":{"containerScope":{"containerScope":{"containerScope":{"containerScope":{"containerScope":{"containerScope":{"contributions":{},"includedScopes":[]},"contributions":{},"includedScopes":[{"contributions":{},"includedScopes":[]},{"contributions":{},"includedScopes":[]},{"contributions":{},"includedScopes":[]},{"contributions":{},"includedScopes":[]},{"contributions":{},"includedScopes":[]},{"contributions":{},"includedScopes":[]},{"contributions":{},"includedScopes":[]},{"contributions":{},"includedScopes":[]},{"contributions":{},"includedScopes":[]},{"contributions":{},"includedScopes":[]},{"contributions":{},"includedScopes":[]}]},"contributions":{},"includedScopes":[]},"contributions":{},"includedScopes":[]},"contributions":{},"includedScopes":[]},"contributions":{},"includedScopes":[]},"contributions":{},"includedScopes":[{"containerScope":{"containerScope":{"containerScope":{"contributions":{},"includedScopes":[]},"contributions":{},"includedScopes":[]},"contributions":{},"includedScopes":[]},"contributions":{},"includedScopes":[{"containerScope":{"containerScope":{"containerScope":{"contributions":{},"includedScopes":[]},"contributions":{},"includedScopes":[]},"contributions":{},"includedScopes":[]},"contributions":{},"includedScopes":[]}]},{"containerScope":{"containerScope":{"containerScope":{"contributions":{},"includedScopes":[]},"contributions":{},"includedScopes":[]},"contributions":{},"includedScopes":[]},"contributions":{},"includedScopes":[]}]},"contributions":{},"includedScopes":[]}},"scope":{"containerScope":{"containerScope":{"containerScope":{"containerScope":{"containerScope":{"containerScope":{"containerScope":{"contributions":{},"includedScopes":[]},"contributions":{},"includedScopes":[{"contributions":{},"includedScopes":[]},{"contributions":{},"includedScopes":[]},{"contributions":{},"includedScopes":[]},{"contributions":{},"includedScopes":[]},{"contributions":{},"includedScopes":[]},{"contributions":{},"includedScopes":[]},{"contributions":{},"includedScopes":[]},{"contributions":{},"includedScopes":[]},{"contributions":{},"includedScopes":[]},{"contributions":{},"includedScopes":[]},{"contributions":{},"includedScopes":[]}]},"contributions":{},"includedScopes":[]},"contributions":{},"includedScopes":[]},"contributions":{},"includedScopes":[]},"contributions":{},"includedScopes":[]},"contributions":{},"includedScopes":[{"containerScope":{"containerScope":{"containerScope":{"contributions":{},"includedScopes":[]},"contributions":{},"includedScopes":[]},"contributions":{},"includedScopes":[]},"contributions":{},"includedScopes":[{"containerScope":{"containerScope":{"containerScope":{"contributions":{},"includedScopes":[]},"contributions":{},"includedScopes":[]},"contributions":{},"includedScopes":[]},"contributions":{},"includedScopes":[]}]},{"containerScope":{"containerScope":{"containerScope":{"contributions":{},"includedScopes":[]},"contributions":{},"includedScopes":[]},"contributions":{},"includedScopes":[]},"contributions":{},"includedScopes":[]}]},"contributions":{},"includedScopes":[]}}]},{"id":"e78c5d1d-52f7-4373-b9f5-0fa381fd42fe","metadata":[],"scope":{"containerScope":{"containerScope":{"containerScope":{"containerScope":{"containerScope":{"containerScope":{"contributions":{},"includedScopes":[]},"contributions":{},"includedScopes":[{"contributions":{},"includedScopes":[]},{"contributions":{},"includedScopes":[]},{"contributions":{},"includedScopes":[]},{"contributions":{},"includedScopes":[]},{"contributions":{},"includedScopes":[]},{"contributions":{},"includedScopes":[]},{"contributions":{},"includedScopes":[]},{"contributions":{},"includedScopes":[]},{"contributions":{},"includedScopes":[]},{"contributions":{},"includedScopes":[]},{"contributions":{},"includedScopes":[]}]},"contributions":{},"includedScopes":[]},"contributions":{},"includedScopes":[]},"contributions":{},"includedScopes":[]},"contributions":{},"includedScopes":[]},"contributions":{},"includedScopes":[]},"sourceMap":{"end":{"column":8,"line":58,"offset":1223},"start":{"column":4,"line":58,"offset":1219}},"value":true}],"id":"7220f5f7-54df-4df1-8775-d7fe4c0893d3","message":"tick","metadata":[],"receiver":{"id":"3d7510f4-947a-40ad-b186-cd46125f1613","metadata":[],"name":"game","scope":{"containerScope":{"containerScope":{"containerScope":{"containerScope":{"containerScope":{"containerScope":{"contributions":{},"includedScopes":[]},"contributions":{},"includedScopes":[{"contributions":{},"includedScopes":[]},{"contributions":{},"includedScopes":[]},{"contributions":{},"includedScopes":[]},{"contributions":{},"includedScopes":[]},{"contributions":{},"includedScopes":[]},{"contributions":{},"includedScopes":[]},{"contributions":{},"includedScopes":[]},{"contributions":{},"includedScopes":[]},{"contributions":{},"includedScopes":[]},{"contributions":{},"includedScopes":[]},{"contributions":{},"includedScopes":[]}]},"contributions":{},"includedScopes":[]},"contributions":{},"includedScopes":[]},"contributions":{},"includedScopes":[]},"contributions":{},"includedScopes":[]},"contributions":{},"includedScopes":[]},"sourceMap":{"end":{"column":30,"line":50,"offset":1103},"start":{"column":26,"line":50,"offset":1099}}},"scope":{"containerScope":{"containerScope":{"containerScope":{"containerScope":{"containerScope":{"contributions":{},"includedScopes":[]},"contributions":{},"includedScopes":[{"contributions":{},"includedScopes":[]},{"contributions":{},"includedScopes":[]},{"contributions":{},"includedScopes":[]},{"contributions":{},"includedScopes":[]},{"contributions":{},"includedScopes":[]},{"contributions":{},"includedScopes":[]},{"contributions":{},"includedScopes":[]},{"contributions":{},"includedScopes":[]},{"contributions":{},"includedScopes":[]},{"contributions":{},"includedScopes":[]},{"contributions":{},"includedScopes":[]}]},"contributions":{},"includedScopes":[]},"contributions":{},"includedScopes":[]},"contributions":{},"includedScopes":[]},"contributions":{},"includedScopes":[]},"sourceMap":{"end":{"column":9,"line":58,"offset":1224},"start":{"column":26,"line":50,"offset":1099}}}},{"args":[],"id":"d435e00a-7f4d-4381-94b5-63d9315d68b6","message":"start","metadata":[],"receiver":{"id":"1910ea4c-84b9-460a-9b26-5aa487140af2","metadata":[],"name":"game","scope":{"containerScope":{"containerScope":{"containerScope":{"containerScope":{"containerScope":{"contributions":{},"includedScopes":[]},"contributions":{},"includedScopes":[{"contributions":{},"includedScopes":[]},{"contributions":{},"includedScopes":[]},{"contributions":{},"includedScopes":[]},{"contributions":{},"includedScopes":[]},{"contributions":{},"includedScopes":[]},{"contributions":{},"includedScopes":[]},{"contributions":{},"includedScopes":[]},{"contributions":{},"includedScopes":[]},{"contributions":{},"includedScopes":[]},{"contributions":{},"includedScopes":[]},{"contributions":{},"includedScopes":[]}]},"contributions":{},"includedScopes":[]},"contributions":{},"includedScopes":[]},"contributions":{},"includedScopes":[]},"contributions":{},"includedScopes":[]},"sourceMap":{"end":{"column":6,"line":60,"offset":1233},"start":{"column":2,"line":60,"offset":1229}}},"scope":{"containerScope":{"containerScope":{"containerScope":{"containerScope":{"contributions":{},"includedScopes":[]},"contributions":{},"includedScopes":[{"contributions":{},"includedScopes":[]},{"contributions":{},"includedScopes":[]},{"contributions":{},"includedScopes":[]},{"contributions":{},"includedScopes":[]},{"contributions":{},"includedScopes":[]},{"contributions":{},"includedScopes":[]},{"contributions":{},"includedScopes":[]},{"contributions":{},"includedScopes":[]},{"contributions":{},"includedScopes":[]},{"contributions":{},"includedScopes":[]},{"contributions":{},"includedScopes":[]}]},"contributions":{},"includedScopes":[]},"contributions":{},"includedScopes":[]},"contributions":{},"includedScopes":[]},"sourceMap":{"end":{"column":14,"line":60,"offset":1241},"start":{"column":2,"line":60,"offset":1229}}}],"sourceMap":{"end":{"column":2,"line":61,"offset":1244},"start":{"column":27,"line":16,"offset":341}}},"stack":"Error: Failed to print, found malformed node\n    at c:\\Users\\Estudiante\\.vscode\\extensions\\uqbar.wollok-lsp-ide-0.5.4\\out\\server\\src\\server.js:68:3585\n    at c:\\Users\\Estudiante\\.vscode\\extensions\\uqbar.wollok-lsp-ide-0.5.4\\out\\server\\src\\server.js:68:4960\n    at c:\\Users\\Estudiante\\.vscode\\extensions\\uqbar.wollok-lsp-ide-0.5.4\\out\\server\\src\\server.js:38:6131\n    at c:\\Users\\Estudiante\\.vscode\\extensions\\uqbar.wollok-lsp-ide-0.5.4\\out\\server\\src\\server.js:68:3664\n    at Kbn (c:\\Users\\Estudiante\\.vscode\\extensions\\uqbar.wollok-lsp-ide-0.5.4\\out\\server\\src\\server.js:68:3396)\n    at c:\\Users\\Estudiante\\.vscode\\extensions\\uqbar.wollok-lsp-ide-0.5.4\\out\\server\\src\\server.js:2398:847\n    at c:\\Users\\Estudiante\\.vscode\\extensions\\uqbar.wollok-lsp-ide-0.5.4\\out\\server\\src\\server.js:2398:8440\n    at c:\\Users\\Estudiante\\.vscode\\extensions\\uqbar.wollok-lsp-ide-0.5.4\\out\\server\\src\\server.js:37:74770\n    at Ke (c:\\Users\\Estudiante\\.vscode\\extensions\\uqbar.wollok-lsp-ide-0.5.4\\out\\server\\src\\server.js:7:8527)\n    at Lt (c:\\Users\\Estudiante\\.vscode\\extensions\\uqbar.wollok-lsp-ide-0.5.4\\out\\server\\src\\server.js:7:6189)","timestamp":"2026-06-15T03:17:19.794Z"}
{"level":"info","message":"⌛ Building environment","timeElapsed":192,"timestamp":"2026-06-15T03:17:21.846Z"}
{"level":"info","message":"⌛ Validating mainExample.wpgm","timeElapsed":226,"timestamp":"2026-06-15T03:17:22.464Z"}
{"level":"info","message":"⌛ Building environment","timeElapsed":175,"timestamp":"2026-06-15T03:17:30.618Z"}
{"level":"info","message":"⌛ Validating mainExample.wpgm","timeElapsed":255,"timestamp":"2026-06-15T03:17:30.931Z"}
{"level":"info","message":"⌛ Building environment","timeElapsed":724,"timestamp":"2026-06-15T03:17:31.656Z"}
{"level":"info","message":"⌛ Building environment","timeElapsed":224,"timestamp":"2026-06-15T03:17:31.882Z"}
{"level":"info","message":"⌛ Building environment","timeElapsed":251,"timestamp":"2026-06-15T03:17:32.136Z"}
{"level":"info","message":"⌛ Building environment","timeElapsed":228,"timestamp":"2026-06-15T03:17:32.365Z"}
{"level":"info","message":"⌛ Building environment","timeElapsed":176,"timestamp":"2026-06-15T03:17:32.545Z"}
{"level":"info","message":"⌛ Building environment","timeElapsed":383,"timestamp":"2026-06-15T03:17:32.947Z"}
{"level":"info","message":"⌛ Validating mainExample.wpgm","timeElapsed":428,"timestamp":"2026-06-15T03:17:33.399Z"}
{"level":"info","message":"⌛ Validating mainExample.wpgm","timeElapsed":248,"timestamp":"2026-06-15T03:17:33.675Z"}
{"level":"info","message":"⌛ Validating mainExample.wpgm","timeElapsed":215,"timestamp":"2026-06-15T03:17:33.892Z"}
{"level":"info","message":"⌛ Validating mainExample.wpgm","timeElapsed":241,"timestamp":"2026-06-15T03:17:34.133Z"}
{"level":"info","message":"⌛ Validating mainExample.wpgm","timeElapsed":256,"timestamp":"2026-06-15T03:17:34.390Z"}
{"level":"info","message":"⌛ Validating mainExample.wpgm","timeElapsed":370,"timestamp":"2026-06-15T03:17:34.760Z"}
{"level":"info","message":"⌛ Building environment","timeElapsed":449,"timestamp":"2026-06-15T03:17:35.215Z"}
{"level":"error","message":"✘ Failed to rebuild document Failed to parse mainExample.wpgm: \n-- PARSING FAILED --------------------------------------------------\n\n  58 | \n  59 | \tgame.start()\n> 60 | }\n     | ^\n\nExpected one of the following: \n\n'@', 'class', 'const', 'describe', 'mixin', 'object', 'only', 'package', 'program', 'test', 'var', '{', EOF, comment, not \"}\", whitespace\n","stack":"Error: Failed to parse mainExample.wpgm: \n-- PARSING FAILED --------------------------------------------------\n\n  58 | \n  59 | \tgame.start()\n> 60 | }\n     | ^\n\nExpected one of the following: \n\n'@', 'class', 'const', 'describe', 'mixin', 'object', 'only', 'package', 'program', 'test', 'var', '{', EOF, comment, not \"}\", whitespace\n\n    at c:\\Users\\Estudiante\\.vscode\\extensions\\uqbar.wollok-lsp-ide-0.5.4\\out\\server\\src\\server.js:2353:13026\n    at Array.map (<anonymous>)\n    at U1n (c:\\Users\\Estudiante\\.vscode\\extensions\\uqbar.wollok-lsp-ide-0.5.4\\out\\server\\src\\server.js:2353:12950)\n    at H2.buildEnvironmentFrom (c:\\Users\\Estudiante\\.vscode\\extensions\\uqbar.wollok-lsp-ide-0.5.4\\out\\server\\src\\server.js:2398:5254)\n    at H2.updateEnvironmentWith (c:\\Users\\Estudiante\\.vscode\\extensions\\uqbar.wollok-lsp-ide-0.5.4\\out\\server\\src\\server.js:2398:4989)\n    at GF (c:\\Users\\Estudiante\\.vscode\\extensions\\uqbar.wollok-lsp-ide-0.5.4\\out\\server\\src\\server.js:2398:7383)\n    at V3.invoke (c:\\Users\\Estudiante\\.vscode\\extensions\\uqbar.wollok-lsp-ide-0.5.4\\out\\server\\src\\server.js:3:157328)\n    at o.fire (c:\\Users\\Estudiante\\.vscode\\extensions\\uqbar.wollok-lsp-ide-0.5.4\\out\\server\\src\\server.js:3:158098)\n    at c:\\Users\\Estudiante\\.vscode\\extensions\\uqbar.wollok-lsp-ide-0.5.4\\out\\server\\src\\server.js:37:57871\n    at nd (c:\\Users\\Estudiante\\.vscode\\extensions\\uqbar.wollok-lsp-ide-0.5.4\\out\\server\\src\\server.js:8:1561)","timestamp":"2026-06-15T03:17:35.267Z"}
{"level":"info","message":"⌛ Building environment","timeElapsed":229,"timestamp":"2026-06-15T03:17:35.503Z"}
{"level":"info","message":"⌛ Building environment","timeElapsed":211,"timestamp":"2026-06-15T03:17:35.898Z"}
{"level":"info","message":"⌛ Building environment","timeElapsed":203,"timestamp":"2026-06-15T03:17:36.145Z"}
{"level":"info","message":"⌛ Validating mainExample.wpgm","timeElapsed":258,"timestamp":"2026-06-15T03:17:36.459Z"}
{"level":"info","message":"⌛ Building environment","timeElapsed":434,"timestamp":"2026-06-15T03:17:36.894Z"}
{"level":"info","message":"⌛ Validating mainExample.wpgm","timeElapsed":258,"timestamp":"2026-06-15T03:17:37.168Z"}
{"level":"info","message":"⌛ Validating mainExample.wpgm","timeElapsed":372,"timestamp":"2026-06-15T03:17:37.543Z"}
{"level":"info","message":"⌛ Validating mainExample.wpgm","timeElapsed":284,"timestamp":"2026-06-15T03:17:37.828Z"}
{"level":"info","message":"⌛ Building environment","timeElapsed":244,"timestamp":"2026-06-15T03:17:38.080Z"}
{"level":"info","message":"⌛ Validating mainExample.wpgm","timeElapsed":195,"timestamp":"2026-06-15T03:17:38.303Z"}
{"level":"info","message":"⌛ Building environment","timeElapsed":233,"timestamp":"2026-06-15T03:17:38.831Z"}
{"level":"info","message":"⌛ Validating mainExample.wpgm","timeElapsed":238,"timestamp":"2026-06-15T03:17:39.112Z"}
{"level":"info","message":"⌛ Validating mainExample.wpgm","timeElapsed":214,"timestamp":"2026-06-15T03:17:39.337Z"}
{"level":"info","message":"⌛ Building environment","timeElapsed":250,"timestamp":"2026-06-15T03:21:04.909Z"}
{"level":"info","message":"⌛ Validating mainExample.wpgm","timeElapsed":245,"timestamp":"2026-06-15T03:21:05.237Z"}
{"level":"info","message":"⌛ Building environment","timeElapsed":277,"timestamp":"2026-06-15T03:21:22.343Z"}
{"level":"info","message":"⌛ Validating mainExample.wpgm","timeElapsed":271,"timestamp":"2026-06-15T03:21:22.711Z"}
{"level":"info","message":"⌛ Building environment","timeElapsed":195,"timestamp":"2026-06-15T03:21:23.768Z"}
{"level":"info","message":"⌛ Validating mainExample.wpgm","timeElapsed":289,"timestamp":"2026-06-15T03:21:24.275Z"}
{"level":"info","message":"⌛ Building environment","timeElapsed":248,"timestamp":"2026-06-15T03:21:26.871Z"}
{"level":"info","message":"⌛ Building environment","timeElapsed":266,"timestamp":"2026-06-15T03:21:27.167Z"}
{"level":"info","message":"⌛ Building environment","timeElapsed":191,"timestamp":"2026-06-15T03:21:27.381Z"}
{"level":"info","message":"⌛ Validating mainExample.wpgm","timeElapsed":342,"timestamp":"2026-06-15T03:21:27.724Z"}
{"level":"info","message":"⌛ Validating mainExample.wpgm","timeElapsed":265,"timestamp":"2026-06-15T03:21:27.990Z"}
{"level":"info","message":"⌛ Validating mainExample.wpgm","timeElapsed":259,"timestamp":"2026-06-15T03:21:28.257Z"}
{"level":"info","message":"⌛ Building environment","timeElapsed":167,"timestamp":"2026-06-15T03:21:28.425Z"}
{"level":"info","message":"⌛ Building environment","timeElapsed":275,"timestamp":"2026-06-15T03:21:28.708Z"}
{"level":"info","message":"⌛ Validating mainExample.wpgm","timeElapsed":389,"timestamp":"2026-06-15T03:21:29.358Z"}
{"level":"info","message":"⌛ Building environment","timeElapsed":231,"timestamp":"2026-06-15T03:21:29.654Z"}
{"level":"info","message":"⌛ Validating mainExample.wpgm","timeElapsed":297,"timestamp":"2026-06-15T03:21:30.016Z"}
{"level":"info","message":"⌛ Validating mainExample.wpgm","timeElapsed":267,"timestamp":"2026-06-15T03:21:30.284Z"}
{"level":"info","message":"⌛ Building environment","timeElapsed":157,"timestamp":"2026-06-15T03:22:03.448Z"}
{"level":"info","message":"⌛ Validating mainExample.wpgm","timeElapsed":314,"timestamp":"2026-06-15T03:22:03.767Z"}
{"level":"info","message":"⌛ Building environment","timeElapsed":248,"timestamp":"2026-06-15T03:22:04.031Z"}
{"level":"info","message":"⌛ Building environment","timeElapsed":168,"timestamp":"2026-06-15T03:22:04.219Z"}
{"level":"info","message":"⌛ Validating mainExample.wpgm","timeElapsed":268,"timestamp":"2026-06-15T03:22:04.633Z"}
{"level":"info","message":"⌛ Building environment","timeElapsed":233,"timestamp":"2026-06-15T03:22:04.867Z"}
{"level":"info","message":"⌛ Validating mainExample.wpgm","timeElapsed":233,"timestamp":"2026-06-15T03:22:05.108Z"}
{"level":"info","message":"⌛ Validating mainExample.wpgm","timeElapsed":333,"timestamp":"2026-06-15T03:22:05.447Z"}
{"level":"error","message":"✘ Failed to rebuild document Failed to parse mainExample.wpgm: \n-- PARSING FAILED --------------------------------------------------\n\nGot the end of the input\n\nExpected one of the following: \n\n' ', '!=', '!==', '%', '&&', ')', '*', '**', '+', ',', '-', '->', '.', '..', '..<', '/', '<', '<<', '<<<', '<=', '<=>', '<>', '==', '===', '>', '>..', '>=', '>>', '>>>', '?:', 'and', 'or', '{', '||', '}', any character/byte, comment, sentence, whitespace\n","stack":"Error: Failed to parse mainExample.wpgm: \n-- PARSING FAILED --------------------------------------------------\n\nGot the end of the input\n\nExpected one of the following: \n\n' ', '!=', '!==', '%', '&&', ')', '*', '**', '+', ',', '-', '->', '.', '..', '..<', '/', '<', '<<', '<<<', '<=', '<=>', '<>', '==', '===', '>', '>..', '>=', '>>', '>>>', '?:', 'and', 'or', '{', '||', '}', any character/byte, comment, sentence, whitespace\n\n    at c:\\Users\\Estudiante\\.vscode\\extensions\\uqbar.wollok-lsp-ide-0.5.4\\out\\server\\src\\server.js:2353:13026\n    at Array.map (<anonymous>)\n    at U1n (c:\\Users\\Estudiante\\.vscode\\extensions\\uqbar.wollok-lsp-ide-0.5.4\\out\\server\\src\\server.js:2353:12950)\n    at H2.buildEnvironmentFrom (c:\\Users\\Estudiante\\.vscode\\extensions\\uqbar.wollok-lsp-ide-0.5.4\\out\\server\\src\\server.js:2398:5254)\n    at H2.updateEnvironmentWith (c:\\Users\\Estudiante\\.vscode\\extensions\\uqbar.wollok-lsp-ide-0.5.4\\out\\server\\src\\server.js:2398:4989)\n    at GF (c:\\Users\\Estudiante\\.vscode\\extensions\\uqbar.wollok-lsp-ide-0.5.4\\out\\server\\src\\server.js:2398:7383)\n    at V3.invoke (c:\\Users\\Estudiante\\.vscode\\extensions\\uqbar.wollok-lsp-ide-0.5.4\\out\\server\\src\\server.js:3:157328)\n    at o.fire (c:\\Users\\Estudiante\\.vscode\\extensions\\uqbar.wollok-lsp-ide-0.5.4\\out\\server\\src\\server.js:3:158098)\n    at c:\\Users\\Estudiante\\.vscode\\extensions\\uqbar.wollok-lsp-ide-0.5.4\\out\\server\\src\\server.js:37:57871\n    at nd (c:\\Users\\Estudiante\\.vscode\\extensions\\uqbar.wollok-lsp-ide-0.5.4\\out\\server\\src\\server.js:8:1561)","timestamp":"2026-06-15T03:23:10.858Z"}
{"level":"info","message":"⌛ Building environment","timeElapsed":246,"timestamp":"2026-06-15T03:23:15.011Z"}
{"level":"info","message":"⌛ Validating mainExample.wpgm","timeElapsed":279,"timestamp":"2026-06-15T03:23:15.500Z"}
{"level":"info","message":"⌛ Building environment","timeElapsed":272,"timestamp":"2026-06-15T03:23:16.002Z"}
{"level":"info","message":"⌛ Validating mainExample.wpgm","timeElapsed":254,"timestamp":"2026-06-15T03:23:16.365Z"}
{"level":"info","message":"⌛ Building environment","timeElapsed":198,"timestamp":"2026-06-15T03:23:20.033Z"}
{"level":"info","message":"⌛ Validating mainExample.wpgm","timeElapsed":305,"timestamp":"2026-06-15T03:23:20.490Z"}
{"level":"info","message":"⌛ Building environment","timeElapsed":274,"timestamp":"2026-06-15T03:23:23.630Z"}
{"level":"info","message":"⌛ Validating mainExample.wpgm","timeElapsed":260,"timestamp":"2026-06-15T03:23:23.971Z"}
{"level":"info","message":"⌛ Building environment","timeElapsed":182,"timestamp":"2026-06-15T03:23:24.924Z"}
{"level":"info","message":"⌛ Validating mainExample.wpgm","timeElapsed":246,"timestamp":"2026-06-15T03:23:25.256Z"}
{"level":"info","message":"⌛ Building environment","timeElapsed":170,"timestamp":"2026-06-15T03:23:30.570Z"}
{"level":"info","message":"⌛ Validating mainExample.wpgm","timeElapsed":248,"timestamp":"2026-06-15T03:23:30.879Z"}
{"level":"info","message":"⌛ Building environment","timeElapsed":233,"timestamp":"2026-06-15T03:23:31.146Z"}
{"level":"info","message":"⌛ Building environment","timeElapsed":224,"timestamp":"2026-06-15T03:23:31.386Z"}
{"level":"info","message":"⌛ Validating mainExample.wpgm","timeElapsed":269,"timestamp":"2026-06-15T03:23:31.690Z"}
{"level":"info","message":"⌛ Building environment","timeElapsed":208,"timestamp":"2026-06-15T03:23:31.917Z"}
{"level":"info","message":"⌛ Validating mainExample.wpgm","timeElapsed":292,"timestamp":"2026-06-15T03:23:32.224Z"}
{"level":"info","message":"⌛ Building environment","timeElapsed":162,"timestamp":"2026-06-15T03:23:32.426Z"}
{"level":"info","message":"⌛ Validating mainExample.wpgm","timeElapsed":263,"timestamp":"2026-06-15T03:23:32.730Z"}
{"level":"info","message":"⌛ Validating mainExample.wpgm","timeElapsed":317,"timestamp":"2026-06-15T03:23:33.048Z"}
{"level":"info","message":"⌛ Building environment","timeElapsed":318,"timestamp":"2026-06-15T03:23:33.378Z"}
{"level":"info","message":"⌛ Validating mainExample.wpgm","timeElapsed":377,"timestamp":"2026-06-15T03:23:33.828Z"}
{"level":"error","message":"✘ Completions for node Send ([49:5, 51:14] - mainExample.wpgm) failed: Error: [Send]{2182ce} at mainExample.wpgm:49 exhausted all cases without a match [Send]{2182ce} at mainExample.wpgm:49 exhausted all cases without a match","stack":"Error: [Send]{2182ce} at mainExample.wpgm:49 exhausted all cases without a match\n    at c:\\Users\\Estudiante\\.vscode\\extensions\\uqbar.wollok-lsp-ide-0.5.4\\out\\server\\src\\server.js:38:6142\n    at L2 (c:\\Users\\Estudiante\\.vscode\\extensions\\uqbar.wollok-lsp-ide-0.5.4\\out\\server\\src\\server.js:2389:42)\n    at c:\\Users\\Estudiante\\.vscode\\extensions\\uqbar.wollok-lsp-ide-0.5.4\\out\\server\\src\\server.js:2389:2988\n    at c:\\Users\\Estudiante\\.vscode\\extensions\\uqbar.wollok-lsp-ide-0.5.4\\out\\server\\src\\server.js:2398:8440\n    at c:\\Users\\Estudiante\\.vscode\\extensions\\uqbar.wollok-lsp-ide-0.5.4\\out\\server\\src\\server.js:37:74872\n    at Ke (c:\\Users\\Estudiante\\.vscode\\extensions\\uqbar.wollok-lsp-ide-0.5.4\\out\\server\\src\\server.js:7:8527)\n    at Lt (c:\\Users\\Estudiante\\.vscode\\extensions\\uqbar.wollok-lsp-ide-0.5.4\\out\\server\\src\\server.js:7:6189)\n    at ct (c:\\Users\\Estudiante\\.vscode\\extensions\\uqbar.wollok-lsp-ide-0.5.4\\out\\server\\src\\server.js:7:6378)\n    at Immediate._onImmediate (c:\\Users\\Estudiante\\.vscode\\extensions\\uqbar.wollok-lsp-ide-0.5.4\\out\\server\\src\\server.js:7:6142)\n    at process.processImmediate (node:internal/timers:504:21)","timestamp":"2026-06-15T03:23:33.879Z"}
{"level":"error","message":"✘ Completions for node Send ([49:5, 56:6] - mainExample.wpgm) failed: Error: [Send]{d1c618} at mainExample.wpgm:49 exhausted all cases without a match [Send]{d1c618} at mainExample.wpgm:49 exhausted all cases without a match","stack":"Error: [Send]{d1c618} at mainExample.wpgm:49 exhausted all cases without a match\n    at c:\\Users\\Estudiante\\.vscode\\extensions\\uqbar.wollok-lsp-ide-0.5.4\\out\\server\\src\\server.js:38:6142\n    at L2 (c:\\Users\\Estudiante\\.vscode\\extensions\\uqbar.wollok-lsp-ide-0.5.4\\out\\server\\src\\server.js:2389:42)\n    at Jh (c:\\Users\\Estudiante\\.vscode\\extensions\\uqbar.wollok-lsp-ide-0.5.4\\out\\server\\src\\server.js:2389:1092)\n    at L2 (c:\\Users\\Estudiante\\.vscode\\extensions\\uqbar.wollok-lsp-ide-0.5.4\\out\\server\\src\\server.js:2389:544)\n    at c:\\Users\\Estudiante\\.vscode\\extensions\\uqbar.wollok-lsp-ide-0.5.4\\out\\server\\src\\server.js:2389:2988\n    at c:\\Users\\Estudiante\\.vscode\\extensions\\uqbar.wollok-lsp-ide-0.5.4\\out\\server\\src\\server.js:2398:8440\n    at c:\\Users\\Estudiante\\.vscode\\extensions\\uqbar.wollok-lsp-ide-0.5.4\\out\\server\\src\\server.js:37:74872\n    at Ke (c:\\Users\\Estudiante\\.vscode\\extensions\\uqbar.wollok-lsp-ide-0.5.4\\out\\server\\src\\server.js:7:8527)\n    at Lt (c:\\Users\\Estudiante\\.vscode\\extensions\\uqbar.wollok-lsp-ide-0.5.4\\out\\server\\src\\server.js:7:6189)\n    at ct (c:\\Users\\Estudiante\\.vscode\\extensions\\uqbar.wollok-lsp-ide-0.5.4\\out\\server\\src\\server.js:7:6378)","timestamp":"2026-06-15T03:23:33.880Z"}
{"level":"info","message":"⌛ Building environment","timeElapsed":245,"timestamp":"2026-06-15T03:23:53.901Z"}
{"level":"info","message":"⌛ Validating mainExample.wpgm","timeElapsed":243,"timestamp":"2026-06-15T03:23:54.721Z"}
{"level":"info","message":"⌛ Building environment","timeElapsed":155,"timestamp":"2026-06-15T03:23:55.202Z"}
{"level":"info","message":"⌛ Validating mainExample.wpgm","timeElapsed":315,"timestamp":"2026-06-15T03:23:55.529Z"}
{"level":"info","message":"⌛ Building environment","timeElapsed":266,"timestamp":"2026-06-15T03:23:55.810Z"}
{"level":"info","message":"⌛ Building environment","timeElapsed":198,"timestamp":"2026-06-15T03:23:56.022Z"}
{"level":"info","message":"⌛ Validating mainExample.wpgm","timeElapsed":243,"timestamp":"2026-06-15T03:23:56.343Z"}
{"level":"info","message":"⌛ Validating mainExample.wpgm","timeElapsed":309,"timestamp":"2026-06-15T03:23:56.655Z"}
{"level":"info","message":"⌛ Building environment","timeElapsed":235,"timestamp":"2026-06-15T03:23:56.893Z"}
{"level":"info","message":"⌛ Validating mainExample.wpgm","timeElapsed":237,"timestamp":"2026-06-15T03:23:57.153Z"}
{"level":"info","message":"⌛ Building environment","timeElapsed":187,"timestamp":"2026-06-15T03:24:10.113Z"}
{"level":"info","message":"⌛ Validating mainExample.wpgm","timeElapsed":230,"timestamp":"2026-06-15T03:24:10.393Z"}
{"level":"info","message":"⌛ Building environment","timeElapsed":171,"timestamp":"2026-06-15T03:24:12.285Z"}
{"level":"info","message":"⌛ Validating mainExample.wpgm","timeElapsed":235,"timestamp":"2026-06-15T03:24:12.559Z"}
{"level":"info","message":"⌛ Building environment","timeElapsed":808,"timestamp":"2026-06-15T03:24:13.903Z"}
{"level":"info","message":"⌛ Building environment","timeElapsed":215,"timestamp":"2026-06-15T03:24:14.144Z"}
{"level":"info","message":"⌛ Building environment","timeElapsed":167,"timestamp":"2026-06-15T03:24:14.344Z"}
{"level":"info","message":"⌛ Validating mainExample.wpgm","timeElapsed":365,"timestamp":"2026-06-15T03:24:14.739Z"}
{"level":"info","message":"⌛ Validating mainExample.wpgm","timeElapsed":459,"timestamp":"2026-06-15T03:24:15.199Z"}
{"level":"info","message":"⌛ Validating mainExample.wpgm","timeElapsed":258,"timestamp":"2026-06-15T03:24:15.458Z"}
{"level":"info","message":"⌛ Building environment","timeElapsed":173,"timestamp":"2026-06-15T03:24:26.840Z"}
{"level":"info","message":"⌛ Validating mainExample.wpgm","timeElapsed":292,"timestamp":"2026-06-15T03:24:27.156Z"}
{"level":"info","message":"⌛ Building environment","timeElapsed":201,"timestamp":"2026-06-15T03:24:27.385Z"}
{"level":"info","message":"⌛ Building environment","timeElapsed":162,"timestamp":"2026-06-15T03:24:27.642Z"}
{"level":"info","message":"⌛ Validating mainExample.wpgm","timeElapsed":279,"timestamp":"2026-06-15T03:24:27.949Z"}
{"level":"info","message":"⌛ Building environment","timeElapsed":191,"timestamp":"2026-06-15T03:24:28.165Z"}
{"level":"info","message":"⌛ Validating mainExample.wpgm","timeElapsed":292,"timestamp":"2026-06-15T03:24:28.474Z"}
{"level":"info","message":"⌛ Validating mainExample.wpgm","timeElapsed":313,"timestamp":"2026-06-15T03:24:28.788Z"}
{"level":"info","message":"⌛ Building environment","timeElapsed":223,"timestamp":"2026-06-15T03:24:29.743Z"}
{"level":"info","message":"⌛ Validating mainExample.wpgm","timeElapsed":236,"timestamp":"2026-06-15T03:24:29.999Z"}
{"level":"info","message":"⌛ Building environment","timeElapsed":245,"timestamp":"2026-06-15T03:25:18.347Z"}
{"level":"info","message":"⌛ Validating game.wlk","timeElapsed":225,"timestamp":"2026-06-15T03:25:18.713Z"}
{"level":"info","message":"⌛ Building environment","timeElapsed":225,"timestamp":"2026-06-15T03:25:19.048Z"}
{"level":"info","message":"⌛ Validating game.wlk","timeElapsed":293,"timestamp":"2026-06-15T03:25:19.425Z"}
{"level":"info","message":"⌛ Building environment","timeElapsed":306,"timestamp":"2026-06-15T03:25:19.733Z"}
{"level":"info","message":"⌛ Building environment","timeElapsed":320,"timestamp":"2026-06-15T03:25:20.097Z"}
{"level":"info","message":"⌛ Validating game.wlk","timeElapsed":338,"timestamp":"2026-06-15T03:25:20.446Z"}
{"level":"info","message":"⌛ Building environment","timeElapsed":233,"timestamp":"2026-06-15T03:25:20.680Z"}
{"level":"info","message":"⌛ Validating game.wlk","timeElapsed":212,"timestamp":"2026-06-15T03:25:20.915Z"}
{"level":"info","message":"⌛ Validating game.wlk","timeElapsed":263,"timestamp":"2026-06-15T03:25:21.222Z"}
{"level":"info","message":"⌛ Building environment","timeElapsed":277,"timestamp":"2026-06-15T03:25:21.821Z"}
{"level":"info","message":"⌛ Validating game.wlk","timeElapsed":251,"timestamp":"2026-06-15T03:25:22.232Z"}
{"level":"info","message":"⌛ Building environment","timeElapsed":265,"timestamp":"2026-06-15T03:25:24.077Z"}
{"level":"info","message":"⌛ Validating game.wlk","timeElapsed":541,"timestamp":"2026-06-15T03:25:24.876Z"}
{"level":"info","message":"⌛ Building environment","timeElapsed":266,"timestamp":"2026-06-15T03:25:50.503Z"}
{"level":"info","message":"⌛ Validating game.wlk","timeElapsed":250,"timestamp":"2026-06-15T03:25:50.875Z"}
{"level":"info","message":"⌛ Building environment","timeElapsed":412,"timestamp":"2026-06-15T03:25:51.979Z"}
{"level":"info","message":"⌛ Validating game.wlk","timeElapsed":269,"timestamp":"2026-06-15T03:25:52.278Z"}
{"level":"info","message":"⌛ Building environment","timeElapsed":560,"timestamp":"2026-06-15T03:25:54.113Z"}
{"level":"info","message":"⌛ Validating game.wlk","timeElapsed":496,"timestamp":"2026-06-15T03:25:54.725Z"}
{"level":"info","message":"⌛ Building environment","timeElapsed":246,"timestamp":"2026-06-15T03:25:56.024Z"}
{"level":"info","message":"⌛ Validating game.wlk","timeElapsed":382,"timestamp":"2026-06-15T03:25:56.758Z"}
{"level":"info","message":"⌛ Building environment","timeElapsed":254,"timestamp":"2026-06-15T03:25:57.181Z"}
{"level":"info","message":"⌛ Building environment","timeElapsed":319,"timestamp":"2026-06-15T03:25:57.534Z"}
{"level":"info","message":"⌛ Validating game.wlk","timeElapsed":529,"timestamp":"2026-06-15T03:25:58.070Z"}
{"level":"info","message":"⌛ Building environment","timeElapsed":272,"timestamp":"2026-06-15T03:25:58.354Z"}
{"level":"info","message":"⌛ Validating game.wlk","timeElapsed":298,"timestamp":"2026-06-15T03:25:58.654Z"}
{"level":"info","message":"⌛ Validating game.wlk","timeElapsed":298,"timestamp":"2026-06-15T03:25:59.089Z"}
{"level":"info","message":"⌛ Building environment","timeElapsed":229,"timestamp":"2026-06-15T03:26:01.664Z"}
{"level":"info","message":"⌛ Validating game.wlk","timeElapsed":263,"timestamp":"2026-06-15T03:26:01.978Z"}
{"level":"info","message":"⌛ Building environment","timeElapsed":277,"timestamp":"2026-06-15T03:26:02.262Z"}
{"level":"info","message":"⌛ Building environment","timeElapsed":548,"timestamp":"2026-06-15T03:26:02.918Z"}
{"level":"info","message":"⌛ Validating game.wlk","timeElapsed":301,"timestamp":"2026-06-15T03:26:03.229Z"}
{"level":"info","message":"⌛ Validating game.wlk","timeElapsed":359,"timestamp":"2026-06-15T03:26:03.612Z"}
{"level":"info","message":"⌛ Building environment","timeElapsed":236,"timestamp":"2026-06-15T03:26:09.249Z"}
{"level":"info","message":"⌛ Validating game.wlk","timeElapsed":279,"timestamp":"2026-06-15T03:26:09.564Z"}
{"level":"info","message":"⌛ Building environment","timeElapsed":633,"timestamp":"2026-06-15T03:26:10.673Z"}
{"level":"info","message":"⌛ Building environment","timeElapsed":208,"timestamp":"2026-06-15T03:26:11.039Z"}
{"level":"info","message":"⌛ Validating game.wlk","timeElapsed":324,"timestamp":"2026-06-15T03:26:11.364Z"}
{"level":"info","message":"⌛ Building environment","timeElapsed":345,"timestamp":"2026-06-15T03:26:11.730Z"}
{"level":"info","message":"⌛ Building environment","timeElapsed":326,"timestamp":"2026-06-15T03:26:12.073Z"}
{"level":"info","message":"⌛ Validating game.wlk","timeElapsed":401,"timestamp":"2026-06-15T03:26:12.494Z"}
{"level":"info","message":"⌛ Validating game.wlk","timeElapsed":407,"timestamp":"2026-06-15T03:26:12.902Z"}
{"level":"info","message":"⌛ Validating game.wlk","timeElapsed":264,"timestamp":"2026-06-15T03:26:13.190Z"}
{"level":"info","message":"⌛ Building environment","timeElapsed":290,"timestamp":"2026-06-15T03:26:15.094Z"}
{"level":"info","message":"⌛ Validating game.wlk","timeElapsed":257,"timestamp":"2026-06-15T03:26:15.435Z"}
{"level":"info","message":"⌛ Building environment","timeElapsed":202,"timestamp":"2026-06-15T03:26:27.600Z"}
{"level":"info","message":"⌛ Validating game.wlk","timeElapsed":300,"timestamp":"2026-06-15T03:26:27.929Z"}
{"level":"info","message":"⌛ Building environment","timeElapsed":356,"timestamp":"2026-06-15T03:26:28.286Z"}
{"level":"info","message":"⌛ Building environment","timeElapsed":269,"timestamp":"2026-06-15T03:26:28.580Z"}
{"level":"info","message":"⌛ Building environment","timeElapsed":254,"timestamp":"2026-06-15T03:26:28.868Z"}
{"level":"info","message":"⌛ Validating game.wlk","timeElapsed":326,"timestamp":"2026-06-15T03:26:29.197Z"}
{"level":"info","message":"⌛ Validating game.wlk","timeElapsed":305,"timestamp":"2026-06-15T03:26:29.512Z"}
{"level":"info","message":"⌛ Validating game.wlk","timeElapsed":321,"timestamp":"2026-06-15T03:26:29.837Z"}
{"level":"info","message":"⌛ Building environment","timeElapsed":345,"timestamp":"2026-06-15T03:26:30.453Z"}
{"level":"info","message":"⌛ Validating game.wlk","timeElapsed":255,"timestamp":"2026-06-15T03:26:30.799Z"}
{"level":"info","message":"⌛ Building environment","timeElapsed":319,"timestamp":"2026-06-15T03:26:31.121Z"}
{"level":"info","message":"⌛ Building environment","timeElapsed":315,"timestamp":"2026-06-15T03:26:31.443Z"}
{"level":"info","message":"⌛ Validating game.wlk","timeElapsed":220,"timestamp":"2026-06-15T03:26:31.753Z"}
{"level":"info","message":"⌛ Building environment","timeElapsed":389,"timestamp":"2026-06-15T03:26:32.152Z"}
{"level":"info","message":"⌛ Validating game.wlk","timeElapsed":461,"timestamp":"2026-06-15T03:26:32.627Z"}
{"level":"info","message":"⌛ Validating game.wlk","timeElapsed":395,"timestamp":"2026-06-15T03:26:33.029Z"}
{"level":"info","message":"⌛ Building environment","timeElapsed":272,"timestamp":"2026-06-15T03:26:50.449Z"}
{"level":"info","message":"⌛ Validating game.wlk","timeElapsed":244,"timestamp":"2026-06-15T03:26:50.787Z"}
{"level":"info","message":"⌛ Building environment","timeElapsed":250,"timestamp":"2026-06-15T03:26:51.849Z"}
{"level":"info","message":"⌛ Validating game.wlk","timeElapsed":298,"timestamp":"2026-06-15T03:26:52.186Z"}
{"exitCode":"SIGINT","level":"info","message":"👾 Game executed mainExample.PiedraPapelTijera on c:\\Users\\Estudiante\\Desktop\\Piedra-Papel-Tijera.wollok","timeElapsed":1648403,"timestamp":"2026-06-15T03:27:05.249Z"}
{"level":"info","message":"🚀 Program executed \u001b[3m\u001b[34mmainExample.PiedraPapelTijera\u001b[39m\u001b[23m on \u001b[3m\u001b[34mc:\\Users\\Estudiante\\Desktop\\Piedra-Papel-Tijera.wollok\u001b[39m\u001b[23m","ok":true,"timeElapsed":988,"timestamp":"2026-06-15T03:27:24.222Z"}
{"exitCode":"SIGINT","level":"info","message":"👾 Game executed mainExample.PiedraPapelTijera on c:\\Users\\Estudiante\\Desktop\\Piedra-Papel-Tijera.wollok","timeElapsed":572037,"timestamp":"2026-06-15T03:36:55.270Z"}
{"level":"info","message":"⌛ Building environment","timeElapsed":805,"timestamp":"2026-06-15T03:37:39.422Z"}
{"level":"info","message":"⌛ Building environment","timeElapsed":527,"timestamp":"2026-06-15T03:37:39.950Z"}
{"level":"info","message":"Removing diagnostics from /C:/Users/Estudiante/Desktop/Piedra-Papel-Tijera.wollok/assets/signor_2000x2000.png","timestamp":"2026-06-15T03:37:40.069Z"}
{"level":"info","message":"⌛ Building environment","timeElapsed":262,"timestamp":"2026-06-15T03:37:40.998Z"}
{"level":"info","message":"⌛ Building environment","timeElapsed":278,"timestamp":"2026-06-15T03:37:41.278Z"}
{"level":"info","message":"⌛ Validating tests.wtest","timeElapsed":475,"timestamp":"2026-06-15T03:37:41.762Z"}
{"level":"info","message":"⌛ Validating assets/mainExample.wpgm","timeElapsed":434,"timestamp":"2026-06-15T03:37:42.234Z"}
{"level":"info","message":"⌛ Building environment","timeElapsed":325,"timestamp":"2026-06-15T03:46:37.678Z"}
{"level":"info","message":"⌛ Validating game.wlk","timeElapsed":220,"timestamp":"2026-06-15T03:46:38.156Z"}
{"level":"info","message":"⌛ Building environment","timeElapsed":338,"timestamp":"2026-06-15T03:46:40.339Z"}
{"level":"info","message":"⌛ Validating game.wlk","timeElapsed":267,"timestamp":"2026-06-15T03:46:40.856Z"}
{"level":"info","message":"⌛ Building environment","timeElapsed":271,"timestamp":"2026-06-15T03:46:43.827Z"}
{"level":"info","message":"⌛ Building environment","timeElapsed":256,"timestamp":"2026-06-15T03:46:44.369Z"}
{"level":"info","message":"⌛ Validating game.wlk","timeElapsed":275,"timestamp":"2026-06-15T03:46:44.752Z"}
{"level":"info","message":"⌛ Validating game.wlk","timeElapsed":336,"timestamp":"2026-06-15T03:46:45.094Z"}
{"level":"info","message":"⌛ Building environment","timeElapsed":221,"timestamp":"2026-06-15T03:46:47.699Z"}
{"level":"info","message":"⌛ Validating game.wlk","timeElapsed":264,"timestamp":"2026-06-15T03:46:48.029Z"}
{"level":"info","message":"⌛ Building environment","timeElapsed":308,"timestamp":"2026-06-15T03:46:48.473Z"}
{"level":"info","message":"⌛ Validating game.wlk","timeElapsed":306,"timestamp":"2026-06-15T03:46:48.807Z"}
{"level":"info","message":"⌛ Building environment","timeElapsed":290,"timestamp":"2026-06-15T03:46:49.098Z"}
{"level":"info","message":"⌛ Building environment","timeElapsed":367,"timestamp":"2026-06-15T03:46:49.478Z"}
{"level":"info","message":"⌛ Validating game.wlk","timeElapsed":285,"timestamp":"2026-06-15T03:46:49.824Z"}
{"level":"info","message":"⌛ Building environment","timeElapsed":270,"timestamp":"2026-06-15T03:46:50.170Z"}
{"level":"info","message":"⌛ Validating game.wlk","timeElapsed":242,"timestamp":"2026-06-15T03:46:50.416Z"}
{"level":"info","message":"⌛ Building environment","timeElapsed":263,"timestamp":"2026-06-15T03:46:50.680Z"}
{"level":"info","message":"⌛ Validating game.wlk","timeElapsed":543,"timestamp":"2026-06-15T03:46:51.290Z"}
{"level":"info","message":"⌛ Validating game.wlk","timeElapsed":225,"timestamp":"2026-06-15T03:46:51.533Z"}
{"level":"info","message":"⌛ Building environment","timeElapsed":300,"timestamp":"2026-06-15T03:46:51.883Z"}
{"level":"info","message":"⌛ Validating game.wlk","timeElapsed":328,"timestamp":"2026-06-15T03:46:52.226Z"}
{"level":"info","message":"⌛ Building environment","timeElapsed":256,"timestamp":"2026-06-15T03:46:53.667Z"}
{"level":"info","message":"⌛ Building environment","timeElapsed":220,"timestamp":"2026-06-15T03:46:54.106Z"}
{"level":"info","message":"⌛ Validating game.wlk","timeElapsed":274,"timestamp":"2026-06-15T03:46:54.381Z"}
{"level":"info","message":"⌛ Building environment","timeElapsed":349,"timestamp":"2026-06-15T03:46:54.852Z"}
{"level":"info","message":"⌛ Validating game.wlk","timeElapsed":297,"timestamp":"2026-06-15T03:46:55.154Z"}
{"level":"info","message":"⌛ Building environment","timeElapsed":249,"timestamp":"2026-06-15T03:46:55.437Z"}
{"level":"info","message":"⌛ Validating game.wlk","timeElapsed":268,"timestamp":"2026-06-15T03:46:55.706Z"}
{"level":"info","message":"⌛ Validating game.wlk","timeElapsed":206,"timestamp":"2026-06-15T03:46:56.015Z"}
{"level":"info","message":"⌛ Building environment","timeElapsed":248,"timestamp":"2026-06-15T03:46:58.216Z"}
{"level":"info","message":"⌛ Validating game.wlk","timeElapsed":301,"timestamp":"2026-06-15T03:46:58.678Z"}
{"level":"info","message":"⌛ Building environment","timeElapsed":306,"timestamp":"2026-06-15T03:46:58.988Z"}
{"level":"info","message":"⌛ Validating game.wlk","timeElapsed":319,"timestamp":"2026-06-15T03:46:59.366Z"}
{"level":"info","message":"⌛ Building environment","timeElapsed":214,"timestamp":"2026-06-15T03:46:59.582Z"}
{"level":"info","message":"⌛ Building environment","timeElapsed":357,"timestamp":"2026-06-15T03:46:59.940Z"}
{"level":"info","message":"⌛ Validating game.wlk","timeElapsed":242,"timestamp":"2026-06-15T03:47:00.457Z"}
{"level":"info","message":"⌛ Validating game.wlk","timeElapsed":242,"timestamp":"2026-06-15T03:47:00.715Z"}
{"level":"info","message":"⌛ Building environment","timeElapsed":325,"timestamp":"2026-06-15T03:47:01.044Z"}
{"level":"info","message":"⌛ Validating game.wlk","timeElapsed":279,"timestamp":"2026-06-15T03:47:01.413Z"}
{"level":"error","message":"✘ Failed to rebuild document Failed to parse game.wlk: \n-- PARSING FAILED --------------------------------------------------\n\n  13 | \n  14 |     method nombre() = \"PIEDRA\"\n> 15 | }\n     | ^\n  16 | \n  17 | object papel {\n\nExpected one of the following: \n\n'@', 'class', 'const', 'describe', 'mixin', 'object', 'only', 'package', 'program', 'test', 'var', '{', EOF, comment, not \"}\r\n\r\n\", whitespace\n","stack":"Error: Failed to parse game.wlk: \n-- PARSING FAILED --------------------------------------------------\n\n  13 | \n  14 |     method nombre() = \"PIEDRA\"\n> 15 | }\n     | ^\n  16 | \n  17 | object papel {\n\nExpected one of the following: \n\n'@', 'class', 'const', 'describe', 'mixin', 'object', 'only', 'package', 'program', 'test', 'var', '{', EOF, comment, not \"}\r\n\r\n\", whitespace\n\n    at c:\\Users\\Estudiante\\.vscode\\extensions\\uqbar.wollok-lsp-ide-0.5.4\\out\\server\\src\\server.js:2353:13026\n    at Array.map (<anonymous>)\n    at U1n (c:\\Users\\Estudiante\\.vscode\\extensions\\uqbar.wollok-lsp-ide-0.5.4\\out\\server\\src\\server.js:2353:12950)\n    at H2.buildEnvironmentFrom (c:\\Users\\Estudiante\\.vscode\\extensions\\uqbar.wollok-lsp-ide-0.5.4\\out\\server\\src\\server.js:2398:5254)\n    at H2.updateEnvironmentWith (c:\\Users\\Estudiante\\.vscode\\extensions\\uqbar.wollok-lsp-ide-0.5.4\\out\\server\\src\\server.js:2398:4989)\n    at GF (c:\\Users\\Estudiante\\.vscode\\extensions\\uqbar.wollok-lsp-ide-0.5.4\\out\\server\\src\\server.js:2398:7383)\n    at V3.invoke (c:\\Users\\Estudiante\\.vscode\\extensions\\uqbar.wollok-lsp-ide-0.5.4\\out\\server\\src\\server.js:3:157328)\n    at o.fire (c:\\Users\\Estudiante\\.vscode\\extensions\\uqbar.wollok-lsp-ide-0.5.4\\out\\server\\src\\server.js:3:158098)\n    at c:\\Users\\Estudiante\\.vscode\\extensions\\uqbar.wollok-lsp-ide-0.5.4\\out\\server\\src\\server.js:37:57871\n    at nd (c:\\Users\\Estudiante\\.vscode\\extensions\\uqbar.wollok-lsp-ide-0.5.4\\out\\server\\src\\server.js:8:1561)","timestamp":"2026-06-15T03:47:02.778Z"}
{"level":"error","message":"✘ Failed to rebuild document Failed to parse game.wlk: \n-- PARSING FAILED --------------------------------------------------\n\n  15 | \n  16 |     method nombre() = \"PIEDRA\"\n> 17 | }\n     | ^\n  18 | \n  19 | object papel {\n\nExpected one of the following: \n\n'@', 'class', 'const', 'describe', 'mixin', 'object', 'only', 'package', 'program', 'test', 'var', '{', EOF, comment, not \"}\r\n\r\n\", whitespace\n","stack":"Error: Failed to parse game.wlk: \n-- PARSING FAILED --------------------------------------------------\n\n  15 | \n  16 |     method nombre() = \"PIEDRA\"\n> 17 | }\n     | ^\n  18 | \n  19 | object papel {\n\nExpected one of the following: \n\n'@', 'class', 'const', 'describe', 'mixin', 'object', 'only', 'package', 'program', 'test', 'var', '{', EOF, comment, not \"}\r\n\r\n\", whitespace\n\n    at c:\\Users\\Estudiante\\.vscode\\extensions\\uqbar.wollok-lsp-ide-0.5.4\\out\\server\\src\\server.js:2353:13026\n    at Array.map (<anonymous>)\n    at U1n (c:\\Users\\Estudiante\\.vscode\\extensions\\uqbar.wollok-lsp-ide-0.5.4\\out\\server\\src\\server.js:2353:12950)\n    at H2.buildEnvironmentFrom (c:\\Users\\Estudiante\\.vscode\\extensions\\uqbar.wollok-lsp-ide-0.5.4\\out\\server\\src\\server.js:2398:5254)\n    at H2.updateEnvironmentWith (c:\\Users\\Estudiante\\.vscode\\extensions\\uqbar.wollok-lsp-ide-0.5.4\\out\\server\\src\\server.js:2398:4989)\n    at GF (c:\\Users\\Estudiante\\.vscode\\extensions\\uqbar.wollok-lsp-ide-0.5.4\\out\\server\\src\\server.js:2398:7383)\n    at V3.invoke (c:\\Users\\Estudiante\\.vscode\\extensions\\uqbar.wollok-lsp-ide-0.5.4\\out\\server\\src\\server.js:3:157328)\n    at o.fire (c:\\Users\\Estudiante\\.vscode\\extensions\\uqbar.wollok-lsp-ide-0.5.4\\out\\server\\src\\server.js:3:158098)\n    at c:\\Users\\Estudiante\\.vscode\\extensions\\uqbar.wollok-lsp-ide-0.5.4\\out\\server\\src\\server.js:37:57871\n    at nd (c:\\Users\\Estudiante\\.vscode\\extensions\\uqbar.wollok-lsp-ide-0.5.4\\out\\server\\src\\server.js:8:1561)","timestamp":"2026-06-15T03:47:03.410Z"}
{"level":"error","message":"✘ Failed to rebuild document Failed to parse game.wlk: \n-- PARSING FAILED --------------------------------------------------\n\n   6 |     method image() = \"link imagen\"\n   7 |     method position() = game.at(x,y)\n>  8 | }\n     | ^\n   9 | \n  10 | object piedra {\n\nExpected one of the following: \n\n'@', 'class', 'const', 'describe', 'mixin', 'object', 'only', 'package', 'program', 'test', 'var', '{', EOF, comment, not \"}\r\n\r\n\", whitespace\n","stack":"Error: Failed to parse game.wlk: \n-- PARSING FAILED --------------------------------------------------\n\n   6 |     method image() = \"link imagen\"\n   7 |     method position() = game.at(x,y)\n>  8 | }\n     | ^\n   9 | \n  10 | object piedra {\n\nExpected one of the following: \n\n'@', 'class', 'const', 'describe', 'mixin', 'object', 'only', 'package', 'program', 'test', 'var', '{', EOF, comment, not \"}\r\n\r\n\", whitespace\n\n    at c:\\Users\\Estudiante\\.vscode\\extensions\\uqbar.wollok-lsp-ide-0.5.4\\out\\server\\src\\server.js:2353:13026\n    at Array.map (<anonymous>)\n    at U1n (c:\\Users\\Estudiante\\.vscode\\extensions\\uqbar.wollok-lsp-ide-0.5.4\\out\\server\\src\\server.js:2353:12950)\n    at H2.buildEnvironmentFrom (c:\\Users\\Estudiante\\.vscode\\extensions\\uqbar.wollok-lsp-ide-0.5.4\\out\\server\\src\\server.js:2398:5254)\n    at H2.updateEnvironmentWith (c:\\Users\\Estudiante\\.vscode\\extensions\\uqbar.wollok-lsp-ide-0.5.4\\out\\server\\src\\server.js:2398:4989)\n    at GF (c:\\Users\\Estudiante\\.vscode\\extensions\\uqbar.wollok-lsp-ide-0.5.4\\out\\server\\src\\server.js:2398:7383)\n    at V3.invoke (c:\\Users\\Estudiante\\.vscode\\extensions\\uqbar.wollok-lsp-ide-0.5.4\\out\\server\\src\\server.js:3:157328)\n    at o.fire (c:\\Users\\Estudiante\\.vscode\\extensions\\uqbar.wollok-lsp-ide-0.5.4\\out\\server\\src\\server.js:3:158098)\n    at c:\\Users\\Estudiante\\.vscode\\extensions\\uqbar.wollok-lsp-ide-0.5.4\\out\\server\\src\\server.js:37:57871\n    at nd (c:\\Users\\Estudiante\\.vscode\\extensions\\uqbar.wollok-lsp-ide-0.5.4\\out\\server\\src\\server.js:8:1561)","timestamp":"2026-06-15T03:47:06.707Z"}
{"level":"error","message":"✘ Failed to rebuild document Failed to parse game.wlk: \n-- PARSING FAILED --------------------------------------------------\n\n   6 |     method image() = \"link image\"\n   7 |     method position() = game.at(x,y)\n>  8 | }\n     | ^\n   9 | \n  10 | object piedra {\n\nExpected one of the following: \n\n'@', 'class', 'const', 'describe', 'mixin', 'object', 'only', 'package', 'program', 'test', 'var', '{', EOF, comment, not \"}\r\n\r\n\", whitespace\n","stack":"Error: Failed to parse game.wlk: \n-- PARSING FAILED --------------------------------------------------\n\n   6 |     method image() = \"link image\"\n   7 |     method position() = game.at(x,y)\n>  8 | }\n     | ^\n   9 | \n  10 | object piedra {\n\nExpected one of the following: \n\n'@', 'class', 'const', 'describe', 'mixin', 'object', 'only', 'package', 'program', 'test', 'var', '{', EOF, comment, not \"}\r\n\r\n\", whitespace\n\n    at c:\\Users\\Estudiante\\.vscode\\extensions\\uqbar.wollok-lsp-ide-0.5.4\\out\\server\\src\\server.js:2353:13026\n    at Array.map (<anonymous>)\n    at U1n (c:\\Users\\Estudiante\\.vscode\\extensions\\uqbar.wollok-lsp-ide-0.5.4\\out\\server\\src\\server.js:2353:12950)\n    at H2.buildEnvironmentFrom (c:\\Users\\Estudiante\\.vscode\\extensions\\uqbar.wollok-lsp-ide-0.5.4\\out\\server\\src\\server.js:2398:5254)\n    at H2.updateEnvironmentWith (c:\\Users\\Estudiante\\.vscode\\extensions\\uqbar.wollok-lsp-ide-0.5.4\\out\\server\\src\\server.js:2398:4989)\n    at GF (c:\\Users\\Estudiante\\.vscode\\extensions\\uqbar.wollok-lsp-ide-0.5.4\\out\\server\\src\\server.js:2398:7383)\n    at V3.invoke (c:\\Users\\Estudiante\\.vscode\\extensions\\uqbar.wollok-lsp-ide-0.5.4\\out\\server\\src\\server.js:3:157328)\n    at o.fire (c:\\Users\\Estudiante\\.vscode\\extensions\\uqbar.wollok-lsp-ide-0.5.4\\out\\server\\src\\server.js:3:158098)\n    at c:\\Users\\Estudiante\\.vscode\\extensions\\uqbar.wollok-lsp-ide-0.5.4\\out\\server\\src\\server.js:37:57871\n    at nd (c:\\Users\\Estudiante\\.vscode\\extensions\\uqbar.wollok-lsp-ide-0.5.4\\out\\server\\src\\server.js:8:1561)","timestamp":"2026-06-15T03:47:08.661Z"}
{"level":"error","message":"✘ Failed to rebuild document Failed to parse game.wlk: \n-- PARSING FAILED --------------------------------------------------\n\n   6 |     method image() = \"link imag\"\n   7 |     method position() = game.at(x,y)\n>  8 | }\n     | ^\n   9 | \n  10 | object piedra {\n\nExpected one of the following: \n\n'@', 'class', 'const', 'describe', 'mixin', 'object', 'only', 'package', 'program', 'test', 'var', '{', EOF, comment, not \"}\r\n\r\n\", whitespace\n","stack":"Error: Failed to parse game.wlk: \n-- PARSING FAILED --------------------------------------------------\n\n   6 |     method image() = \"link imag\"\n   7 |     method position() = game.at(x,y)\n>  8 | }\n     | ^\n   9 | \n  10 | object piedra {\n\nExpected one of the following: \n\n'@', 'class', 'const', 'describe', 'mixin', 'object', 'only', 'package', 'program', 'test', 'var', '{', EOF, comment, not \"}\r\n\r\n\", whitespace\n\n    at c:\\Users\\Estudiante\\.vscode\\extensions\\uqbar.wollok-lsp-ide-0.5.4\\out\\server\\src\\server.js:2353:13026\n    at Array.map (<anonymous>)\n    at U1n (c:\\Users\\Estudiante\\.vscode\\extensions\\uqbar.wollok-lsp-ide-0.5.4\\out\\server\\src\\server.js:2353:12950)\n    at H2.buildEnvironmentFrom (c:\\Users\\Estudiante\\.vscode\\extensions\\uqbar.wollok-lsp-ide-0.5.4\\out\\server\\src\\server.js:2398:5254)\n    at H2.updateEnvironmentWith (c:\\Users\\Estudiante\\.vscode\\extensions\\uqbar.wollok-lsp-ide-0.5.4\\out\\server\\src\\server.js:2398:4989)\n    at GF (c:\\Users\\Estudiante\\.vscode\\extensions\\uqbar.wollok-lsp-ide-0.5.4\\out\\server\\src\\server.js:2398:7383)\n    at V3.invoke (c:\\Users\\Estudiante\\.vscode\\extensions\\uqbar.wollok-lsp-ide-0.5.4\\out\\server\\src\\server.js:3:157328)\n    at o.fire (c:\\Users\\Estudiante\\.vscode\\extensions\\uqbar.wollok-lsp-ide-0.5.4\\out\\server\\src\\server.js:3:158098)\n    at c:\\Users\\Estudiante\\.vscode\\extensions\\uqbar.wollok-lsp-ide-0.5.4\\out\\server\\src\\server.js:37:57871\n    at nd (c:\\Users\\Estudiante\\.vscode\\extensions\\uqbar.wollok-lsp-ide-0.5.4\\out\\server\\src\\server.js:8:1561)","timestamp":"2026-06-15T03:47:08.919Z"}
{"level":"error","message":"✘ Failed to rebuild document Failed to parse game.wlk: \n-- PARSING FAILED --------------------------------------------------\n\n   6 |     method image() = \"link ima\"\n   7 |     method position() = game.at(x,y)\n>  8 | }\n     | ^\n   9 | \n  10 | object piedra {\n\nExpected one of the following: \n\n'@', 'class', 'const', 'describe', 'mixin', 'object', 'only', 'package', 'program', 'test', 'var', '{', EOF, comment, not \"}\r\n\r\n\", whitespace\n","stack":"Error: Failed to parse game.wlk: \n-- PARSING FAILED --------------------------------------------------\n\n   6 |     method image() = \"link ima\"\n   7 |     method position() = game.at(x,y)\n>  8 | }\n     | ^\n   9 | \n  10 | object piedra {\n\nExpected one of the following: \n\n'@', 'class', 'const', 'describe', 'mixin', 'object', 'only', 'package', 'program', 'test', 'var', '{', EOF, comment, not \"}\r\n\r\n\", whitespace\n\n    at c:\\Users\\Estudiante\\.vscode\\extensions\\uqbar.wollok-lsp-ide-0.5.4\\out\\server\\src\\server.js:2353:13026\n    at Array.map (<anonymous>)\n    at U1n (c:\\Users\\Estudiante\\.vscode\\extensions\\uqbar.wollok-lsp-ide-0.5.4\\out\\server\\src\\server.js:2353:12950)\n    at H2.buildEnvironmentFrom (c:\\Users\\Estudiante\\.vscode\\extensions\\uqbar.wollok-lsp-ide-0.5.4\\out\\server\\src\\server.js:2398:5254)\n    at H2.updateEnvironmentWith (c:\\Users\\Estudiante\\.vscode\\extensions\\uqbar.wollok-lsp-ide-0.5.4\\out\\server\\src\\server.js:2398:4989)\n    at GF (c:\\Users\\Estudiante\\.vscode\\extensions\\uqbar.wollok-lsp-ide-0.5.4\\out\\server\\src\\server.js:2398:7383)\n    at V3.invoke (c:\\Users\\Estudiante\\.vscode\\extensions\\uqbar.wollok-lsp-ide-0.5.4\\out\\server\\src\\server.js:3:157328)\n    at o.fire (c:\\Users\\Estudiante\\.vscode\\extensions\\uqbar.wollok-lsp-ide-0.5.4\\out\\server\\src\\server.js:3:158098)\n    at c:\\Users\\Estudiante\\.vscode\\extensions\\uqbar.wollok-lsp-ide-0.5.4\\out\\server\\src\\server.js:37:57871\n    at nd (c:\\Users\\Estudiante\\.vscode\\extensions\\uqbar.wollok-lsp-ide-0.5.4\\out\\server\\src\\server.js:8:1561)","timestamp":"2026-06-15T03:47:09.178Z"}
{"level":"error","message":"✘ Failed to rebuild document Failed to parse game.wlk: \n-- PARSING FAILED --------------------------------------------------\n\n   6 |     method image() = \"link im\"\n   7 |     method position() = game.at(x,y)\n>  8 | }\n     | ^\n   9 | \n  10 | object piedra {\n\nExpected one of the following: \n\n'@', 'class', 'const', 'describe', 'mixin', 'object', 'only', 'package', 'program', 'test', 'var', '{', EOF, comment, not \"}\r\n\r\n\", whitespace\n","stack":"Error: Failed to parse game.wlk: \n-- PARSING FAILED --------------------------------------------------\n\n   6 |     method image() = \"link im\"\n   7 |     method position() = game.at(x,y)\n>  8 | }\n     | ^\n   9 | \n  10 | object piedra {\n\nExpected one of the following: \n\n'@', 'class', 'const', 'describe', 'mixin', 'object', 'only', 'package', 'program', 'test', 'var', '{', EOF, comment, not \"}\r\n\r\n\", whitespace\n\n    at c:\\Users\\Estudiante\\.vscode\\extensions\\uqbar.wollok-lsp-ide-0.5.4\\out\\server\\src\\server.js:2353:13026\n    at Array.map (<anonymous>)\n    at U1n (c:\\Users\\Estudiante\\.vscode\\extensions\\uqbar.wollok-lsp-ide-0.5.4\\out\\server\\src\\server.js:2353:12950)\n    at H2.buildEnvironmentFrom (c:\\Users\\Estudiante\\.vscode\\extensions\\uqbar.wollok-lsp-ide-0.5.4\\out\\server\\src\\server.js:2398:5254)\n    at H2.updateEnvironmentWith (c:\\Users\\Estudiante\\.vscode\\extensions\\uqbar.wollok-lsp-ide-0.5.4\\out\\server\\src\\server.js:2398:4989)\n    at GF (c:\\Users\\Estudiante\\.vscode\\extensions\\uqbar.wollok-lsp-ide-0.5.4\\out\\server\\src\\server.js:2398:7383)\n    at V3.invoke (c:\\Users\\Estudiante\\.vscode\\extensions\\uqbar.wollok-lsp-ide-0.5.4\\out\\server\\src\\server.js:3:157328)\n    at o.fire (c:\\Users\\Estudiante\\.vscode\\extensions\\uqbar.wollok-lsp-ide-0.5.4\\out\\server\\src\\server.js:3:158098)\n    at c:\\Users\\Estudiante\\.vscode\\extensions\\uqbar.wollok-lsp-ide-0.5.4\\out\\server\\src\\server.js:37:57871\n    at nd (c:\\Users\\Estudiante\\.vscode\\extensions\\uqbar.wollok-lsp-ide-0.5.4\\out\\server\\src\\server.js:8:1561)","timestamp":"2026-06-15T03:47:09.390Z"}
{"level":"error","message":"✘ Failed to rebuild document Failed to parse game.wlk: \n-- PARSING FAILED --------------------------------------------------\n\n   6 |     method image() = \"link i\"\n   7 |     method position() = game.at(x,y)\n>  8 | }\n     | ^\n   9 | \n  10 | object piedra {\n\nExpected one of the following: \n\n'@', 'class', 'const', 'describe', 'mixin', 'object', 'only', 'package', 'program', 'test', 'var', '{', EOF, comment, not \"}\r\n\r\n\", whitespace\n","stack":"Error: Failed to parse game.wlk: \n-- PARSING FAILED --------------------------------------------------\n\n   6 |     method image() = \"link i\"\n   7 |     method position() = game.at(x,y)\n>  8 | }\n     | ^\n   9 | \n  10 | object piedra {\n\nExpected one of the following: \n\n'@', 'class', 'const', 'describe', 'mixin', 'object', 'only', 'package', 'program', 'test', 'var', '{', EOF, comment, not \"}\r\n\r\n\", whitespace\n\n    at c:\\Users\\Estudiante\\.vscode\\extensions\\uqbar.wollok-lsp-ide-0.5.4\\out\\server\\src\\server.js:2353:13026\n    at Array.map (<anonymous>)\n    at U1n (c:\\Users\\Estudiante\\.vscode\\extensions\\uqbar.wollok-lsp-ide-0.5.4\\out\\server\\src\\server.js:2353:12950)\n    at H2.buildEnvironmentFrom (c:\\Users\\Estudiante\\.vscode\\extensions\\uqbar.wollok-lsp-ide-0.5.4\\out\\server\\src\\server.js:2398:5254)\n    at H2.updateEnvironmentWith (c:\\Users\\Estudiante\\.vscode\\extensions\\uqbar.wollok-lsp-ide-0.5.4\\out\\server\\src\\server.js:2398:4989)\n    at GF (c:\\Users\\Estudiante\\.vscode\\extensions\\uqbar.wollok-lsp-ide-0.5.4\\out\\server\\src\\server.js:2398:7383)\n    at V3.invoke (c:\\Users\\Estudiante\\.vscode\\extensions\\uqbar.wollok-lsp-ide-0.5.4\\out\\server\\src\\server.js:3:157328)\n    at o.fire (c:\\Users\\Estudiante\\.vscode\\extensions\\uqbar.wollok-lsp-ide-0.5.4\\out\\server\\src\\server.js:3:158098)\n    at c:\\Users\\Estudiante\\.vscode\\extensions\\uqbar.wollok-lsp-ide-0.5.4\\out\\server\\src\\server.js:37:57871\n    at nd (c:\\Users\\Estudiante\\.vscode\\extensions\\uqbar.wollok-lsp-ide-0.5.4\\out\\server\\src\\server.js:8:1561)","timestamp":"2026-06-15T03:47:09.594Z"}
{"level":"error","message":"✘ Failed to rebuild document Failed to parse game.wlk: \n-- PARSING FAILED --------------------------------------------------\n\n   6 |     method image() = \"link \"\n   7 |     method position() = game.at(x,y)\n>  8 | }\n     | ^\n   9 | \n  10 | object piedra {\n\nExpected one of the following: \n\n'@', 'class', 'const', 'describe', 'mixin', 'object', 'only', 'package', 'program', 'test', 'var', '{', EOF, comment, not \"}\r\n\r\n\", whitespace\n","stack":"Error: Failed to parse game.wlk: \n-- PARSING FAILED --------------------------------------------------\n\n   6 |     method image() = \"link \"\n   7 |     method position() = game.at(x,y)\n>  8 | }\n     | ^\n   9 | \n  10 | object piedra {\n\nExpected one of the following: \n\n'@', 'class', 'const', 'describe', 'mixin', 'object', 'only', 'package', 'program', 'test', 'var', '{', EOF, comment, not \"}\r\n\r\n\", whitespace\n\n    at c:\\Users\\Estudiante\\.vscode\\extensions\\uqbar.wollok-lsp-ide-0.5.4\\out\\server\\src\\server.js:2353:13026\n    at Array.map (<anonymous>)\n    at U1n (c:\\Users\\Estudiante\\.vscode\\extensions\\uqbar.wollok-lsp-ide-0.5.4\\out\\server\\src\\server.js:2353:12950)\n    at H2.buildEnvironmentFrom (c:\\Users\\Estudiante\\.vscode\\extensions\\uqbar.wollok-lsp-ide-0.5.4\\out\\server\\src\\server.js:2398:5254)\n    at H2.updateEnvironmentWith (c:\\Users\\Estudiante\\.vscode\\extensions\\uqbar.wollok-lsp-ide-0.5.4\\out\\server\\src\\server.js:2398:4989)\n    at GF (c:\\Users\\Estudiante\\.vscode\\extensions\\uqbar.wollok-lsp-ide-0.5.4\\out\\server\\src\\server.js:2398:7383)\n    at V3.invoke (c:\\Users\\Estudiante\\.vscode\\extensions\\uqbar.wollok-lsp-ide-0.5.4\\out\\server\\src\\server.js:3:157328)\n    at o.fire (c:\\Users\\Estudiante\\.vscode\\extensions\\uqbar.wollok-lsp-ide-0.5.4\\out\\server\\src\\server.js:3:158098)\n    at c:\\Users\\Estudiante\\.vscode\\extensions\\uqbar.wollok-lsp-ide-0.5.4\\out\\server\\src\\server.js:37:57871\n    at nd (c:\\Users\\Estudiante\\.vscode\\extensions\\uqbar.wollok-lsp-ide-0.5.4\\out\\server\\src\\server.js:8:1561)","timestamp":"2026-06-15T03:47:09.782Z"}
{"level":"error","message":"✘ Failed to rebuild document Failed to parse game.wlk: \n-- PARSING FAILED --------------------------------------------------\n\n   6 |     method image() = \"link\"\n   7 |     method position() = game.at(x,y)\n>  8 | }\n     | ^\n   9 | \n  10 | object piedra {\n\nExpected one of the following: \n\n'@', 'class', 'const', 'describe', 'mixin', 'object', 'only', 'package', 'program', 'test', 'var', '{', EOF, comment, not \"}\r\n\r\n\", whitespace\n","stack":"Error: Failed to parse game.wlk: \n-- PARSING FAILED --------------------------------------------------\n\n   6 |     method image() = \"link\"\n   7 |     method position() = game.at(x,y)\n>  8 | }\n     | ^\n   9 | \n  10 | object piedra {\n\nExpected one of the following: \n\n'@', 'class', 'const', 'describe', 'mixin', 'object', 'only', 'package', 'program', 'test', 'var', '{', EOF, comment, not \"}\r\n\r\n\", whitespace\n\n    at c:\\Users\\Estudiante\\.vscode\\extensions\\uqbar.wollok-lsp-ide-0.5.4\\out\\server\\src\\server.js:2353:13026\n    at Array.map (<anonymous>)\n    at U1n (c:\\Users\\Estudiante\\.vscode\\extensions\\uqbar.wollok-lsp-ide-0.5.4\\out\\server\\src\\server.js:2353:12950)\n    at H2.buildEnvironmentFrom (c:\\Users\\Estudiante\\.vscode\\extensions\\uqbar.wollok-lsp-ide-0.5.4\\out\\server\\src\\server.js:2398:5254)\n    at H2.updateEnvironmentWith (c:\\Users\\Estudiante\\.vscode\\extensions\\uqbar.wollok-lsp-ide-0.5.4\\out\\server\\src\\server.js:2398:4989)\n    at GF (c:\\Users\\Estudiante\\.vscode\\extensions\\uqbar.wollok-lsp-ide-0.5.4\\out\\server\\src\\server.js:2398:7383)\n    at V3.invoke (c:\\Users\\Estudiante\\.vscode\\extensions\\uqbar.wollok-lsp-ide-0.5.4\\out\\server\\src\\server.js:3:157328)\n    at o.fire (c:\\Users\\Estudiante\\.vscode\\extensions\\uqbar.wollok-lsp-ide-0.5.4\\out\\server\\src\\server.js:3:158098)\n    at c:\\Users\\Estudiante\\.vscode\\extensions\\uqbar.wollok-lsp-ide-0.5.4\\out\\server\\src\\server.js:37:57871\n    at nd (c:\\Users\\Estudiante\\.vscode\\extensions\\uqbar.wollok-lsp-ide-0.5.4\\out\\server\\src\\server.js:8:1561)","timestamp":"2026-06-15T03:47:10.058Z"}
{"level":"error","message":"✘ Failed to rebuild document Failed to parse game.wlk: \n-- PARSING FAILED --------------------------------------------------\n\n   6 |     method image() = \"lin\"\n   7 |     method position() = game.at(x,y)\n>  8 | }\n     | ^\n   9 | \n  10 | object piedra {\n\nExpected one of the following: \n\n'@', 'class', 'const', 'describe', 'mixin', 'object', 'only', 'package', 'program', 'test', 'var', '{', EOF, comment, not \"}\r\n\r\n\", whitespace\n","stack":"Error: Failed to parse game.wlk: \n-- PARSING FAILED --------------------------------------------------\n\n   6 |     method image() = \"lin\"\n   7 |     method position() = game.at(x,y)\n>  8 | }\n     | ^\n   9 | \n  10 | object piedra {\n\nExpected one of the following: \n\n'@', 'class', 'const', 'describe', 'mixin', 'object', 'only', 'package', 'program', 'test', 'var', '{', EOF, comment, not \"}\r\n\r\n\", whitespace\n\n    at c:\\Users\\Estudiante\\.vscode\\extensions\\uqbar.wollok-lsp-ide-0.5.4\\out\\server\\src\\server.js:2353:13026\n    at Array.map (<anonymous>)\n    at U1n (c:\\Users\\Estudiante\\.vscode\\extensions\\uqbar.wollok-lsp-ide-0.5.4\\out\\server\\src\\server.js:2353:12950)\n    at H2.buildEnvironmentFrom (c:\\Users\\Estudiante\\.vscode\\extensions\\uqbar.wollok-lsp-ide-0.5.4\\out\\server\\src\\server.js:2398:5254)\n    at H2.updateEnvironmentWith (c:\\Users\\Estudiante\\.vscode\\extensions\\uqbar.wollok-lsp-ide-0.5.4\\out\\server\\src\\server.js:2398:4989)\n    at GF (c:\\Users\\Estudiante\\.vscode\\extensions\\uqbar.wollok-lsp-ide-0.5.4\\out\\server\\src\\server.js:2398:7383)\n    at V3.invoke (c:\\Users\\Estudiante\\.vscode\\extensions\\uqbar.wollok-lsp-ide-0.5.4\\out\\server\\src\\server.js:3:157328)\n    at o.fire (c:\\Users\\Estudiante\\.vscode\\extensions\\uqbar.wollok-lsp-ide-0.5.4\\out\\server\\src\\server.js:3:158098)\n    at c:\\Users\\Estudiante\\.vscode\\extensions\\uqbar.wollok-lsp-ide-0.5.4\\out\\server\\src\\server.js:37:57871\n    at nd (c:\\Users\\Estudiante\\.vscode\\extensions\\uqbar.wollok-lsp-ide-0.5.4\\out\\server\\src\\server.js:8:1561)","timestamp":"2026-06-15T03:47:10.311Z"}
{"level":"error","message":"✘ Failed to rebuild document Failed to parse game.wlk: \n-- PARSING FAILED --------------------------------------------------\n\n   6 |     method image() = \"li\"\n   7 |     method position() = game.at(x,y)\n>  8 | }\n     | ^\n   9 | \n  10 | object piedra {\n\nExpected one of the following: \n\n'@', 'class', 'const', 'describe', 'mixin', 'object', 'only', 'package', 'program', 'test', 'var', '{', EOF, comment, not \"}\r\n\r\n\", whitespace\n","stack":"Error: Failed to parse game.wlk: \n-- PARSING FAILED --------------------------------------------------\n\n   6 |     method image() = \"li\"\n   7 |     method position() = game.at(x,y)\n>  8 | }\n     | ^\n   9 | \n  10 | object piedra {\n\nExpected one of the following: \n\n'@', 'class', 'const', 'describe', 'mixin', 'object', 'only', 'package', 'program', 'test', 'var', '{', EOF, comment, not \"}\r\n\r\n\", whitespace\n\n    at c:\\Users\\Estudiante\\.vscode\\extensions\\uqbar.wollok-lsp-ide-0.5.4\\out\\server\\src\\server.js:2353:13026\n    at Array.map (<anonymous>)\n    at U1n (c:\\Users\\Estudiante\\.vscode\\extensions\\uqbar.wollok-lsp-ide-0.5.4\\out\\server\\src\\server.js:2353:12950)\n    at H2.buildEnvironmentFrom (c:\\Users\\Estudiante\\.vscode\\extensions\\uqbar.wollok-lsp-ide-0.5.4\\out\\server\\src\\server.js:2398:5254)\n    at H2.updateEnvironmentWith (c:\\Users\\Estudiante\\.vscode\\extensions\\uqbar.wollok-lsp-ide-0.5.4\\out\\server\\src\\server.js:2398:4989)\n    at GF (c:\\Users\\Estudiante\\.vscode\\extensions\\uqbar.wollok-lsp-ide-0.5.4\\out\\server\\src\\server.js:2398:7383)\n    at V3.invoke (c:\\Users\\Estudiante\\.vscode\\extensions\\uqbar.wollok-lsp-ide-0.5.4\\out\\server\\src\\server.js:3:157328)\n    at o.fire (c:\\Users\\Estudiante\\.vscode\\extensions\\uqbar.wollok-lsp-ide-0.5.4\\out\\server\\src\\server.js:3:158098)\n    at c:\\Users\\Estudiante\\.vscode\\extensions\\uqbar.wollok-lsp-ide-0.5.4\\out\\server\\src\\server.js:37:57871\n    at nd (c:\\Users\\Estudiante\\.vscode\\extensions\\uqbar.wollok-lsp-ide-0.5.4\\out\\server\\src\\server.js:8:1561)","timestamp":"2026-06-15T03:47:10.690Z"}
{"level":"error","message":"✘ Failed to rebuild document Failed to parse game.wlk: \n-- PARSING FAILED --------------------------------------------------\n\n   6 |     method image() = \"l\"\n   7 |     method position() = game.at(x,y)\n>  8 | }\n     | ^\n   9 | \n  10 | object piedra {\n\nExpected one of the following: \n\n'@', 'class', 'const', 'describe', 'mixin', 'object', 'only', 'package', 'program', 'test', 'var', '{', EOF, comment, not \"}\r\n\r\n\", whitespace\n","stack":"Error: Failed to parse game.wlk: \n-- PARSING FAILED --------------------------------------------------\n\n   6 |     method image() = \"l\"\n   7 |     method position() = game.at(x,y)\n>  8 | }\n     | ^\n   9 | \n  10 | object piedra {\n\nExpected one of the following: \n\n'@', 'class', 'const', 'describe', 'mixin', 'object', 'only', 'package', 'program', 'test', 'var', '{', EOF, comment, not \"}\r\n\r\n\", whitespace\n\n    at c:\\Users\\Estudiante\\.vscode\\extensions\\uqbar.wollok-lsp-ide-0.5.4\\out\\server\\src\\server.js:2353:13026\n    at Array.map (<anonymous>)\n    at U1n (c:\\Users\\Estudiante\\.vscode\\extensions\\uqbar.wollok-lsp-ide-0.5.4\\out\\server\\src\\server.js:2353:12950)\n    at H2.buildEnvironmentFrom (c:\\Users\\Estudiante\\.vscode\\extensions\\uqbar.wollok-lsp-ide-0.5.4\\out\\server\\src\\server.js:2398:5254)\n    at H2.updateEnvironmentWith (c:\\Users\\Estudiante\\.vscode\\extensions\\uqbar.wollok-lsp-ide-0.5.4\\out\\server\\src\\server.js:2398:4989)\n    at GF (c:\\Users\\Estudiante\\.vscode\\extensions\\uqbar.wollok-lsp-ide-0.5.4\\out\\server\\src\\server.js:2398:7383)\n    at V3.invoke (c:\\Users\\Estudiante\\.vscode\\extensions\\uqbar.wollok-lsp-ide-0.5.4\\out\\server\\src\\server.js:3:157328)\n    at o.fire (c:\\Users\\Estudiante\\.vscode\\extensions\\uqbar.wollok-lsp-ide-0.5.4\\out\\server\\src\\server.js:3:158098)\n    at c:\\Users\\Estudiante\\.vscode\\extensions\\uqbar.wollok-lsp-ide-0.5.4\\out\\server\\src\\server.js:37:57871\n    at nd (c:\\Users\\Estudiante\\.vscode\\extensions\\uqbar.wollok-lsp-ide-0.5.4\\out\\server\\src\\server.js:8:1561)","timestamp":"2026-06-15T03:47:11.406Z"}
{"level":"error","message":"✘ Failed to rebuild document Failed to parse game.wlk: \n-- PARSING FAILED --------------------------------------------------\n\n   6 |     method image() = \"\"\n   7 |     method position() = game.at(x,y)\n>  8 | }\n     | ^\n   9 | \n  10 | object piedra {\n\nExpected one of the following: \n\n'@', 'class', 'const', 'describe', 'mixin', 'object', 'only', 'package', 'program', 'test', 'var', '{', EOF, comment, not \"}\r\n\r\n\", whitespace\n","stack":"Error: Failed to parse game.wlk: \n-- PARSING FAILED --------------------------------------------------\n\n   6 |     method image() = \"\"\n   7 |     method position() = game.at(x,y)\n>  8 | }\n     | ^\n   9 | \n  10 | object piedra {\n\nExpected one of the following: \n\n'@', 'class', 'const', 'describe', 'mixin', 'object', 'only', 'package', 'program', 'test', 'var', '{', EOF, comment, not \"}\r\n\r\n\", whitespace\n\n    at c:\\Users\\Estudiante\\.vscode\\extensions\\uqbar.wollok-lsp-ide-0.5.4\\out\\server\\src\\server.js:2353:13026\n    at Array.map (<anonymous>)\n    at U1n (c:\\Users\\Estudiante\\.vscode\\extensions\\uqbar.wollok-lsp-ide-0.5.4\\out\\server\\src\\server.js:2353:12950)\n    at H2.buildEnvironmentFrom (c:\\Users\\Estudiante\\.vscode\\extensions\\uqbar.wollok-lsp-ide-0.5.4\\out\\server\\src\\server.js:2398:5254)\n    at H2.updateEnvironmentWith (c:\\Users\\Estudiante\\.vscode\\extensions\\uqbar.wollok-lsp-ide-0.5.4\\out\\server\\src\\server.js:2398:4989)\n    at GF (c:\\Users\\Estudiante\\.vscode\\extensions\\uqbar.wollok-lsp-ide-0.5.4\\out\\server\\src\\server.js:2398:7383)\n    at V3.invoke (c:\\Users\\Estudiante\\.vscode\\extensions\\uqbar.wollok-lsp-ide-0.5.4\\out\\server\\src\\server.js:3:157328)\n    at o.fire (c:\\Users\\Estudiante\\.vscode\\extensions\\uqbar.wollok-lsp-ide-0.5.4\\out\\server\\src\\server.js:3:158098)\n    at c:\\Users\\Estudiante\\.vscode\\extensions\\uqbar.wollok-lsp-ide-0.5.4\\out\\server\\src\\server.js:37:57871\n    at nd (c:\\Users\\Estudiante\\.vscode\\extensions\\uqbar.wollok-lsp-ide-0.5.4\\out\\server\\src\\server.js:8:1561)","timestamp":"2026-06-15T03:47:11.910Z"}
{"level":"error","message":"✘ Failed to rebuild document Failed to parse game.wlk: \n-- PARSING FAILED --------------------------------------------------\n\n   6 |     method image() = \"d\"\n   7 |     method position() = game.at(x,y)\n>  8 | }\n     | ^\n   9 | \n  10 | object piedra {\n\nExpected one of the following: \n\n'@', 'class', 'const', 'describe', 'mixin', 'object', 'only', 'package', 'program', 'test', 'var', '{', EOF, comment, not \"}\r\n\r\n\", whitespace\n","stack":"Error: Failed to parse game.wlk: \n-- PARSING FAILED --------------------------------------------------\n\n   6 |     method image() = \"d\"\n   7 |     method position() = game.at(x,y)\n>  8 | }\n     | ^\n   9 | \n  10 | object piedra {\n\nExpected one of the following: \n\n'@', 'class', 'const', 'describe', 'mixin', 'object', 'only', 'package', 'program', 'test', 'var', '{', EOF, comment, not \"}\r\n\r\n\", whitespace\n\n    at c:\\Users\\Estudiante\\.vscode\\extensions\\uqbar.wollok-lsp-ide-0.5.4\\out\\server\\src\\server.js:2353:13026\n    at Array.map (<anonymous>)\n    at U1n (c:\\Users\\Estudiante\\.vscode\\extensions\\uqbar.wollok-lsp-ide-0.5.4\\out\\server\\src\\server.js:2353:12950)\n    at H2.buildEnvironmentFrom (c:\\Users\\Estudiante\\.vscode\\extensions\\uqbar.wollok-lsp-ide-0.5.4\\out\\server\\src\\server.js:2398:5254)\n    at H2.updateEnvironmentWith (c:\\Users\\Estudiante\\.vscode\\extensions\\uqbar.wollok-lsp-ide-0.5.4\\out\\server\\src\\server.js:2398:4989)\n    at GF (c:\\Users\\Estudiante\\.vscode\\extensions\\uqbar.wollok-lsp-ide-0.5.4\\out\\server\\src\\server.js:2398:7383)\n    at V3.invoke (c:\\Users\\Estudiante\\.vscode\\extensions\\uqbar.wollok-lsp-ide-0.5.4\\out\\server\\src\\server.js:3:157328)\n    at o.fire (c:\\Users\\Estudiante\\.vscode\\extensions\\uqbar.wollok-lsp-ide-0.5.4\\out\\server\\src\\server.js:3:158098)\n    at c:\\Users\\Estudiante\\.vscode\\extensions\\uqbar.wollok-lsp-ide-0.5.4\\out\\server\\src\\server.js:37:57871\n    at nd (c:\\Users\\Estudiante\\.vscode\\extensions\\uqbar.wollok-lsp-ide-0.5.4\\out\\server\\src\\server.js:8:1561)","timestamp":"2026-06-15T03:47:13.443Z"}
{"level":"error","message":"✘ Failed to rebuild document Failed to parse game.wlk: \n-- PARSING FAILED --------------------------------------------------\n\n   6 |     method image() = \"du\"\n   7 |     method position() = game.at(x,y)\n>  8 | }\n     | ^\n   9 | \n  10 | object piedra {\n\nExpected one of the following: \n\n'@', 'class', 'const', 'describe', 'mixin', 'object', 'only', 'package', 'program', 'test', 'var', '{', EOF, comment, not \"}\r\n\r\n\", whitespace\n","stack":"Error: Failed to parse game.wlk: \n-- PARSING FAILED --------------------------------------------------\n\n   6 |     method image() = \"du\"\n   7 |     method position() = game.at(x,y)\n>  8 | }\n     | ^\n   9 | \n  10 | object piedra {\n\nExpected one of the following: \n\n'@', 'class', 'const', 'describe', 'mixin', 'object', 'only', 'package', 'program', 'test', 'var', '{', EOF, comment, not \"}\r\n\r\n\", whitespace\n\n    at c:\\Users\\Estudiante\\.vscode\\extensions\\uqbar.wollok-lsp-ide-0.5.4\\out\\server\\src\\server.js:2353:13026\n    at Array.map (<anonymous>)\n    at U1n (c:\\Users\\Estudiante\\.vscode\\extensions\\uqbar.wollok-lsp-ide-0.5.4\\out\\server\\src\\server.js:2353:12950)\n    at H2.buildEnvironmentFrom (c:\\Users\\Estudiante\\.vscode\\extensions\\uqbar.wollok-lsp-ide-0.5.4\\out\\server\\src\\server.js:2398:5254)\n    at H2.updateEnvironmentWith (c:\\Users\\Estudiante\\.vscode\\extensions\\uqbar.wollok-lsp-ide-0.5.4\\out\\server\\src\\server.js:2398:4989)\n    at GF (c:\\Users\\Estudiante\\.vscode\\extensions\\uqbar.wollok-lsp-ide-0.5.4\\out\\server\\src\\server.js:2398:7383)\n    at V3.invoke (c:\\Users\\Estudiante\\.vscode\\extensions\\uqbar.wollok-lsp-ide-0.5.4\\out\\server\\src\\server.js:3:157328)\n    at o.fire (c:\\Users\\Estudiante\\.vscode\\extensions\\uqbar.wollok-lsp-ide-0.5.4\\out\\server\\src\\server.js:3:158098)\n    at c:\\Users\\Estudiante\\.vscode\\extensions\\uqbar.wollok-lsp-ide-0.5.4\\out\\server\\src\\server.js:37:57871\n    at nd (c:\\Users\\Estudiante\\.vscode\\extensions\\uqbar.wollok-lsp-ide-0.5.4\\out\\server\\src\\server.js:8:1561)","timestamp":"2026-06-15T03:47:13.571Z"}
{"level":"error","message":"✘ Failed to rebuild document Failed to parse game.wlk: \n-- PARSING FAILED --------------------------------------------------\n\n   6 |     method image() = \"dud\"\n   7 |     method position() = game.at(x,y)\n>  8 | }\n     | ^\n   9 | \n  10 | object piedra {\n\nExpected one of the following: \n\n'@', 'class', 'const', 'describe', 'mixin', 'object', 'only', 'package', 'program', 'test', 'var', '{', EOF, comment, not \"}\r\n\r\n\", whitespace\n","stack":"Error: Failed to parse game.wlk: \n-- PARSING FAILED --------------------------------------------------\n\n   6 |     method image() = \"dud\"\n   7 |     method position() = game.at(x,y)\n>  8 | }\n     | ^\n   9 | \n  10 | object piedra {\n\nExpected one of the following: \n\n'@', 'class', 'const', 'describe', 'mixin', 'object', 'only', 'package', 'program', 'test', 'var', '{', EOF, comment, not \"}\r\n\r\n\", whitespace\n\n    at c:\\Users\\Estudiante\\.vscode\\extensions\\uqbar.wollok-lsp-ide-0.5.4\\out\\server\\src\\server.js:2353:13026\n    at Array.map (<anonymous>)\n    at U1n (c:\\Users\\Estudiante\\.vscode\\extensions\\uqbar.wollok-lsp-ide-0.5.4\\out\\server\\src\\server.js:2353:12950)\n    at H2.buildEnvironmentFrom (c:\\Users\\Estudiante\\.vscode\\extensions\\uqbar.wollok-lsp-ide-0.5.4\\out\\server\\src\\server.js:2398:5254)\n    at H2.updateEnvironmentWith (c:\\Users\\Estudiante\\.vscode\\extensions\\uqbar.wollok-lsp-ide-0.5.4\\out\\server\\src\\server.js:2398:4989)\n    at GF (c:\\Users\\Estudiante\\.vscode\\extensions\\uqbar.wollok-lsp-ide-0.5.4\\out\\server\\src\\server.js:2398:7383)\n    at V3.invoke (c:\\Users\\Estudiante\\.vscode\\extensions\\uqbar.wollok-lsp-ide-0.5.4\\out\\server\\src\\server.js:3:157328)\n    at o.fire (c:\\Users\\Estudiante\\.vscode\\extensions\\uqbar.wollok-lsp-ide-0.5.4\\out\\server\\src\\server.js:3:158098)\n    at c:\\Users\\Estudiante\\.vscode\\extensions\\uqbar.wollok-lsp-ide-0.5.4\\out\\server\\src\\server.js:37:57871\n    at nd (c:\\Users\\Estudiante\\.vscode\\extensions\\uqbar.wollok-lsp-ide-0.5.4\\out\\server\\src\\server.js:8:1561)","timestamp":"2026-06-15T03:47:14.320Z"}
{"level":"error","message":"✘ Failed to rebuild document Failed to parse game.wlk: \n-- PARSING FAILED --------------------------------------------------\n\n   6 |     method image() = \"dude\"\n   7 |     method position() = game.at(x,y)\n>  8 | }\n     | ^\n   9 | \n  10 | object piedra {\n\nExpected one of the following: \n\n'@', 'class', 'const', 'describe', 'mixin', 'object', 'only', 'package', 'program', 'test', 'var', '{', EOF, comment, not \"}\r\n\r\n\", whitespace\n","stack":"Error: Failed to parse game.wlk: \n-- PARSING FAILED --------------------------------------------------\n\n   6 |     method image() = \"dude\"\n   7 |     method position() = game.at(x,y)\n>  8 | }\n     | ^\n   9 | \n  10 | object piedra {\n\nExpected one of the following: \n\n'@', 'class', 'const', 'describe', 'mixin', 'object', 'only', 'package', 'program', 'test', 'var', '{', EOF, comment, not \"}\r\n\r\n\", whitespace\n\n    at c:\\Users\\Estudiante\\.vscode\\extensions\\uqbar.wollok-lsp-ide-0.5.4\\out\\server\\src\\server.js:2353:13026\n    at Array.map (<anonymous>)\n    at U1n (c:\\Users\\Estudiante\\.vscode\\extensions\\uqbar.wollok-lsp-ide-0.5.4\\out\\server\\src\\server.js:2353:12950)\n    at H2.buildEnvironmentFrom (c:\\Users\\Estudiante\\.vscode\\extensions\\uqbar.wollok-lsp-ide-0.5.4\\out\\server\\src\\server.js:2398:5254)\n    at H2.updateEnvironmentWith (c:\\Users\\Estudiante\\.vscode\\extensions\\uqbar.wollok-lsp-ide-0.5.4\\out\\server\\src\\server.js:2398:4989)\n    at GF (c:\\Users\\Estudiante\\.vscode\\extensions\\uqbar.wollok-lsp-ide-0.5.4\\out\\server\\src\\server.js:2398:7383)\n    at V3.invoke (c:\\Users\\Estudiante\\.vscode\\extensions\\uqbar.wollok-lsp-ide-0.5.4\\out\\server\\src\\server.js:3:157328)\n    at o.fire (c:\\Users\\Estudiante\\.vscode\\extensions\\uqbar.wollok-lsp-ide-0.5.4\\out\\server\\src\\server.js:3:158098)\n    at c:\\Users\\Estudiante\\.vscode\\extensions\\uqbar.wollok-lsp-ide-0.5.4\\out\\server\\src\\server.js:37:57871\n    at nd (c:\\Users\\Estudiante\\.vscode\\extensions\\uqbar.wollok-lsp-ide-0.5.4\\out\\server\\src\\server.js:8:1561)","timestamp":"2026-06-15T03:47:14.431Z"}
{"level":"error","message":"✘ Failed to rebuild document Failed to parse game.wlk: \n-- PARSING FAILED --------------------------------------------------\n\n   6 |     method image() = \"dude.png\"\n   7 |     method position() = game.at(x,y)\n>  8 | }\n     | ^\n   9 | \n  10 | object piedra {\n\nExpected one of the following: \n\n'@', 'class', 'const', 'describe', 'mixin', 'object', 'only', 'package', 'program', 'test', 'var', '{', EOF, comment, not \"}\r\n\r\n\", whitespace\n","stack":"Error: Failed to parse game.wlk: \n-- PARSING FAILED --------------------------------------------------\n\n   6 |     method image() = \"dude.png\"\n   7 |     method position() = game.at(x,y)\n>  8 | }\n     | ^\n   9 | \n  10 | object piedra {\n\nExpected one of the following: \n\n'@', 'class', 'const', 'describe', 'mixin', 'object', 'only', 'package', 'program', 'test', 'var', '{', EOF, comment, not \"}\r\n\r\n\", whitespace\n\n    at c:\\Users\\Estudiante\\.vscode\\extensions\\uqbar.wollok-lsp-ide-0.5.4\\out\\server\\src\\server.js:2353:13026\n    at Array.map (<anonymous>)\n    at U1n (c:\\Users\\Estudiante\\.vscode\\extensions\\uqbar.wollok-lsp-ide-0.5.4\\out\\server\\src\\server.js:2353:12950)\n    at H2.buildEnvironmentFrom (c:\\Users\\Estudiante\\.vscode\\extensions\\uqbar.wollok-lsp-ide-0.5.4\\out\\server\\src\\server.js:2398:5254)\n    at H2.updateEnvironmentWith (c:\\Users\\Estudiante\\.vscode\\extensions\\uqbar.wollok-lsp-ide-0.5.4\\out\\server\\src\\server.js:2398:4989)\n    at GF (c:\\Users\\Estudiante\\.vscode\\extensions\\uqbar.wollok-lsp-ide-0.5.4\\out\\server\\src\\server.js:2398:7383)\n    at V3.invoke (c:\\Users\\Estudiante\\.vscode\\extensions\\uqbar.wollok-lsp-ide-0.5.4\\out\\server\\src\\server.js:3:157328)\n    at o.fire (c:\\Users\\Estudiante\\.vscode\\extensions\\uqbar.wollok-lsp-ide-0.5.4\\out\\server\\src\\server.js:3:158098)\n    at c:\\Users\\Estudiante\\.vscode\\extensions\\uqbar.wollok-lsp-ide-0.5.4\\out\\server\\src\\server.js:37:57871\n    at nd (c:\\Users\\Estudiante\\.vscode\\extensions\\uqbar.wollok-lsp-ide-0.5.4\\out\\server\\src\\server.js:8:1561)","timestamp":"2026-06-15T03:47:15.186Z"}
{"level":"error","message":"✘ Failed to rebuild document Failed to parse game.wlk: \n-- PARSING FAILED --------------------------------------------------\n\n   6 |     method image() = \"dude.png\"\n   7 |     method position() = game.at(x,y)\n>  8 | }\n     | ^\n   9 | \n  10 | object piedra {\n\nExpected one of the following: \n\n'@', 'class', 'const', 'describe', 'mixin', 'object', 'only', 'package', 'program', 'test', 'var', '{', EOF, comment, not \"}\r\n\r\n\", whitespace\n","stack":"Error: Failed to parse game.wlk: \n-- PARSING FAILED --------------------------------------------------\n\n   6 |     method image() = \"dude.png\"\n   7 |     method position() = game.at(x,y)\n>  8 | }\n     | ^\n   9 | \n  10 | object piedra {\n\nExpected one of the following: \n\n'@', 'class', 'const', 'describe', 'mixin', 'object', 'only', 'package', 'program', 'test', 'var', '{', EOF, comment, not \"}\r\n\r\n\", whitespace\n\n    at c:\\Users\\Estudiante\\.vscode\\extensions\\uqbar.wollok-lsp-ide-0.5.4\\out\\server\\src\\server.js:2353:13026\n    at Array.map (<anonymous>)\n    at U1n (c:\\Users\\Estudiante\\.vscode\\extensions\\uqbar.wollok-lsp-ide-0.5.4\\out\\server\\src\\server.js:2353:12950)\n    at H2.buildEnvironmentFrom (c:\\Users\\Estudiante\\.vscode\\extensions\\uqbar.wollok-lsp-ide-0.5.4\\out\\server\\src\\server.js:2398:5254)\n    at H2.updateEnvironmentWith (c:\\Users\\Estudiante\\.vscode\\extensions\\uqbar.wollok-lsp-ide-0.5.4\\out\\server\\src\\server.js:2398:4989)\n    at GF (c:\\Users\\Estudiante\\.vscode\\extensions\\uqbar.wollok-lsp-ide-0.5.4\\out\\server\\src\\server.js:2398:7383)\n    at V3.invoke (c:\\Users\\Estudiante\\.vscode\\extensions\\uqbar.wollok-lsp-ide-0.5.4\\out\\server\\src\\server.js:3:157328)\n    at o.fire (c:\\Users\\Estudiante\\.vscode\\extensions\\uqbar.wollok-lsp-ide-0.5.4\\out\\server\\src\\server.js:3:158098)\n    at c:\\Users\\Estudiante\\.vscode\\extensions\\uqbar.wollok-lsp-ide-0.5.4\\out\\server\\src\\server.js:37:57871\n    at nd (c:\\Users\\Estudiante\\.vscode\\extensions\\uqbar.wollok-lsp-ide-0.5.4\\out\\server\\src\\server.js:8:1561)","timestamp":"2026-06-15T03:48:16.905Z"}
{"level":"error","message":"✘ Failed to rebuild document Failed to parse game.wlk: \n-- PARSING FAILED --------------------------------------------------\n\n   6 |     method image() = \"dude.png\"\n   7 |     method position() = game.at(x,y)\n>  8 | }\n     | ^\n   9 | \n  10 | object piedra {\n\nExpected one of the following: \n\n'@', 'class', 'const', 'describe', 'mixin', 'object', 'only', 'package', 'program', 'test', 'var', '{', EOF, comment, not \"}\r\n\r\n\", whitespace\n","stack":"Error: Failed to parse game.wlk: \n-- PARSING FAILED --------------------------------------------------\n\n   6 |     method image() = \"dude.png\"\n   7 |     method position() = game.at(x,y)\n>  8 | }\n     | ^\n   9 | \n  10 | object piedra {\n\nExpected one of the following: \n\n'@', 'class', 'const', 'describe', 'mixin', 'object', 'only', 'package', 'program', 'test', 'var', '{', EOF, comment, not \"}\r\n\r\n\", whitespace\n\n    at c:\\Users\\Estudiante\\.vscode\\extensions\\uqbar.wollok-lsp-ide-0.5.4\\out\\server\\src\\server.js:2353:13026\n    at Array.map (<anonymous>)\n    at U1n (c:\\Users\\Estudiante\\.vscode\\extensions\\uqbar.wollok-lsp-ide-0.5.4\\out\\server\\src\\server.js:2353:12950)\n    at H2.buildEnvironmentFrom (c:\\Users\\Estudiante\\.vscode\\extensions\\uqbar.wollok-lsp-ide-0.5.4\\out\\server\\src\\server.js:2398:5254)\n    at H2.updateEnvironmentWith (c:\\Users\\Estudiante\\.vscode\\extensions\\uqbar.wollok-lsp-ide-0.5.4\\out\\server\\src\\server.js:2398:4989)\n    at GF (c:\\Users\\Estudiante\\.vscode\\extensions\\uqbar.wollok-lsp-ide-0.5.4\\out\\server\\src\\server.js:2398:7383)\n    at V3.invoke (c:\\Users\\Estudiante\\.vscode\\extensions\\uqbar.wollok-lsp-ide-0.5.4\\out\\server\\src\\server.js:3:157328)\n    at o.fire (c:\\Users\\Estudiante\\.vscode\\extensions\\uqbar.wollok-lsp-ide-0.5.4\\out\\server\\src\\server.js:3:158098)\n    at c:\\Users\\Estudiante\\.vscode\\extensions\\uqbar.wollok-lsp-ide-0.5.4\\out\\server\\src\\server.js:37:57871\n    at nd (c:\\Users\\Estudiante\\.vscode\\extensions\\uqbar.wollok-lsp-ide-0.5.4\\out\\server\\src\\server.js:8:1561)","timestamp":"2026-06-15T03:48:17.387Z"}
{"level":"error","message":"✘ Failed to rebuild document Failed to parse game.wlk: \n-- PARSING FAILED --------------------------------------------------\n\n   6 |     method image() = \"dude.png\"\n   7 |     method position() = game.at(x,y)\n>  8 | }\n     | ^\n   9 | \n  10 | object piedra {\n\nExpected one of the following: \n\n'@', 'class', 'const', 'describe', 'mixin', 'object', 'only', 'package', 'program', 'test', 'var', '{', EOF, comment, not \"}\r\n\r\n\", whitespace\n","stack":"Error: Failed to parse game.wlk: \n-- PARSING FAILED --------------------------------------------------\n\n   6 |     method image() = \"dude.png\"\n   7 |     method position() = game.at(x,y)\n>  8 | }\n     | ^\n   9 | \n  10 | object piedra {\n\nExpected one of the following: \n\n'@', 'class', 'const', 'describe', 'mixin', 'object', 'only', 'package', 'program', 'test', 'var', '{', EOF, comment, not \"}\r\n\r\n\", whitespace\n\n    at c:\\Users\\Estudiante\\.vscode\\extensions\\uqbar.wollok-lsp-ide-0.5.4\\out\\server\\src\\server.js:2353:13026\n    at Array.map (<anonymous>)\n    at U1n (c:\\Users\\Estudiante\\.vscode\\extensions\\uqbar.wollok-lsp-ide-0.5.4\\out\\server\\src\\server.js:2353:12950)\n    at H2.buildEnvironmentFrom (c:\\Users\\Estudiante\\.vscode\\extensions\\uqbar.wollok-lsp-ide-0.5.4\\out\\server\\src\\server.js:2398:5254)\n    at H2.updateEnvironmentWith (c:\\Users\\Estudiante\\.vscode\\extensions\\uqbar.wollok-lsp-ide-0.5.4\\out\\server\\src\\server.js:2398:4989)\n    at GF (c:\\Users\\Estudiante\\.vscode\\extensions\\uqbar.wollok-lsp-ide-0.5.4\\out\\server\\src\\server.js:2398:7383)\n    at V3.invoke (c:\\Users\\Estudiante\\.vscode\\extensions\\uqbar.wollok-lsp-ide-0.5.4\\out\\server\\src\\server.js:3:157328)\n    at o.fire (c:\\Users\\Estudiante\\.vscode\\extensions\\uqbar.wollok-lsp-ide-0.5.4\\out\\server\\src\\server.js:3:158098)\n    at c:\\Users\\Estudiante\\.vscode\\extensions\\uqbar.wollok-lsp-ide-0.5.4\\out\\server\\src\\server.js:37:57871\n    at nd (c:\\Users\\Estudiante\\.vscode\\extensions\\uqbar.wollok-lsp-ide-0.5.4\\out\\server\\src\\server.js:8:1561)","timestamp":"2026-06-15T03:48:17.694Z"}
{"level":"error","message":"✘ Failed to rebuild document Failed to parse game.wlk: \n-- PARSING FAILED --------------------------------------------------\n\n   6 |     method image() = \"dude.png\"\n   7 |     method position() = game.at(x,y)\n>  8 | }\n     | ^\n   9 | \n  10 | object piedra {\n\nExpected one of the following: \n\n'@', 'class', 'const', 'describe', 'mixin', 'object', 'only', 'package', 'program', 'test', 'var', '{', EOF, comment, not \"}\r\n\r\n\", whitespace\n","stack":"Error: Failed to parse game.wlk: \n-- PARSING FAILED --------------------------------------------------\n\n   6 |     method image() = \"dude.png\"\n   7 |     method position() = game.at(x,y)\n>  8 | }\n     | ^\n   9 | \n  10 | object piedra {\n\nExpected one of the following: \n\n'@', 'class', 'const', 'describe', 'mixin', 'object', 'only', 'package', 'program', 'test', 'var', '{', EOF, comment, not \"}\r\n\r\n\", whitespace\n\n    at c:\\Users\\Estudiante\\.vscode\\extensions\\uqbar.wollok-lsp-ide-0.5.4\\out\\server\\src\\server.js:2353:13026\n    at Array.map (<anonymous>)\n    at U1n (c:\\Users\\Estudiante\\.vscode\\extensions\\uqbar.wollok-lsp-ide-0.5.4\\out\\server\\src\\server.js:2353:12950)\n    at H2.buildEnvironmentFrom (c:\\Users\\Estudiante\\.vscode\\extensions\\uqbar.wollok-lsp-ide-0.5.4\\out\\server\\src\\server.js:2398:5254)\n    at H2.updateEnvironmentWith (c:\\Users\\Estudiante\\.vscode\\extensions\\uqbar.wollok-lsp-ide-0.5.4\\out\\server\\src\\server.js:2398:4989)\n    at GF (c:\\Users\\Estudiante\\.vscode\\extensions\\uqbar.wollok-lsp-ide-0.5.4\\out\\server\\src\\server.js:2398:7383)\n    at V3.invoke (c:\\Users\\Estudiante\\.vscode\\extensions\\uqbar.wollok-lsp-ide-0.5.4\\out\\server\\src\\server.js:3:157328)\n    at o.fire (c:\\Users\\Estudiante\\.vscode\\extensions\\uqbar.wollok-lsp-ide-0.5.4\\out\\server\\src\\server.js:3:158098)\n    at c:\\Users\\Estudiante\\.vscode\\extensions\\uqbar.wollok-lsp-ide-0.5.4\\out\\server\\src\\server.js:37:57871\n    at nd (c:\\Users\\Estudiante\\.vscode\\extensions\\uqbar.wollok-lsp-ide-0.5.4\\out\\server\\src\\server.js:8:1561)","timestamp":"2026-06-15T03:48:17.950Z"}
{"level":"error","message":"✘ Failed to rebuild document Failed to parse game.wlk: \n-- PARSING FAILED --------------------------------------------------\n\n   6 |     method image() = \"dude.png\"\n   7 |     method position() = game.at(x,y)\n>  8 | }\n     | ^\n   9 | \n  10 | object piedra {\n\nExpected one of the following: \n\n'@', 'class', 'const', 'describe', 'mixin', 'object', 'only', 'package', 'program', 'test', 'var', '{', EOF, comment, not \"}\r\n\r\n\", whitespace\n","stack":"Error: Failed to parse game.wlk: \n-- PARSING FAILED --------------------------------------------------\n\n   6 |     method image() = \"dude.png\"\n   7 |     method position() = game.at(x,y)\n>  8 | }\n     | ^\n   9 | \n  10 | object piedra {\n\nExpected one of the following: \n\n'@', 'class', 'const', 'describe', 'mixin', 'object', 'only', 'package', 'program', 'test', 'var', '{', EOF, comment, not \"}\r\n\r\n\", whitespace\n\n    at c:\\Users\\Estudiante\\.vscode\\extensions\\uqbar.wollok-lsp-ide-0.5.4\\out\\server\\src\\server.js:2353:13026\n    at Array.map (<anonymous>)\n    at U1n (c:\\Users\\Estudiante\\.vscode\\extensions\\uqbar.wollok-lsp-ide-0.5.4\\out\\server\\src\\server.js:2353:12950)\n    at H2.buildEnvironmentFrom (c:\\Users\\Estudiante\\.vscode\\extensions\\uqbar.wollok-lsp-ide-0.5.4\\out\\server\\src\\server.js:2398:5254)\n    at H2.updateEnvironmentWith (c:\\Users\\Estudiante\\.vscode\\extensions\\uqbar.wollok-lsp-ide-0.5.4\\out\\server\\src\\server.js:2398:4989)\n    at GF (c:\\Users\\Estudiante\\.vscode\\extensions\\uqbar.wollok-lsp-ide-0.5.4\\out\\server\\src\\server.js:2398:7383)\n    at V3.invoke (c:\\Users\\Estudiante\\.vscode\\extensions\\uqbar.wollok-lsp-ide-0.5.4\\out\\server\\src\\server.js:3:157328)\n    at o.fire (c:\\Users\\Estudiante\\.vscode\\extensions\\uqbar.wollok-lsp-ide-0.5.4\\out\\server\\src\\server.js:3:158098)\n    at c:\\Users\\Estudiante\\.vscode\\extensions\\uqbar.wollok-lsp-ide-0.5.4\\out\\server\\src\\server.js:37:57871\n    at nd (c:\\Users\\Estudiante\\.vscode\\extensions\\uqbar.wollok-lsp-ide-0.5.4\\out\\server\\src\\server.js:8:1561)","timestamp":"2026-06-15T03:48:18.385Z"}
{"level":"error","message":"✘ Failed to rebuild document Failed to parse game.wlk: \n-- PARSING FAILED --------------------------------------------------\n\n   6 |     method image() = \"dude.png\"\n   7 |     method position() = game.at(x,y)\n>  8 | }\n     | ^\n   9 | \n  10 | object piedra {\n\nExpected one of the following: \n\n'@', 'class', 'const', 'describe', 'mixin', 'object', 'only', 'package', 'program', 'test', 'var', '{', EOF, comment, not \"}\r\n\r\n\", whitespace\n","stack":"Error: Failed to parse game.wlk: \n-- PARSING FAILED --------------------------------------------------\n\n   6 |     method image() = \"dude.png\"\n   7 |     method position() = game.at(x,y)\n>  8 | }\n     | ^\n   9 | \n  10 | object piedra {\n\nExpected one of the following: \n\n'@', 'class', 'const', 'describe', 'mixin', 'object', 'only', 'package', 'program', 'test', 'var', '{', EOF, comment, not \"}\r\n\r\n\", whitespace\n\n    at c:\\Users\\Estudiante\\.vscode\\extensions\\uqbar.wollok-lsp-ide-0.5.4\\out\\server\\src\\server.js:2353:13026\n    at Array.map (<anonymous>)\n    at U1n (c:\\Users\\Estudiante\\.vscode\\extensions\\uqbar.wollok-lsp-ide-0.5.4\\out\\server\\src\\server.js:2353:12950)\n    at H2.buildEnvironmentFrom (c:\\Users\\Estudiante\\.vscode\\extensions\\uqbar.wollok-lsp-ide-0.5.4\\out\\server\\src\\server.js:2398:5254)\n    at H2.updateEnvironmentWith (c:\\Users\\Estudiante\\.vscode\\extensions\\uqbar.wollok-lsp-ide-0.5.4\\out\\server\\src\\server.js:2398:4989)\n    at GF (c:\\Users\\Estudiante\\.vscode\\extensions\\uqbar.wollok-lsp-ide-0.5.4\\out\\server\\src\\server.js:2398:7383)\n    at V3.invoke (c:\\Users\\Estudiante\\.vscode\\extensions\\uqbar.wollok-lsp-ide-0.5.4\\out\\server\\src\\server.js:3:157328)\n    at o.fire (c:\\Users\\Estudiante\\.vscode\\extensions\\uqbar.wollok-lsp-ide-0.5.4\\out\\server\\src\\server.js:3:158098)\n    at c:\\Users\\Estudiante\\.vscode\\extensions\\uqbar.wollok-lsp-ide-0.5.4\\out\\server\\src\\server.js:37:57871\n    at nd (c:\\Users\\Estudiante\\.vscode\\extensions\\uqbar.wollok-lsp-ide-0.5.4\\out\\server\\src\\server.js:8:1561)","timestamp":"2026-06-15T03:48:18.771Z"}
{"level":"error","message":"✘ Failed to rebuild document Failed to parse game.wlk: \n-- PARSING FAILED --------------------------------------------------\n\n   6 |     method image() = \"dude.png\"\n   7 |     method position() = game.at(x,y)\n>  8 | }\n     | ^\n   9 | \n  10 | object piedra {\n\nExpected one of the following: \n\n'@', 'class', 'const', 'describe', 'mixin', 'object', 'only', 'package', 'program', 'test', 'var', '{', EOF, comment, not \"}\r\n\r\n\", whitespace\n","stack":"Error: Failed to parse game.wlk: \n-- PARSING FAILED --------------------------------------------------\n\n   6 |     method image() = \"dude.png\"\n   7 |     method position() = game.at(x,y)\n>  8 | }\n     | ^\n   9 | \n  10 | object piedra {\n\nExpected one of the following: \n\n'@', 'class', 'const', 'describe', 'mixin', 'object', 'only', 'package', 'program', 'test', 'var', '{', EOF, comment, not \"}\r\n\r\n\", whitespace\n\n    at c:\\Users\\Estudiante\\.vscode\\extensions\\uqbar.wollok-lsp-ide-0.5.4\\out\\server\\src\\server.js:2353:13026\n    at Array.map (<anonymous>)\n    at U1n (c:\\Users\\Estudiante\\.vscode\\extensions\\uqbar.wollok-lsp-ide-0.5.4\\out\\server\\src\\server.js:2353:12950)\n    at H2.buildEnvironmentFrom (c:\\Users\\Estudiante\\.vscode\\extensions\\uqbar.wollok-lsp-ide-0.5.4\\out\\server\\src\\server.js:2398:5254)\n    at H2.updateEnvironmentWith (c:\\Users\\Estudiante\\.vscode\\extensions\\uqbar.wollok-lsp-ide-0.5.4\\out\\server\\src\\server.js:2398:4989)\n    at GF (c:\\Users\\Estudiante\\.vscode\\extensions\\uqbar.wollok-lsp-ide-0.5.4\\out\\server\\src\\server.js:2398:7383)\n    at V3.invoke (c:\\Users\\Estudiante\\.vscode\\extensions\\uqbar.wollok-lsp-ide-0.5.4\\out\\server\\src\\server.js:3:157328)\n    at o.fire (c:\\Users\\Estudiante\\.vscode\\extensions\\uqbar.wollok-lsp-ide-0.5.4\\out\\server\\src\\server.js:3:158098)\n    at c:\\Users\\Estudiante\\.vscode\\extensions\\uqbar.wollok-lsp-ide-0.5.4\\out\\server\\src\\server.js:37:57871\n    at nd (c:\\Users\\Estudiante\\.vscode\\extensions\\uqbar.wollok-lsp-ide-0.5.4\\out\\server\\src\\server.js:8:1561)","timestamp":"2026-06-15T03:48:19.051Z"}
{"level":"error","message":"✘ Failed to rebuild document Failed to parse game.wlk: \n-- PARSING FAILED --------------------------------------------------\n\n   6 |     method image() = \"dude.png\"\n   7 |     method position() = game.at(x,y)\n>  8 | }\n     | ^\n   9 | \n  10 | object piedra {\n\nExpected one of the following: \n\n'@', 'class', 'const', 'describe', 'mixin', 'object', 'only', 'package', 'program', 'test', 'var', '{', EOF, comment, not \"}\r\n\r\n\", whitespace\n","stack":"Error: Failed to parse game.wlk: \n-- PARSING FAILED --------------------------------------------------\n\n   6 |     method image() = \"dude.png\"\n   7 |     method position() = game.at(x,y)\n>  8 | }\n     | ^\n   9 | \n  10 | object piedra {\n\nExpected one of the following: \n\n'@', 'class', 'const', 'describe', 'mixin', 'object', 'only', 'package', 'program', 'test', 'var', '{', EOF, comment, not \"}\r\n\r\n\", whitespace\n\n    at c:\\Users\\Estudiante\\.vscode\\extensions\\uqbar.wollok-lsp-ide-0.5.4\\out\\server\\src\\server.js:2353:13026\n    at Array.map (<anonymous>)\n    at U1n (c:\\Users\\Estudiante\\.vscode\\extensions\\uqbar.wollok-lsp-ide-0.5.4\\out\\server\\src\\server.js:2353:12950)\n    at H2.buildEnvironmentFrom (c:\\Users\\Estudiante\\.vscode\\extensions\\uqbar.wollok-lsp-ide-0.5.4\\out\\server\\src\\server.js:2398:5254)\n    at H2.updateEnvironmentWith (c:\\Users\\Estudiante\\.vscode\\extensions\\uqbar.wollok-lsp-ide-0.5.4\\out\\server\\src\\server.js:2398:4989)\n    at GF (c:\\Users\\Estudiante\\.vscode\\extensions\\uqbar.wollok-lsp-ide-0.5.4\\out\\server\\src\\server.js:2398:7383)\n    at V3.invoke (c:\\Users\\Estudiante\\.vscode\\extensions\\uqbar.wollok-lsp-ide-0.5.4\\out\\server\\src\\server.js:3:157328)\n    at o.fire (c:\\Users\\Estudiante\\.vscode\\extensions\\uqbar.wollok-lsp-ide-0.5.4\\out\\server\\src\\server.js:3:158098)\n    at c:\\Users\\Estudiante\\.vscode\\extensions\\uqbar.wollok-lsp-ide-0.5.4\\out\\server\\src\\server.js:37:57871\n    at nd (c:\\Users\\Estudiante\\.vscode\\extensions\\uqbar.wollok-lsp-ide-0.5.4\\out\\server\\src\\server.js:8:1561)","timestamp":"2026-06-15T03:48:19.995Z"}
{"level":"error","message":"✘ Failed to rebuild document Failed to parse game.wlk: \n-- PARSING FAILED --------------------------------------------------\n\n   6 |     method image() = \"dude.png\"\n   7 |     method position() = game.at(x,y)\n>  8 | }\n     | ^\n   9 | \n  10 | object piedra {\n\nExpected one of the following: \n\n'@', 'class', 'const', 'describe', 'mixin', 'object', 'only', 'package', 'program', 'test', 'var', '{', EOF, comment, not \"}\r\n\r\n\", whitespace\n","stack":"Error: Failed to parse game.wlk: \n-- PARSING FAILED --------------------------------------------------\n\n   6 |     method image() = \"dude.png\"\n   7 |     method position() = game.at(x,y)\n>  8 | }\n     | ^\n   9 | \n  10 | object piedra {\n\nExpected one of the following: \n\n'@', 'class', 'const', 'describe', 'mixin', 'object', 'only', 'package', 'program', 'test', 'var', '{', EOF, comment, not \"}\r\n\r\n\", whitespace\n\n    at c:\\Users\\Estudiante\\.vscode\\extensions\\uqbar.wollok-lsp-ide-0.5.4\\out\\server\\src\\server.js:2353:13026\n    at Array.map (<anonymous>)\n    at U1n (c:\\Users\\Estudiante\\.vscode\\extensions\\uqbar.wollok-lsp-ide-0.5.4\\out\\server\\src\\server.js:2353:12950)\n    at H2.buildEnvironmentFrom (c:\\Users\\Estudiante\\.vscode\\extensions\\uqbar.wollok-lsp-ide-0.5.4\\out\\server\\src\\server.js:2398:5254)\n    at H2.updateEnvironmentWith (c:\\Users\\Estudiante\\.vscode\\extensions\\uqbar.wollok-lsp-ide-0.5.4\\out\\server\\src\\server.js:2398:4989)\n    at GF (c:\\Users\\Estudiante\\.vscode\\extensions\\uqbar.wollok-lsp-ide-0.5.4\\out\\server\\src\\server.js:2398:7383)\n    at V3.invoke (c:\\Users\\Estudiante\\.vscode\\extensions\\uqbar.wollok-lsp-ide-0.5.4\\out\\server\\src\\server.js:3:157328)\n    at o.fire (c:\\Users\\Estudiante\\.vscode\\extensions\\uqbar.wollok-lsp-ide-0.5.4\\out\\server\\src\\server.js:3:158098)\n    at c:\\Users\\Estudiante\\.vscode\\extensions\\uqbar.wollok-lsp-ide-0.5.4\\out\\server\\src\\server.js:37:57871\n    at nd (c:\\Users\\Estudiante\\.vscode\\extensions\\uqbar.wollok-lsp-ide-0.5.4\\out\\server\\src\\server.js:8:1561)","timestamp":"2026-06-15T03:48:20.249Z"}
{"level":"error","message":"✘ Failed to rebuild document Failed to parse game.wlk: \n-- PARSING FAILED --------------------------------------------------\n\n   6 |     method image() = \"dude.png\"\n   7 |     method position() = game.at(x,y)\n>  8 | }\n     | ^\n   9 | \n  10 | object piedra {\n\nExpected one of the following: \n\n'@', 'class', 'const', 'describe', 'mixin', 'object', 'only', 'package', 'program', 'test', 'var', '{', EOF, comment, not \"}\r\n\r\n\", whitespace\n","stack":"Error: Failed to parse game.wlk: \n-- PARSING FAILED --------------------------------------------------\n\n   6 |     method image() = \"dude.png\"\n   7 |     method position() = game.at(x,y)\n>  8 | }\n     | ^\n   9 | \n  10 | object piedra {\n\nExpected one of the following: \n\n'@', 'class', 'const', 'describe', 'mixin', 'object', 'only', 'package', 'program', 'test', 'var', '{', EOF, comment, not \"}\r\n\r\n\", whitespace\n\n    at c:\\Users\\Estudiante\\.vscode\\extensions\\uqbar.wollok-lsp-ide-0.5.4\\out\\server\\src\\server.js:2353:13026\n    at Array.map (<anonymous>)\n    at U1n (c:\\Users\\Estudiante\\.vscode\\extensions\\uqbar.wollok-lsp-ide-0.5.4\\out\\server\\src\\server.js:2353:12950)\n    at H2.buildEnvironmentFrom (c:\\Users\\Estudiante\\.vscode\\extensions\\uqbar.wollok-lsp-ide-0.5.4\\out\\server\\src\\server.js:2398:5254)\n    at H2.updateEnvironmentWith (c:\\Users\\Estudiante\\.vscode\\extensions\\uqbar.wollok-lsp-ide-0.5.4\\out\\server\\src\\server.js:2398:4989)\n    at GF (c:\\Users\\Estudiante\\.vscode\\extensions\\uqbar.wollok-lsp-ide-0.5.4\\out\\server\\src\\server.js:2398:7383)\n    at V3.invoke (c:\\Users\\Estudiante\\.vscode\\extensions\\uqbar.wollok-lsp-ide-0.5.4\\out\\server\\src\\server.js:3:157328)\n    at o.fire (c:\\Users\\Estudiante\\.vscode\\extensions\\uqbar.wollok-lsp-ide-0.5.4\\out\\server\\src\\server.js:3:158098)\n    at c:\\Users\\Estudiante\\.vscode\\extensions\\uqbar.wollok-lsp-ide-0.5.4\\out\\server\\src\\server.js:37:57871\n    at nd (c:\\Users\\Estudiante\\.vscode\\extensions\\uqbar.wollok-lsp-ide-0.5.4\\out\\server\\src\\server.js:8:1561)","timestamp":"2026-06-15T03:48:30.044Z"}
{"level":"error","message":"✘ Failed to rebuild document Failed to parse game.wlk: \n-- PARSING FAILED --------------------------------------------------\n\n   6 |     method image() = \"dude.png\"\n   7 |     method position() = game.at(x,y)\n>  8 | }\n     | ^\n   9 | \n  10 | object piedra {\n\nExpected one of the following: \n\n'@', 'class', 'const', 'describe', 'mixin', 'object', 'only', 'package', 'program', 'test', 'var', '{', EOF, comment, not \"}\r\n\r\n\", whitespace\n","stack":"Error: Failed to parse game.wlk: \n-- PARSING FAILED --------------------------------------------------\n\n   6 |     method image() = \"dude.png\"\n   7 |     method position() = game.at(x,y)\n>  8 | }\n     | ^\n   9 | \n  10 | object piedra {\n\nExpected one of the following: \n\n'@', 'class', 'const', 'describe', 'mixin', 'object', 'only', 'package', 'program', 'test', 'var', '{', EOF, comment, not \"}\r\n\r\n\", whitespace\n\n    at c:\\Users\\Estudiante\\.vscode\\extensions\\uqbar.wollok-lsp-ide-0.5.4\\out\\server\\src\\server.js:2353:13026\n    at Array.map (<anonymous>)\n    at U1n (c:\\Users\\Estudiante\\.vscode\\extensions\\uqbar.wollok-lsp-ide-0.5.4\\out\\server\\src\\server.js:2353:12950)\n    at H2.buildEnvironmentFrom (c:\\Users\\Estudiante\\.vscode\\extensions\\uqbar.wollok-lsp-ide-0.5.4\\out\\server\\src\\server.js:2398:5254)\n    at H2.updateEnvironmentWith (c:\\Users\\Estudiante\\.vscode\\extensions\\uqbar.wollok-lsp-ide-0.5.4\\out\\server\\src\\server.js:2398:4989)\n    at GF (c:\\Users\\Estudiante\\.vscode\\extensions\\uqbar.wollok-lsp-ide-0.5.4\\out\\server\\src\\server.js:2398:7383)\n    at V3.invoke (c:\\Users\\Estudiante\\.vscode\\extensions\\uqbar.wollok-lsp-ide-0.5.4\\out\\server\\src\\server.js:3:157328)\n    at o.fire (c:\\Users\\Estudiante\\.vscode\\extensions\\uqbar.wollok-lsp-ide-0.5.4\\out\\server\\src\\server.js:3:158098)\n    at c:\\Users\\Estudiante\\.vscode\\extensions\\uqbar.wollok-lsp-ide-0.5.4\\out\\server\\src\\server.js:37:57871\n    at nd (c:\\Users\\Estudiante\\.vscode\\extensions\\uqbar.wollok-lsp-ide-0.5.4\\out\\server\\src\\server.js:8:1561)","timestamp":"2026-06-15T03:48:30.278Z"}
{"level":"error","message":"✘ Failed to rebuild document Failed to parse game.wlk: \n-- PARSING FAILED --------------------------------------------------\n\n   6 |     method image() = \"dude.png\"\n   7 |     method position() = game.at(x,y)\n>  8 | }\n     | ^\n   9 | \n  10 | object piedra {\n\nExpected one of the following: \n\n'@', 'class', 'const', 'describe', 'mixin', 'object', 'only', 'package', 'program', 'test', 'var', '{', EOF, comment, not \"}\r\n\r\n\", whitespace\n","stack":"Error: Failed to parse game.wlk: \n-- PARSING FAILED --------------------------------------------------\n\n   6 |     method image() = \"dude.png\"\n   7 |     method position() = game.at(x,y)\n>  8 | }\n     | ^\n   9 | \n  10 | object piedra {\n\nExpected one of the following: \n\n'@', 'class', 'const', 'describe', 'mixin', 'object', 'only', 'package', 'program', 'test', 'var', '{', EOF, comment, not \"}\r\n\r\n\", whitespace\n\n    at c:\\Users\\Estudiante\\.vscode\\extensions\\uqbar.wollok-lsp-ide-0.5.4\\out\\server\\src\\server.js:2353:13026\n    at Array.map (<anonymous>)\n    at U1n (c:\\Users\\Estudiante\\.vscode\\extensions\\uqbar.wollok-lsp-ide-0.5.4\\out\\server\\src\\server.js:2353:12950)\n    at H2.buildEnvironmentFrom (c:\\Users\\Estudiante\\.vscode\\extensions\\uqbar.wollok-lsp-ide-0.5.4\\out\\server\\src\\server.js:2398:5254)\n    at H2.updateEnvironmentWith (c:\\Users\\Estudiante\\.vscode\\extensions\\uqbar.wollok-lsp-ide-0.5.4\\out\\server\\src\\server.js:2398:4989)\n    at GF (c:\\Users\\Estudiante\\.vscode\\extensions\\uqbar.wollok-lsp-ide-0.5.4\\out\\server\\src\\server.js:2398:7383)\n    at V3.invoke (c:\\Users\\Estudiante\\.vscode\\extensions\\uqbar.wollok-lsp-ide-0.5.4\\out\\server\\src\\server.js:3:157328)\n    at o.fire (c:\\Users\\Estudiante\\.vscode\\extensions\\uqbar.wollok-lsp-ide-0.5.4\\out\\server\\src\\server.js:3:158098)\n    at c:\\Users\\Estudiante\\.vscode\\extensions\\uqbar.wollok-lsp-ide-0.5.4\\out\\server\\src\\server.js:37:57871\n    at nd (c:\\Users\\Estudiante\\.vscode\\extensions\\uqbar.wollok-lsp-ide-0.5.4\\out\\server\\src\\server.js:8:1561)","timestamp":"2026-06-15T03:48:30.478Z"}
{"level":"error","message":"✘ Failed to rebuild document Failed to parse game.wlk: \n-- PARSING FAILED --------------------------------------------------\n\n   6 |     method image() = \"dude.png\"\n   7 |     method position() = game.at(x,y)\n>  8 | }\n     | ^\n   9 | \n  10 | object piedra {\n\nExpected one of the following: \n\n'@', 'class', 'const', 'describe', 'mixin', 'object', 'only', 'package', 'program', 'test', 'var', '{', EOF, comment, not \"}\r\n\r\n\", whitespace\n","stack":"Error: Failed to parse game.wlk: \n-- PARSING FAILED --------------------------------------------------\n\n   6 |     method image() = \"dude.png\"\n   7 |     method position() = game.at(x,y)\n>  8 | }\n     | ^\n   9 | \n  10 | object piedra {\n\nExpected one of the following: \n\n'@', 'class', 'const', 'describe', 'mixin', 'object', 'only', 'package', 'program', 'test', 'var', '{', EOF, comment, not \"}\r\n\r\n\", whitespace\n\n    at c:\\Users\\Estudiante\\.vscode\\extensions\\uqbar.wollok-lsp-ide-0.5.4\\out\\server\\src\\server.js:2353:13026\n    at Array.map (<anonymous>)\n    at U1n (c:\\Users\\Estudiante\\.vscode\\extensions\\uqbar.wollok-lsp-ide-0.5.4\\out\\server\\src\\server.js:2353:12950)\n    at H2.buildEnvironmentFrom (c:\\Users\\Estudiante\\.vscode\\extensions\\uqbar.wollok-lsp-ide-0.5.4\\out\\server\\src\\server.js:2398:5254)\n    at H2.updateEnvironmentWith (c:\\Users\\Estudiante\\.vscode\\extensions\\uqbar.wollok-lsp-ide-0.5.4\\out\\server\\src\\server.js:2398:4989)\n    at GF (c:\\Users\\Estudiante\\.vscode\\extensions\\uqbar.wollok-lsp-ide-0.5.4\\out\\server\\src\\server.js:2398:7383)\n    at V3.invoke (c:\\Users\\Estudiante\\.vscode\\extensions\\uqbar.wollok-lsp-ide-0.5.4\\out\\server\\src\\server.js:3:157328)\n    at o.fire (c:\\Users\\Estudiante\\.vscode\\extensions\\uqbar.wollok-lsp-ide-0.5.4\\out\\server\\src\\server.js:3:158098)\n    at c:\\Users\\Estudiante\\.vscode\\extensions\\uqbar.wollok-lsp-ide-0.5.4\\out\\server\\src\\server.js:37:57871\n    at nd (c:\\Users\\Estudiante\\.vscode\\extensions\\uqbar.wollok-lsp-ide-0.5.4\\out\\server\\src\\server.js:8:1561)","timestamp":"2026-06-15T03:48:30.721Z"}
{"level":"error","message":"✘ Failed to rebuild document Failed to parse game.wlk: \n-- PARSING FAILED --------------------------------------------------\n\n   6 |     method image() = \"dude.png\"\n   7 |     method position() = game.at(x,y)\n>  8 | }\n     | ^\n   9 | \n  10 | object piedra {\n\nExpected one of the following: \n\n'@', 'class', 'const', 'describe', 'mixin', 'object', 'only', 'package', 'program', 'test', 'var', '{', EOF, comment, not \"}\r\n\r\n\", whitespace\n","stack":"Error: Failed to parse game.wlk: \n-- PARSING FAILED --------------------------------------------------\n\n   6 |     method image() = \"dude.png\"\n   7 |     method position() = game.at(x,y)\n>  8 | }\n     | ^\n   9 | \n  10 | object piedra {\n\nExpected one of the following: \n\n'@', 'class', 'const', 'describe', 'mixin', 'object', 'only', 'package', 'program', 'test', 'var', '{', EOF, comment, not \"}\r\n\r\n\", whitespace\n\n    at c:\\Users\\Estudiante\\.vscode\\extensions\\uqbar.wollok-lsp-ide-0.5.4\\out\\server\\src\\server.js:2353:13026\n    at Array.map (<anonymous>)\n    at U1n (c:\\Users\\Estudiante\\.vscode\\extensions\\uqbar.wollok-lsp-ide-0.5.4\\out\\server\\src\\server.js:2353:12950)\n    at H2.buildEnvironmentFrom (c:\\Users\\Estudiante\\.vscode\\extensions\\uqbar.wollok-lsp-ide-0.5.4\\out\\server\\src\\server.js:2398:5254)\n    at H2.updateEnvironmentWith (c:\\Users\\Estudiante\\.vscode\\extensions\\uqbar.wollok-lsp-ide-0.5.4\\out\\server\\src\\server.js:2398:4989)\n    at GF (c:\\Users\\Estudiante\\.vscode\\extensions\\uqbar.wollok-lsp-ide-0.5.4\\out\\server\\src\\server.js:2398:7383)\n    at V3.invoke (c:\\Users\\Estudiante\\.vscode\\extensions\\uqbar.wollok-lsp-ide-0.5.4\\out\\server\\src\\server.js:3:157328)\n    at o.fire (c:\\Users\\Estudiante\\.vscode\\extensions\\uqbar.wollok-lsp-ide-0.5.4\\out\\server\\src\\server.js:3:158098)\n    at c:\\Users\\Estudiante\\.vscode\\extensions\\uqbar.wollok-lsp-ide-0.5.4\\out\\server\\src\\server.js:37:57871\n    at nd (c:\\Users\\Estudiante\\.vscode\\extensions\\uqbar.wollok-lsp-ide-0.5.4\\out\\server\\src\\server.js:8:1561)","timestamp":"2026-06-15T03:48:32.232Z"}
{"level":"error","message":"✘ Failed to rebuild document Failed to parse game.wlk: \n-- PARSING FAILED --------------------------------------------------\n\n   6 |     method image() = \"dude.png\"\n   7 |     method position() = game.at(x,y)\n>  8 | }\n     | ^\n   9 | \n  10 | object piedra {\n\nExpected one of the following: \n\n'@', 'class', 'const', 'describe', 'mixin', 'object', 'only', 'package', 'program', 'test', 'var', '{', EOF, comment, not \"}\r\n\r\n\", whitespace\n","stack":"Error: Failed to parse game.wlk: \n-- PARSING FAILED --------------------------------------------------\n\n   6 |     method image() = \"dude.png\"\n   7 |     method position() = game.at(x,y)\n>  8 | }\n     | ^\n   9 | \n  10 | object piedra {\n\nExpected one of the following: \n\n'@', 'class', 'const', 'describe', 'mixin', 'object', 'only', 'package', 'program', 'test', 'var', '{', EOF, comment, not \"}\r\n\r\n\", whitespace\n\n    at c:\\Users\\Estudiante\\.vscode\\extensions\\uqbar.wollok-lsp-ide-0.5.4\\out\\server\\src\\server.js:2353:13026\n    at Array.map (<anonymous>)\n    at U1n (c:\\Users\\Estudiante\\.vscode\\extensions\\uqbar.wollok-lsp-ide-0.5.4\\out\\server\\src\\server.js:2353:12950)\n    at H2.buildEnvironmentFrom (c:\\Users\\Estudiante\\.vscode\\extensions\\uqbar.wollok-lsp-ide-0.5.4\\out\\server\\src\\server.js:2398:5254)\n    at H2.updateEnvironmentWith (c:\\Users\\Estudiante\\.vscode\\extensions\\uqbar.wollok-lsp-ide-0.5.4\\out\\server\\src\\server.js:2398:4989)\n    at GF (c:\\Users\\Estudiante\\.vscode\\extensions\\uqbar.wollok-lsp-ide-0.5.4\\out\\server\\src\\server.js:2398:7383)\n    at V3.invoke (c:\\Users\\Estudiante\\.vscode\\extensions\\uqbar.wollok-lsp-ide-0.5.4\\out\\server\\src\\server.js:3:157328)\n    at o.fire (c:\\Users\\Estudiante\\.vscode\\extensions\\uqbar.wollok-lsp-ide-0.5.4\\out\\server\\src\\server.js:3:158098)\n    at c:\\Users\\Estudiante\\.vscode\\extensions\\uqbar.wollok-lsp-ide-0.5.4\\out\\server\\src\\server.js:37:57871\n    at nd (c:\\Users\\Estudiante\\.vscode\\extensions\\uqbar.wollok-lsp-ide-0.5.4\\out\\server\\src\\server.js:8:1561)","timestamp":"2026-06-15T03:48:32.820Z"}
{"level":"error","message":"✘ Failed to rebuild document Failed to parse game.wlk: \n-- PARSING FAILED --------------------------------------------------\n\n   6 |     method image() = \"dude.png\"\n   7 |     method position() = game.at(x,y)\n>  8 | }\n     | ^\n   9 | \n  10 | object piedra {\n\nExpected one of the following: \n\n'@', 'class', 'const', 'describe', 'mixin', 'object', 'only', 'package', 'program', 'test', 'var', '{', EOF, comment, not \"}\r\n\r\n\", whitespace\n","stack":"Error: Failed to parse game.wlk: \n-- PARSING FAILED --------------------------------------------------\n\n   6 |     method image() = \"dude.png\"\n   7 |     method position() = game.at(x,y)\n>  8 | }\n     | ^\n   9 | \n  10 | object piedra {\n\nExpected one of the following: \n\n'@', 'class', 'const', 'describe', 'mixin', 'object', 'only', 'package', 'program', 'test', 'var', '{', EOF, comment, not \"}\r\n\r\n\", whitespace\n\n    at c:\\Users\\Estudiante\\.vscode\\extensions\\uqbar.wollok-lsp-ide-0.5.4\\out\\server\\src\\server.js:2353:13026\n    at Array.map (<anonymous>)\n    at U1n (c:\\Users\\Estudiante\\.vscode\\extensions\\uqbar.wollok-lsp-ide-0.5.4\\out\\server\\src\\server.js:2353:12950)\n    at H2.buildEnvironmentFrom (c:\\Users\\Estudiante\\.vscode\\extensions\\uqbar.wollok-lsp-ide-0.5.4\\out\\server\\src\\server.js:2398:5254)\n    at H2.updateEnvironmentWith (c:\\Users\\Estudiante\\.vscode\\extensions\\uqbar.wollok-lsp-ide-0.5.4\\out\\server\\src\\server.js:2398:4989)\n    at GF (c:\\Users\\Estudiante\\.vscode\\extensions\\uqbar.wollok-lsp-ide-0.5.4\\out\\server\\src\\server.js:2398:7383)\n    at V3.invoke (c:\\Users\\Estudiante\\.vscode\\extensions\\uqbar.wollok-lsp-ide-0.5.4\\out\\server\\src\\server.js:3:157328)\n    at o.fire (c:\\Users\\Estudiante\\.vscode\\extensions\\uqbar.wollok-lsp-ide-0.5.4\\out\\server\\src\\server.js:3:158098)\n    at c:\\Users\\Estudiante\\.vscode\\extensions\\uqbar.wollok-lsp-ide-0.5.4\\out\\server\\src\\server.js:37:57871\n    at nd (c:\\Users\\Estudiante\\.vscode\\extensions\\uqbar.wollok-lsp-ide-0.5.4\\out\\server\\src\\server.js:8:1561)","timestamp":"2026-06-15T03:48:34.647Z"}
{"level":"error","message":"✘ Failed to rebuild document Failed to parse game.wlk: \n-- PARSING FAILED --------------------------------------------------\n\n   6 |     method image() = \"dude.png\"\n   7 |     method position() = game.at(x,y)\n>  8 | }\n     | ^\n   9 | \n  10 | object piedra {\n\nExpected one of the following: \n\n'@', 'class', 'const', 'describe', 'mixin', 'object', 'only', 'package', 'program', 'test', 'var', '{', EOF, comment, not \"}\r\n\r\n\", whitespace\n","stack":"Error: Failed to parse game.wlk: \n-- PARSING FAILED --------------------------------------------------\n\n   6 |     method image() = \"dude.png\"\n   7 |     method position() = game.at(x,y)\n>  8 | }\n     | ^\n   9 | \n  10 | object piedra {\n\nExpected one of the following: \n\n'@', 'class', 'const', 'describe', 'mixin', 'object', 'only', 'package', 'program', 'test', 'var', '{', EOF, comment, not \"}\r\n\r\n\", whitespace\n\n    at c:\\Users\\Estudiante\\.vscode\\extensions\\uqbar.wollok-lsp-ide-0.5.4\\out\\server\\src\\server.js:2353:13026\n    at Array.map (<anonymous>)\n    at U1n (c:\\Users\\Estudiante\\.vscode\\extensions\\uqbar.wollok-lsp-ide-0.5.4\\out\\server\\src\\server.js:2353:12950)\n    at H2.buildEnvironmentFrom (c:\\Users\\Estudiante\\.vscode\\extensions\\uqbar.wollok-lsp-ide-0.5.4\\out\\server\\src\\server.js:2398:5254)\n    at H2.updateEnvironmentWith (c:\\Users\\Estudiante\\.vscode\\extensions\\uqbar.wollok-lsp-ide-0.5.4\\out\\server\\src\\server.js:2398:4989)\n    at GF (c:\\Users\\Estudiante\\.vscode\\extensions\\uqbar.wollok-lsp-ide-0.5.4\\out\\server\\src\\server.js:2398:7383)\n    at V3.invoke (c:\\Users\\Estudiante\\.vscode\\extensions\\uqbar.wollok-lsp-ide-0.5.4\\out\\server\\src\\server.js:3:157328)\n    at o.fire (c:\\Users\\Estudiante\\.vscode\\extensions\\uqbar.wollok-lsp-ide-0.5.4\\out\\server\\src\\server.js:3:158098)\n    at c:\\Users\\Estudiante\\.vscode\\extensions\\uqbar.wollok-lsp-ide-0.5.4\\out\\server\\src\\server.js:37:57871\n    at nd (c:\\Users\\Estudiante\\.vscode\\extensions\\uqbar.wollok-lsp-ide-0.5.4\\out\\server\\src\\server.js:8:1561)","timestamp":"2026-06-15T03:48:34.928Z"}
{"level":"error","message":"✘ Failed to rebuild document Failed to parse game.wlk: \n-- PARSING FAILED --------------------------------------------------\n\n   6 |     method image() = \"dude.png\"\n   7 |     method position() = game.at(x,y)\n>  8 | }\n     | ^\n   9 | \n  10 | object piedra {\n\nExpected one of the following: \n\n'@', 'class', 'const', 'describe', 'mixin', 'object', 'only', 'package', 'program', 'test', 'var', '{', EOF, comment, not \"}\r\n\r\n\", whitespace\n","stack":"Error: Failed to parse game.wlk: \n-- PARSING FAILED --------------------------------------------------\n\n   6 |     method image() = \"dude.png\"\n   7 |     method position() = game.at(x,y)\n>  8 | }\n     | ^\n   9 | \n  10 | object piedra {\n\nExpected one of the following: \n\n'@', 'class', 'const', 'describe', 'mixin', 'object', 'only', 'package', 'program', 'test', 'var', '{', EOF, comment, not \"}\r\n\r\n\", whitespace\n\n    at c:\\Users\\Estudiante\\.vscode\\extensions\\uqbar.wollok-lsp-ide-0.5.4\\out\\server\\src\\server.js:2353:13026\n    at Array.map (<anonymous>)\n    at U1n (c:\\Users\\Estudiante\\.vscode\\extensions\\uqbar.wollok-lsp-ide-0.5.4\\out\\server\\src\\server.js:2353:12950)\n    at H2.buildEnvironmentFrom (c:\\Users\\Estudiante\\.vscode\\extensions\\uqbar.wollok-lsp-ide-0.5.4\\out\\server\\src\\server.js:2398:5254)\n    at H2.updateEnvironmentWith (c:\\Users\\Estudiante\\.vscode\\extensions\\uqbar.wollok-lsp-ide-0.5.4\\out\\server\\src\\server.js:2398:4989)\n    at GF (c:\\Users\\Estudiante\\.vscode\\extensions\\uqbar.wollok-lsp-ide-0.5.4\\out\\server\\src\\server.js:2398:7383)\n    at V3.invoke (c:\\Users\\Estudiante\\.vscode\\extensions\\uqbar.wollok-lsp-ide-0.5.4\\out\\server\\src\\server.js:3:157328)\n    at o.fire (c:\\Users\\Estudiante\\.vscode\\extensions\\uqbar.wollok-lsp-ide-0.5.4\\out\\server\\src\\server.js:3:158098)\n    at c:\\Users\\Estudiante\\.vscode\\extensions\\uqbar.wollok-lsp-ide-0.5.4\\out\\server\\src\\server.js:37:57871\n    at nd (c:\\Users\\Estudiante\\.vscode\\extensions\\uqbar.wollok-lsp-ide-0.5.4\\out\\server\\src\\server.js:8:1561)","timestamp":"2026-06-15T03:48:35.229Z"}
{"level":"error","message":"✘ Failed to rebuild document Failed to parse game.wlk: \n-- PARSING FAILED --------------------------------------------------\n\n   6 |     method image() = \"dude.png\"\n   7 |     method position() = game.at(x,y)\n>  8 | }\n     | ^\n   9 | \n  10 | object piedra {\n\nExpected one of the following: \n\n'@', 'class', 'const', 'describe', 'mixin', 'object', 'only', 'package', 'program', 'test', 'var', '{', EOF, comment, not \"}\r\n\r\n\", whitespace\n","stack":"Error: Failed to parse game.wlk: \n-- PARSING FAILED --------------------------------------------------\n\n   6 |     method image() = \"dude.png\"\n   7 |     method position() = game.at(x,y)\n>  8 | }\n     | ^\n   9 | \n  10 | object piedra {\n\nExpected one of the following: \n\n'@', 'class', 'const', 'describe', 'mixin', 'object', 'only', 'package', 'program', 'test', 'var', '{', EOF, comment, not \"}\r\n\r\n\", whitespace\n\n    at c:\\Users\\Estudiante\\.vscode\\extensions\\uqbar.wollok-lsp-ide-0.5.4\\out\\server\\src\\server.js:2353:13026\n    at Array.map (<anonymous>)\n    at U1n (c:\\Users\\Estudiante\\.vscode\\extensions\\uqbar.wollok-lsp-ide-0.5.4\\out\\server\\src\\server.js:2353:12950)\n    at H2.buildEnvironmentFrom (c:\\Users\\Estudiante\\.vscode\\extensions\\uqbar.wollok-lsp-ide-0.5.4\\out\\server\\src\\server.js:2398:5254)\n    at H2.updateEnvironmentWith (c:\\Users\\Estudiante\\.vscode\\extensions\\uqbar.wollok-lsp-ide-0.5.4\\out\\server\\src\\server.js:2398:4989)\n    at GF (c:\\Users\\Estudiante\\.vscode\\extensions\\uqbar.wollok-lsp-ide-0.5.4\\out\\server\\src\\server.js:2398:7383)\n    at V3.invoke (c:\\Users\\Estudiante\\.vscode\\extensions\\uqbar.wollok-lsp-ide-0.5.4\\out\\server\\src\\server.js:3:157328)\n    at o.fire (c:\\Users\\Estudiante\\.vscode\\extensions\\uqbar.wollok-lsp-ide-0.5.4\\out\\server\\src\\server.js:3:158098)\n    at c:\\Users\\Estudiante\\.vscode\\extensions\\uqbar.wollok-lsp-ide-0.5.4\\out\\server\\src\\server.js:37:57871\n    at nd (c:\\Users\\Estudiante\\.vscode\\extensions\\uqbar.wollok-lsp-ide-0.5.4\\out\\server\\src\\server.js:8:1561)","timestamp":"2026-06-15T03:48:35.442Z"}
{"level":"error","message":"✘ Failed to rebuild document Failed to parse game.wlk: \n-- PARSING FAILED --------------------------------------------------\n\n   6 |     method image() = \"dude.png\"\n   7 |     method position() = game.at(x,y)\n>  8 | }\n     | ^\n   9 | \n  10 | object piedra {\n\nExpected one of the following: \n\n'@', 'class', 'const', 'describe', 'mixin', 'object', 'only', 'package', 'program', 'test', 'var', '{', EOF, comment, not \"}\r\n\r\n\", whitespace\n","stack":"Error: Failed to parse game.wlk: \n-- PARSING FAILED --------------------------------------------------\n\n   6 |     method image() = \"dude.png\"\n   7 |     method position() = game.at(x,y)\n>  8 | }\n     | ^\n   9 | \n  10 | object piedra {\n\nExpected one of the following: \n\n'@', 'class', 'const', 'describe', 'mixin', 'object', 'only', 'package', 'program', 'test', 'var', '{', EOF, comment, not \"}\r\n\r\n\", whitespace\n\n    at c:\\Users\\Estudiante\\.vscode\\extensions\\uqbar.wollok-lsp-ide-0.5.4\\out\\server\\src\\server.js:2353:13026\n    at Array.map (<anonymous>)\n    at U1n (c:\\Users\\Estudiante\\.vscode\\extensions\\uqbar.wollok-lsp-ide-0.5.4\\out\\server\\src\\server.js:2353:12950)\n    at H2.buildEnvironmentFrom (c:\\Users\\Estudiante\\.vscode\\extensions\\uqbar.wollok-lsp-ide-0.5.4\\out\\server\\src\\server.js:2398:5254)\n    at H2.updateEnvironmentWith (c:\\Users\\Estudiante\\.vscode\\extensions\\uqbar.wollok-lsp-ide-0.5.4\\out\\server\\src\\server.js:2398:4989)\n    at GF (c:\\Users\\Estudiante\\.vscode\\extensions\\uqbar.wollok-lsp-ide-0.5.4\\out\\server\\src\\server.js:2398:7383)\n    at V3.invoke (c:\\Users\\Estudiante\\.vscode\\extensions\\uqbar.wollok-lsp-ide-0.5.4\\out\\server\\src\\server.js:3:157328)\n    at o.fire (c:\\Users\\Estudiante\\.vscode\\extensions\\uqbar.wollok-lsp-ide-0.5.4\\out\\server\\src\\server.js:3:158098)\n    at c:\\Users\\Estudiante\\.vscode\\extensions\\uqbar.wollok-lsp-ide-0.5.4\\out\\server\\src\\server.js:37:57871\n    at nd (c:\\Users\\Estudiante\\.vscode\\extensions\\uqbar.wollok-lsp-ide-0.5.4\\out\\server\\src\\server.js:8:1561)","timestamp":"2026-06-15T03:48:37.279Z"}
{"level":"error","message":"✘ Failed to rebuild document Failed to parse game.wlk: \n-- PARSING FAILED --------------------------------------------------\n\n   6 |     method image() = \"dude.png\"\n   7 |     method position() = game.at(x,y)\n>  8 | }\n     | ^\n   9 | \n  10 | object piedra {\n\nExpected one of the following: \n\n'@', 'class', 'const', 'describe', 'mixin', 'object', 'only', 'package', 'program', 'test', 'var', '{', EOF, comment, not \"}\r\n\r\n\", whitespace\n","stack":"Error: Failed to parse game.wlk: \n-- PARSING FAILED --------------------------------------------------\n\n   6 |     method image() = \"dude.png\"\n   7 |     method position() = game.at(x,y)\n>  8 | }\n     | ^\n   9 | \n  10 | object piedra {\n\nExpected one of the following: \n\n'@', 'class', 'const', 'describe', 'mixin', 'object', 'only', 'package', 'program', 'test', 'var', '{', EOF, comment, not \"}\r\n\r\n\", whitespace\n\n    at c:\\Users\\Estudiante\\.vscode\\extensions\\uqbar.wollok-lsp-ide-0.5.4\\out\\server\\src\\server.js:2353:13026\n    at Array.map (<anonymous>)\n    at U1n (c:\\Users\\Estudiante\\.vscode\\extensions\\uqbar.wollok-lsp-ide-0.5.4\\out\\server\\src\\server.js:2353:12950)\n    at H2.buildEnvironmentFrom (c:\\Users\\Estudiante\\.vscode\\extensions\\uqbar.wollok-lsp-ide-0.5.4\\out\\server\\src\\server.js:2398:5254)\n    at H2.updateEnvironmentWith (c:\\Users\\Estudiante\\.vscode\\extensions\\uqbar.wollok-lsp-ide-0.5.4\\out\\server\\src\\server.js:2398:4989)\n    at GF (c:\\Users\\Estudiante\\.vscode\\extensions\\uqbar.wollok-lsp-ide-0.5.4\\out\\server\\src\\server.js:2398:7383)\n    at V3.invoke (c:\\Users\\Estudiante\\.vscode\\extensions\\uqbar.wollok-lsp-ide-0.5.4\\out\\server\\src\\server.js:3:157328)\n    at o.fire (c:\\Users\\Estudiante\\.vscode\\extensions\\uqbar.wollok-lsp-ide-0.5.4\\out\\server\\src\\server.js:3:158098)\n    at c:\\Users\\Estudiante\\.vscode\\extensions\\uqbar.wollok-lsp-ide-0.5.4\\out\\server\\src\\server.js:37:57871\n    at nd (c:\\Users\\Estudiante\\.vscode\\extensions\\uqbar.wollok-lsp-ide-0.5.4\\out\\server\\src\\server.js:8:1561)","timestamp":"2026-06-15T03:48:37.593Z"}
{"level":"error","message":"✘ Failed to rebuild document Failed to parse game.wlk: \n-- PARSING FAILED --------------------------------------------------\n\n   6 |     method image() = \"dude.png\"\n   7 |     method position() = game.at(x,y)\n>  8 | }\n     | ^\n   9 | \n  10 | object piedra {\n\nExpected one of the following: \n\n'@', 'class', 'const', 'describe', 'mixin', 'object', 'only', 'package', 'program', 'test', 'var', '{', EOF, comment, not \"}\r\n\r\n\", whitespace\n","stack":"Error: Failed to parse game.wlk: \n-- PARSING FAILED --------------------------------------------------\n\n   6 |     method image() = \"dude.png\"\n   7 |     method position() = game.at(x,y)\n>  8 | }\n     | ^\n   9 | \n  10 | object piedra {\n\nExpected one of the following: \n\n'@', 'class', 'const', 'describe', 'mixin', 'object', 'only', 'package', 'program', 'test', 'var', '{', EOF, comment, not \"}\r\n\r\n\", whitespace\n\n    at c:\\Users\\Estudiante\\.vscode\\extensions\\uqbar.wollok-lsp-ide-0.5.4\\out\\server\\src\\server.js:2353:13026\n    at Array.map (<anonymous>)\n    at U1n (c:\\Users\\Estudiante\\.vscode\\extensions\\uqbar.wollok-lsp-ide-0.5.4\\out\\server\\src\\server.js:2353:12950)\n    at H2.buildEnvironmentFrom (c:\\Users\\Estudiante\\.vscode\\extensions\\uqbar.wollok-lsp-ide-0.5.4\\out\\server\\src\\server.js:2398:5254)\n    at H2.updateEnvironmentWith (c:\\Users\\Estudiante\\.vscode\\extensions\\uqbar.wollok-lsp-ide-0.5.4\\out\\server\\src\\server.js:2398:4989)\n    at GF (c:\\Users\\Estudiante\\.vscode\\extensions\\uqbar.wollok-lsp-ide-0.5.4\\out\\server\\src\\server.js:2398:7383)\n    at V3.invoke (c:\\Users\\Estudiante\\.vscode\\extensions\\uqbar.wollok-lsp-ide-0.5.4\\out\\server\\src\\server.js:3:157328)\n    at o.fire (c:\\Users\\Estudiante\\.vscode\\extensions\\uqbar.wollok-lsp-ide-0.5.4\\out\\server\\src\\server.js:3:158098)\n    at c:\\Users\\Estudiante\\.vscode\\extensions\\uqbar.wollok-lsp-ide-0.5.4\\out\\server\\src\\server.js:37:57871\n    at nd (c:\\Users\\Estudiante\\.vscode\\extensions\\uqbar.wollok-lsp-ide-0.5.4\\out\\server\\src\\server.js:8:1561)","timestamp":"2026-06-15T03:48:38.189Z"}
{"level":"error","message":"✘ Failed to rebuild document Failed to parse game.wlk: \n-- PARSING FAILED --------------------------------------------------\n\n   6 |     method image() = \"dude.png\"\n   7 |     method position() = game.at(x,y)\n>  8 | }\n     | ^\n   9 | \n  10 | object piedra {\n\nExpected one of the following: \n\n'@', 'class', 'const', 'describe', 'mixin', 'object', 'only', 'package', 'program', 'test', 'var', '{', EOF, comment, not \"}\r\n\r\n\", whitespace\n","stack":"Error: Failed to parse game.wlk: \n-- PARSING FAILED --------------------------------------------------\n\n   6 |     method image() = \"dude.png\"\n   7 |     method position() = game.at(x,y)\n>  8 | }\n     | ^\n   9 | \n  10 | object piedra {\n\nExpected one of the following: \n\n'@', 'class', 'const', 'describe', 'mixin', 'object', 'only', 'package', 'program', 'test', 'var', '{', EOF, comment, not \"}\r\n\r\n\", whitespace\n\n    at c:\\Users\\Estudiante\\.vscode\\extensions\\uqbar.wollok-lsp-ide-0.5.4\\out\\server\\src\\server.js:2353:13026\n    at Array.map (<anonymous>)\n    at U1n (c:\\Users\\Estudiante\\.vscode\\extensions\\uqbar.wollok-lsp-ide-0.5.4\\out\\server\\src\\server.js:2353:12950)\n    at H2.buildEnvironmentFrom (c:\\Users\\Estudiante\\.vscode\\extensions\\uqbar.wollok-lsp-ide-0.5.4\\out\\server\\src\\server.js:2398:5254)\n    at H2.updateEnvironmentWith (c:\\Users\\Estudiante\\.vscode\\extensions\\uqbar.wollok-lsp-ide-0.5.4\\out\\server\\src\\server.js:2398:4989)\n    at GF (c:\\Users\\Estudiante\\.vscode\\extensions\\uqbar.wollok-lsp-ide-0.5.4\\out\\server\\src\\server.js:2398:7383)\n    at V3.invoke (c:\\Users\\Estudiante\\.vscode\\extensions\\uqbar.wollok-lsp-ide-0.5.4\\out\\server\\src\\server.js:3:157328)\n    at o.fire (c:\\Users\\Estudiante\\.vscode\\extensions\\uqbar.wollok-lsp-ide-0.5.4\\out\\server\\src\\server.js:3:158098)\n    at c:\\Users\\Estudiante\\.vscode\\extensions\\uqbar.wollok-lsp-ide-0.5.4\\out\\server\\src\\server.js:37:57871\n    at nd (c:\\Users\\Estudiante\\.vscode\\extensions\\uqbar.wollok-lsp-ide-0.5.4\\out\\server\\src\\server.js:8:1561)","timestamp":"2026-06-15T03:48:38.633Z"}
{"level":"error","message":"✘ Failed to rebuild document Failed to parse game.wlk: \n-- PARSING FAILED --------------------------------------------------\n\n   6 |     method image() = \"dude.png\"\n   7 |     method position() = game.at(x,y)\n>  8 | }\n     | ^\n   9 | \n  10 | object piedra {\n\nExpected one of the following: \n\n'@', 'class', 'const', 'describe', 'mixin', 'object', 'only', 'package', 'program', 'test', 'var', '{', EOF, comment, not \"}\r\n\r\n\", whitespace\n","stack":"Error: Failed to parse game.wlk: \n-- PARSING FAILED --------------------------------------------------\n\n   6 |     method image() = \"dude.png\"\n   7 |     method position() = game.at(x,y)\n>  8 | }\n     | ^\n   9 | \n  10 | object piedra {\n\nExpected one of the following: \n\n'@', 'class', 'const', 'describe', 'mixin', 'object', 'only', 'package', 'program', 'test', 'var', '{', EOF, comment, not \"}\r\n\r\n\", whitespace\n\n    at c:\\Users\\Estudiante\\.vscode\\extensions\\uqbar.wollok-lsp-ide-0.5.4\\out\\server\\src\\server.js:2353:13026\n    at Array.map (<anonymous>)\n    at U1n (c:\\Users\\Estudiante\\.vscode\\extensions\\uqbar.wollok-lsp-ide-0.5.4\\out\\server\\src\\server.js:2353:12950)\n    at H2.buildEnvironmentFrom (c:\\Users\\Estudiante\\.vscode\\extensions\\uqbar.wollok-lsp-ide-0.5.4\\out\\server\\src\\server.js:2398:5254)\n    at H2.updateEnvironmentWith (c:\\Users\\Estudiante\\.vscode\\extensions\\uqbar.wollok-lsp-ide-0.5.4\\out\\server\\src\\server.js:2398:4989)\n    at GF (c:\\Users\\Estudiante\\.vscode\\extensions\\uqbar.wollok-lsp-ide-0.5.4\\out\\server\\src\\server.js:2398:7383)\n    at V3.invoke (c:\\Users\\Estudiante\\.vscode\\extensions\\uqbar.wollok-lsp-ide-0.5.4\\out\\server\\src\\server.js:3:157328)\n    at o.fire (c:\\Users\\Estudiante\\.vscode\\extensions\\uqbar.wollok-lsp-ide-0.5.4\\out\\server\\src\\server.js:3:158098)\n    at c:\\Users\\Estudiante\\.vscode\\extensions\\uqbar.wollok-lsp-ide-0.5.4\\out\\server\\src\\server.js:37:57871\n    at nd (c:\\Users\\Estudiante\\.vscode\\extensions\\uqbar.wollok-lsp-ide-0.5.4\\out\\server\\src\\server.js:8:1561)","timestamp":"2026-06-15T03:48:38.893Z"}
{"level":"error","message":"✘ Failed to rebuild document Failed to parse game.wlk: \n-- PARSING FAILED --------------------------------------------------\n\n   6 |     method image() = \"dude.png\"\n   7 |     method position() = game.at(x,y)\n>  8 | }\n     | ^\n   9 | \n  10 | object piedra {\n\nExpected one of the following: \n\n'@', 'class', 'const', 'describe', 'mixin', 'object', 'only', 'package', 'program', 'test', 'var', '{', EOF, comment, not \"}\r\n\r\n\", whitespace\n","stack":"Error: Failed to parse game.wlk: \n-- PARSING FAILED --------------------------------------------------\n\n   6 |     method image() = \"dude.png\"\n   7 |     method position() = game.at(x,y)\n>  8 | }\n     | ^\n   9 | \n  10 | object piedra {\n\nExpected one of the following: \n\n'@', 'class', 'const', 'describe', 'mixin', 'object', 'only', 'package', 'program', 'test', 'var', '{', EOF, comment, not \"}\r\n\r\n\", whitespace\n\n    at c:\\Users\\Estudiante\\.vscode\\extensions\\uqbar.wollok-lsp-ide-0.5.4\\out\\server\\src\\server.js:2353:13026\n    at Array.map (<anonymous>)\n    at U1n (c:\\Users\\Estudiante\\.vscode\\extensions\\uqbar.wollok-lsp-ide-0.5.4\\out\\server\\src\\server.js:2353:12950)\n    at H2.buildEnvironmentFrom (c:\\Users\\Estudiante\\.vscode\\extensions\\uqbar.wollok-lsp-ide-0.5.4\\out\\server\\src\\server.js:2398:5254)\n    at H2.updateEnvironmentWith (c:\\Users\\Estudiante\\.vscode\\extensions\\uqbar.wollok-lsp-ide-0.5.4\\out\\server\\src\\server.js:2398:4989)\n    at GF (c:\\Users\\Estudiante\\.vscode\\extensions\\uqbar.wollok-lsp-ide-0.5.4\\out\\server\\src\\server.js:2398:7383)\n    at V3.invoke (c:\\Users\\Estudiante\\.vscode\\extensions\\uqbar.wollok-lsp-ide-0.5.4\\out\\server\\src\\server.js:3:157328)\n    at o.fire (c:\\Users\\Estudiante\\.vscode\\extensions\\uqbar.wollok-lsp-ide-0.5.4\\out\\server\\src\\server.js:3:158098)\n    at c:\\Users\\Estudiante\\.vscode\\extensions\\uqbar.wollok-lsp-ide-0.5.4\\out\\server\\src\\server.js:37:57871\n    at nd (c:\\Users\\Estudiante\\.vscode\\extensions\\uqbar.wollok-lsp-ide-0.5.4\\out\\server\\src\\server.js:8:1561)","timestamp":"2026-06-15T03:48:39.477Z"}
{"level":"error","message":"✘ Failed to rebuild document Failed to parse game.wlk: \n-- PARSING FAILED --------------------------------------------------\n\n   6 |     method image() = \"dude.png\"\n   7 |     method position() = game.at(x,y)\n>  8 | }\n     | ^\n   9 | \n  10 | object piedra {\n\nExpected one of the following: \n\n'@', 'class', 'const', 'describe', 'mixin', 'object', 'only', 'package', 'program', 'test', 'var', '{', EOF, comment, not \"}\r\n\r\n\", whitespace\n","stack":"Error: Failed to parse game.wlk: \n-- PARSING FAILED --------------------------------------------------\n\n   6 |     method image() = \"dude.png\"\n   7 |     method position() = game.at(x,y)\n>  8 | }\n     | ^\n   9 | \n  10 | object piedra {\n\nExpected one of the following: \n\n'@', 'class', 'const', 'describe', 'mixin', 'object', 'only', 'package', 'program', 'test', 'var', '{', EOF, comment, not \"}\r\n\r\n\", whitespace\n\n    at c:\\Users\\Estudiante\\.vscode\\extensions\\uqbar.wollok-lsp-ide-0.5.4\\out\\server\\src\\server.js:2353:13026\n    at Array.map (<anonymous>)\n    at U1n (c:\\Users\\Estudiante\\.vscode\\extensions\\uqbar.wollok-lsp-ide-0.5.4\\out\\server\\src\\server.js:2353:12950)\n    at H2.buildEnvironmentFrom (c:\\Users\\Estudiante\\.vscode\\extensions\\uqbar.wollok-lsp-ide-0.5.4\\out\\server\\src\\server.js:2398:5254)\n    at H2.updateEnvironmentWith (c:\\Users\\Estudiante\\.vscode\\extensions\\uqbar.wollok-lsp-ide-0.5.4\\out\\server\\src\\server.js:2398:4989)\n    at GF (c:\\Users\\Estudiante\\.vscode\\extensions\\uqbar.wollok-lsp-ide-0.5.4\\out\\server\\src\\server.js:2398:7383)\n    at V3.invoke (c:\\Users\\Estudiante\\.vscode\\extensions\\uqbar.wollok-lsp-ide-0.5.4\\out\\server\\src\\server.js:3:157328)\n    at o.fire (c:\\Users\\Estudiante\\.vscode\\extensions\\uqbar.wollok-lsp-ide-0.5.4\\out\\server\\src\\server.js:3:158098)\n    at c:\\Users\\Estudiante\\.vscode\\extensions\\uqbar.wollok-lsp-ide-0.5.4\\out\\server\\src\\server.js:37:57871\n    at nd (c:\\Users\\Estudiante\\.vscode\\extensions\\uqbar.wollok-lsp-ide-0.5.4\\out\\server\\src\\server.js:8:1561)","timestamp":"2026-06-15T03:48:43.355Z"}
{"level":"error","message":"✘ Failed to rebuild document Failed to parse game.wlk: \n-- PARSING FAILED --------------------------------------------------\n\n   6 |     method image() = \"dude.png\"\n   7 |     method position() = game.at(x,y)\n>  8 | }\n     | ^\n   9 | \n  10 | object piedra {\n\nExpected one of the following: \n\n'@', 'class', 'const', 'describe', 'mixin', 'object', 'only', 'package', 'program', 'test', 'var', '{', EOF, comment, not \"}\r\n\r\n\", whitespace\n","stack":"Error: Failed to parse game.wlk: \n-- PARSING FAILED --------------------------------------------------\n\n   6 |     method image() = \"dude.png\"\n   7 |     method position() = game.at(x,y)\n>  8 | }\n     | ^\n   9 | \n  10 | object piedra {\n\nExpected one of the following: \n\n'@', 'class', 'const', 'describe', 'mixin', 'object', 'only', 'package', 'program', 'test', 'var', '{', EOF, comment, not \"}\r\n\r\n\", whitespace\n\n    at c:\\Users\\Estudiante\\.vscode\\extensions\\uqbar.wollok-lsp-ide-0.5.4\\out\\server\\src\\server.js:2353:13026\n    at Array.map (<anonymous>)\n    at U1n (c:\\Users\\Estudiante\\.vscode\\extensions\\uqbar.wollok-lsp-ide-0.5.4\\out\\server\\src\\server.js:2353:12950)\n    at H2.buildEnvironmentFrom (c:\\Users\\Estudiante\\.vscode\\extensions\\uqbar.wollok-lsp-ide-0.5.4\\out\\server\\src\\server.js:2398:5254)\n    at H2.updateEnvironmentWith (c:\\Users\\Estudiante\\.vscode\\extensions\\uqbar.wollok-lsp-ide-0.5.4\\out\\server\\src\\server.js:2398:4989)\n    at GF (c:\\Users\\Estudiante\\.vscode\\extensions\\uqbar.wollok-lsp-ide-0.5.4\\out\\server\\src\\server.js:2398:7383)\n    at V3.invoke (c:\\Users\\Estudiante\\.vscode\\extensions\\uqbar.wollok-lsp-ide-0.5.4\\out\\server\\src\\server.js:3:157328)\n    at o.fire (c:\\Users\\Estudiante\\.vscode\\extensions\\uqbar.wollok-lsp-ide-0.5.4\\out\\server\\src\\server.js:3:158098)\n    at c:\\Users\\Estudiante\\.vscode\\extensions\\uqbar.wollok-lsp-ide-0.5.4\\out\\server\\src\\server.js:37:57871\n    at nd (c:\\Users\\Estudiante\\.vscode\\extensions\\uqbar.wollok-lsp-ide-0.5.4\\out\\server\\src\\server.js:8:1561)","timestamp":"2026-06-15T03:48:44.712Z"}
{"level":"error","message":"✘ Failed to rebuild document Failed to parse game.wlk: \n-- PARSING FAILED --------------------------------------------------\n\n   6 |     method image() = \"dude.png\"\n   7 |     method position() = game.at(x,y)\n>  8 | }\n     | ^\n   9 | \n  10 | object piedra {\n\nExpected one of the following: \n\n'@', 'class', 'const', 'describe', 'mixin', 'object', 'only', 'package', 'program', 'test', 'var', '{', EOF, comment, not \"}\r\n\r\n\", whitespace\n","stack":"Error: Failed to parse game.wlk: \n-- PARSING FAILED --------------------------------------------------\n\n   6 |     method image() = \"dude.png\"\n   7 |     method position() = game.at(x,y)\n>  8 | }\n     | ^\n   9 | \n  10 | object piedra {\n\nExpected one of the following: \n\n'@', 'class', 'const', 'describe', 'mixin', 'object', 'only', 'package', 'program', 'test', 'var', '{', EOF, comment, not \"}\r\n\r\n\", whitespace\n\n    at c:\\Users\\Estudiante\\.vscode\\extensions\\uqbar.wollok-lsp-ide-0.5.4\\out\\server\\src\\server.js:2353:13026\n    at Array.map (<anonymous>)\n    at U1n (c:\\Users\\Estudiante\\.vscode\\extensions\\uqbar.wollok-lsp-ide-0.5.4\\out\\server\\src\\server.js:2353:12950)\n    at H2.buildEnvironmentFrom (c:\\Users\\Estudiante\\.vscode\\extensions\\uqbar.wollok-lsp-ide-0.5.4\\out\\server\\src\\server.js:2398:5254)\n    at H2.updateEnvironmentWith (c:\\Users\\Estudiante\\.vscode\\extensions\\uqbar.wollok-lsp-ide-0.5.4\\out\\server\\src\\server.js:2398:4989)\n    at GF (c:\\Users\\Estudiante\\.vscode\\extensions\\uqbar.wollok-lsp-ide-0.5.4\\out\\server\\src\\server.js:2398:7383)\n    at V3.invoke (c:\\Users\\Estudiante\\.vscode\\extensions\\uqbar.wollok-lsp-ide-0.5.4\\out\\server\\src\\server.js:3:157328)\n    at o.fire (c:\\Users\\Estudiante\\.vscode\\extensions\\uqbar.wollok-lsp-ide-0.5.4\\out\\server\\src\\server.js:3:158098)\n    at c:\\Users\\Estudiante\\.vscode\\extensions\\uqbar.wollok-lsp-ide-0.5.4\\out\\server\\src\\server.js:37:57871\n    at nd (c:\\Users\\Estudiante\\.vscode\\extensions\\uqbar.wollok-lsp-ide-0.5.4\\out\\server\\src\\server.js:8:1561)","timestamp":"2026-06-15T03:48:45.029Z"}
{"level":"error","message":"✘ Failed to rebuild document Failed to parse game.wlk: \n-- PARSING FAILED --------------------------------------------------\n\n   6 |     method image() = \"dude.png\"\n   7 |     method position() = game.at(x,y)\n>  8 | }\n     | ^\n   9 | \n  10 | object piedra {\n\nExpected one of the following: \n\n'@', 'class', 'const', 'describe', 'mixin', 'object', 'only', 'package', 'program', 'test', 'var', '{', EOF, comment, not \"}\r\n\r\n\", whitespace\n","stack":"Error: Failed to parse game.wlk: \n-- PARSING FAILED --------------------------------------------------\n\n   6 |     method image() = \"dude.png\"\n   7 |     method position() = game.at(x,y)\n>  8 | }\n     | ^\n   9 | \n  10 | object piedra {\n\nExpected one of the following: \n\n'@', 'class', 'const', 'describe', 'mixin', 'object', 'only', 'package', 'program', 'test', 'var', '{', EOF, comment, not \"}\r\n\r\n\", whitespace\n\n    at c:\\Users\\Estudiante\\.vscode\\extensions\\uqbar.wollok-lsp-ide-0.5.4\\out\\server\\src\\server.js:2353:13026\n    at Array.map (<anonymous>)\n    at U1n (c:\\Users\\Estudiante\\.vscode\\extensions\\uqbar.wollok-lsp-ide-0.5.4\\out\\server\\src\\server.js:2353:12950)\n    at H2.buildEnvironmentFrom (c:\\Users\\Estudiante\\.vscode\\extensions\\uqbar.wollok-lsp-ide-0.5.4\\out\\server\\src\\server.js:2398:5254)\n    at H2.updateEnvironmentWith (c:\\Users\\Estudiante\\.vscode\\extensions\\uqbar.wollok-lsp-ide-0.5.4\\out\\server\\src\\server.js:2398:4989)\n    at GF (c:\\Users\\Estudiante\\.vscode\\extensions\\uqbar.wollok-lsp-ide-0.5.4\\out\\server\\src\\server.js:2398:7383)\n    at V3.invoke (c:\\Users\\Estudiante\\.vscode\\extensions\\uqbar.wollok-lsp-ide-0.5.4\\out\\server\\src\\server.js:3:157328)\n    at o.fire (c:\\Users\\Estudiante\\.vscode\\extensions\\uqbar.wollok-lsp-ide-0.5.4\\out\\server\\src\\server.js:3:158098)\n    at c:\\Users\\Estudiante\\.vscode\\extensions\\uqbar.wollok-lsp-ide-0.5.4\\out\\server\\src\\server.js:37:57871\n    at nd (c:\\Users\\Estudiante\\.vscode\\extensions\\uqbar.wollok-lsp-ide-0.5.4\\out\\server\\src\\server.js:8:1561)","timestamp":"2026-06-15T03:48:45.361Z"}
{"level":"error","message":"✘ Failed to rebuild document Failed to parse game.wlk: \n-- PARSING FAILED --------------------------------------------------\n\n   6 |     method image() = \"dude.png\"\n   7 |     method position() = game.at(x,y)\n>  8 | }\n     | ^\n   9 | \n  10 | object piedra {\n\nExpected one of the following: \n\n'@', 'class', 'const', 'describe', 'mixin', 'object', 'only', 'package', 'program', 'test', 'var', '{', EOF, comment, not \"}\r\n\r\n\", whitespace\n","stack":"Error: Failed to parse game.wlk: \n-- PARSING FAILED --------------------------------------------------\n\n   6 |     method image() = \"dude.png\"\n   7 |     method position() = game.at(x,y)\n>  8 | }\n     | ^\n   9 | \n  10 | object piedra {\n\nExpected one of the following: \n\n'@', 'class', 'const', 'describe', 'mixin', 'object', 'only', 'package', 'program', 'test', 'var', '{', EOF, comment, not \"}\r\n\r\n\", whitespace\n\n    at c:\\Users\\Estudiante\\.vscode\\extensions\\uqbar.wollok-lsp-ide-0.5.4\\out\\server\\src\\server.js:2353:13026\n    at Array.map (<anonymous>)\n    at U1n (c:\\Users\\Estudiante\\.vscode\\extensions\\uqbar.wollok-lsp-ide-0.5.4\\out\\server\\src\\server.js:2353:12950)\n    at H2.buildEnvironmentFrom (c:\\Users\\Estudiante\\.vscode\\extensions\\uqbar.wollok-lsp-ide-0.5.4\\out\\server\\src\\server.js:2398:5254)\n    at H2.updateEnvironmentWith (c:\\Users\\Estudiante\\.vscode\\extensions\\uqbar.wollok-lsp-ide-0.5.4\\out\\server\\src\\server.js:2398:4989)\n    at GF (c:\\Users\\Estudiante\\.vscode\\extensions\\uqbar.wollok-lsp-ide-0.5.4\\out\\server\\src\\server.js:2398:7383)\n    at V3.invoke (c:\\Users\\Estudiante\\.vscode\\extensions\\uqbar.wollok-lsp-ide-0.5.4\\out\\server\\src\\server.js:3:157328)\n    at o.fire (c:\\Users\\Estudiante\\.vscode\\extensions\\uqbar.wollok-lsp-ide-0.5.4\\out\\server\\src\\server.js:3:158098)\n    at c:\\Users\\Estudiante\\.vscode\\extensions\\uqbar.wollok-lsp-ide-0.5.4\\out\\server\\src\\server.js:37:57871\n    at nd (c:\\Users\\Estudiante\\.vscode\\extensions\\uqbar.wollok-lsp-ide-0.5.4\\out\\server\\src\\server.js:8:1561)","timestamp":"2026-06-15T03:48:45.647Z"}
{"level":"error","message":"✘ Failed to rebuild document Failed to parse game.wlk: \n-- PARSING FAILED --------------------------------------------------\n\n   6 |     method image() = \"dude.png\"\n   7 |     method position() = game.at(x,y)\n>  8 | }\n     | ^\n   9 | \n  10 | object piedra {\n\nExpected one of the following: \n\n'@', 'class', 'const', 'describe', 'mixin', 'object', 'only', 'package', 'program', 'test', 'var', '{', EOF, comment, not \"}\r\n\r\n\", whitespace\n","stack":"Error: Failed to parse game.wlk: \n-- PARSING FAILED --------------------------------------------------\n\n   6 |     method image() = \"dude.png\"\n   7 |     method position() = game.at(x,y)\n>  8 | }\n     | ^\n   9 | \n  10 | object piedra {\n\nExpected one of the following: \n\n'@', 'class', 'const', 'describe', 'mixin', 'object', 'only', 'package', 'program', 'test', 'var', '{', EOF, comment, not \"}\r\n\r\n\", whitespace\n\n    at c:\\Users\\Estudiante\\.vscode\\extensions\\uqbar.wollok-lsp-ide-0.5.4\\out\\server\\src\\server.js:2353:13026\n    at Array.map (<anonymous>)\n    at U1n (c:\\Users\\Estudiante\\.vscode\\extensions\\uqbar.wollok-lsp-ide-0.5.4\\out\\server\\src\\server.js:2353:12950)\n    at H2.buildEnvironmentFrom (c:\\Users\\Estudiante\\.vscode\\extensions\\uqbar.wollok-lsp-ide-0.5.4\\out\\server\\src\\server.js:2398:5254)\n    at H2.updateEnvironmentWith (c:\\Users\\Estudiante\\.vscode\\extensions\\uqbar.wollok-lsp-ide-0.5.4\\out\\server\\src\\server.js:2398:4989)\n    at GF (c:\\Users\\Estudiante\\.vscode\\extensions\\uqbar.wollok-lsp-ide-0.5.4\\out\\server\\src\\server.js:2398:7383)\n    at V3.invoke (c:\\Users\\Estudiante\\.vscode\\extensions\\uqbar.wollok-lsp-ide-0.5.4\\out\\server\\src\\server.js:3:157328)\n    at o.fire (c:\\Users\\Estudiante\\.vscode\\extensions\\uqbar.wollok-lsp-ide-0.5.4\\out\\server\\src\\server.js:3:158098)\n    at c:\\Users\\Estudiante\\.vscode\\extensions\\uqbar.wollok-lsp-ide-0.5.4\\out\\server\\src\\server.js:37:57871\n    at nd (c:\\Users\\Estudiante\\.vscode\\extensions\\uqbar.wollok-lsp-ide-0.5.4\\out\\server\\src\\server.js:8:1561)","timestamp":"2026-06-15T03:48:45.951Z"}
{"level":"error","message":"✘ Failed to rebuild document Failed to parse game.wlk: \n-- PARSING FAILED --------------------------------------------------\n\n   6 |     method image() = \"dude.png\"\n   7 |     method position() = game.at(x,y)\n>  8 | }\n     | ^\n   9 | \n  10 | object piedra {\n\nExpected one of the following: \n\n'@', 'class', 'const', 'describe', 'mixin', 'object', 'only', 'package', 'program', 'test', 'var', '{', EOF, comment, not \"}\r\n\r\n\", whitespace\n","stack":"Error: Failed to parse game.wlk: \n-- PARSING FAILED --------------------------------------------------\n\n   6 |     method image() = \"dude.png\"\n   7 |     method position() = game.at(x,y)\n>  8 | }\n     | ^\n   9 | \n  10 | object piedra {\n\nExpected one of the following: \n\n'@', 'class', 'const', 'describe', 'mixin', 'object', 'only', 'package', 'program', 'test', 'var', '{', EOF, comment, not \"}\r\n\r\n\", whitespace\n\n    at c:\\Users\\Estudiante\\.vscode\\extensions\\uqbar.wollok-lsp-ide-0.5.4\\out\\server\\src\\server.js:2353:13026\n    at Array.map (<anonymous>)\n    at U1n (c:\\Users\\Estudiante\\.vscode\\extensions\\uqbar.wollok-lsp-ide-0.5.4\\out\\server\\src\\server.js:2353:12950)\n    at H2.buildEnvironmentFrom (c:\\Users\\Estudiante\\.vscode\\extensions\\uqbar.wollok-lsp-ide-0.5.4\\out\\server\\src\\server.js:2398:5254)\n    at H2.updateEnvironmentWith (c:\\Users\\Estudiante\\.vscode\\extensions\\uqbar.wollok-lsp-ide-0.5.4\\out\\server\\src\\server.js:2398:4989)\n    at GF (c:\\Users\\Estudiante\\.vscode\\extensions\\uqbar.wollok-lsp-ide-0.5.4\\out\\server\\src\\server.js:2398:7383)\n    at V3.invoke (c:\\Users\\Estudiante\\.vscode\\extensions\\uqbar.wollok-lsp-ide-0.5.4\\out\\server\\src\\server.js:3:157328)\n    at o.fire (c:\\Users\\Estudiante\\.vscode\\extensions\\uqbar.wollok-lsp-ide-0.5.4\\out\\server\\src\\server.js:3:158098)\n    at c:\\Users\\Estudiante\\.vscode\\extensions\\uqbar.wollok-lsp-ide-0.5.4\\out\\server\\src\\server.js:37:57871\n    at nd (c:\\Users\\Estudiante\\.vscode\\extensions\\uqbar.wollok-lsp-ide-0.5.4\\out\\server\\src\\server.js:8:1561)","timestamp":"2026-06-15T03:48:47.325Z"}
{"level":"error","message":"✘ Failed to rebuild document Failed to parse game.wlk: \n-- PARSING FAILED --------------------------------------------------\n\n   6 |     method image() = \"dude.png\"\n   7 |     method position() = game.at(x,y)\n>  8 | }\n     | ^\n   9 | \n  10 | object piedra {\n\nExpected one of the following: \n\n'@', 'class', 'const', 'describe', 'mixin', 'object', 'only', 'package', 'program', 'test', 'var', '{', EOF, comment, not \"}\r\n\r\n\", whitespace\n","stack":"Error: Failed to parse game.wlk: \n-- PARSING FAILED --------------------------------------------------\n\n   6 |     method image() = \"dude.png\"\n   7 |     method position() = game.at(x,y)\n>  8 | }\n     | ^\n   9 | \n  10 | object piedra {\n\nExpected one of the following: \n\n'@', 'class', 'const', 'describe', 'mixin', 'object', 'only', 'package', 'program', 'test', 'var', '{', EOF, comment, not \"}\r\n\r\n\", whitespace\n\n    at c:\\Users\\Estudiante\\.vscode\\extensions\\uqbar.wollok-lsp-ide-0.5.4\\out\\server\\src\\server.js:2353:13026\n    at Array.map (<anonymous>)\n    at U1n (c:\\Users\\Estudiante\\.vscode\\extensions\\uqbar.wollok-lsp-ide-0.5.4\\out\\server\\src\\server.js:2353:12950)\n    at H2.buildEnvironmentFrom (c:\\Users\\Estudiante\\.vscode\\extensions\\uqbar.wollok-lsp-ide-0.5.4\\out\\server\\src\\server.js:2398:5254)\n    at H2.updateEnvironmentWith (c:\\Users\\Estudiante\\.vscode\\extensions\\uqbar.wollok-lsp-ide-0.5.4\\out\\server\\src\\server.js:2398:4989)\n    at GF (c:\\Users\\Estudiante\\.vscode\\extensions\\uqbar.wollok-lsp-ide-0.5.4\\out\\server\\src\\server.js:2398:7383)\n    at V3.invoke (c:\\Users\\Estudiante\\.vscode\\extensions\\uqbar.wollok-lsp-ide-0.5.4\\out\\server\\src\\server.js:3:157328)\n    at o.fire (c:\\Users\\Estudiante\\.vscode\\extensions\\uqbar.wollok-lsp-ide-0.5.4\\out\\server\\src\\server.js:3:158098)\n    at c:\\Users\\Estudiante\\.vscode\\extensions\\uqbar.wollok-lsp-ide-0.5.4\\out\\server\\src\\server.js:37:57871\n    at nd (c:\\Users\\Estudiante\\.vscode\\extensions\\uqbar.wollok-lsp-ide-0.5.4\\out\\server\\src\\server.js:8:1561)","timestamp":"2026-06-15T03:48:47.543Z"}
{"level":"error","message":"✘ Failed to rebuild document Failed to parse game.wlk: \n-- PARSING FAILED --------------------------------------------------\n\n   6 |     method image() = \"dude.png\"\n   7 |     method position() = game.at(x,y)\n>  8 | }\n     | ^\n   9 | \n  10 | object piedra {\n\nExpected one of the following: \n\n'@', 'class', 'const', 'describe', 'mixin', 'object', 'only', 'package', 'program', 'test', 'var', '{', EOF, comment, not \"}\r\n\r\n\", whitespace\n","stack":"Error: Failed to parse game.wlk: \n-- PARSING FAILED --------------------------------------------------\n\n   6 |     method image() = \"dude.png\"\n   7 |     method position() = game.at(x,y)\n>  8 | }\n     | ^\n   9 | \n  10 | object piedra {\n\nExpected one of the following: \n\n'@', 'class', 'const', 'describe', 'mixin', 'object', 'only', 'package', 'program', 'test', 'var', '{', EOF, comment, not \"}\r\n\r\n\", whitespace\n\n    at c:\\Users\\Estudiante\\.vscode\\extensions\\uqbar.wollok-lsp-ide-0.5.4\\out\\server\\src\\server.js:2353:13026\n    at Array.map (<anonymous>)\n    at U1n (c:\\Users\\Estudiante\\.vscode\\extensions\\uqbar.wollok-lsp-ide-0.5.4\\out\\server\\src\\server.js:2353:12950)\n    at H2.buildEnvironmentFrom (c:\\Users\\Estudiante\\.vscode\\extensions\\uqbar.wollok-lsp-ide-0.5.4\\out\\server\\src\\server.js:2398:5254)\n    at H2.updateEnvironmentWith (c:\\Users\\Estudiante\\.vscode\\extensions\\uqbar.wollok-lsp-ide-0.5.4\\out\\server\\src\\server.js:2398:4989)\n    at GF (c:\\Users\\Estudiante\\.vscode\\extensions\\uqbar.wollok-lsp-ide-0.5.4\\out\\server\\src\\server.js:2398:7383)\n    at V3.invoke (c:\\Users\\Estudiante\\.vscode\\extensions\\uqbar.wollok-lsp-ide-0.5.4\\out\\server\\src\\server.js:3:157328)\n    at o.fire (c:\\Users\\Estudiante\\.vscode\\extensions\\uqbar.wollok-lsp-ide-0.5.4\\out\\server\\src\\server.js:3:158098)\n    at c:\\Users\\Estudiante\\.vscode\\extensions\\uqbar.wollok-lsp-ide-0.5.4\\out\\server\\src\\server.js:37:57871\n    at nd (c:\\Users\\Estudiante\\.vscode\\extensions\\uqbar.wollok-lsp-ide-0.5.4\\out\\server\\src\\server.js:8:1561)","timestamp":"2026-06-15T03:48:48.672Z"}
{"level":"error","message":"✘ Failed to rebuild document Failed to parse game.wlk: \n-- PARSING FAILED --------------------------------------------------\n\n   6 |     method image() = \"dude.png\"\n   7 |     method position() = game.at(x,y)\n>  8 | }\n     | ^\n   9 | \n  10 | object piedra {\n\nExpected one of the following: \n\n'@', 'class', 'const', 'describe', 'mixin', 'object', 'only', 'package', 'program', 'test', 'var', '{', EOF, comment, not \"}\r\n\r\n\", whitespace\n","stack":"Error: Failed to parse game.wlk: \n-- PARSING FAILED --------------------------------------------------\n\n   6 |     method image() = \"dude.png\"\n   7 |     method position() = game.at(x,y)\n>  8 | }\n     | ^\n   9 | \n  10 | object piedra {\n\nExpected one of the following: \n\n'@', 'class', 'const', 'describe', 'mixin', 'object', 'only', 'package', 'program', 'test', 'var', '{', EOF, comment, not \"}\r\n\r\n\", whitespace\n\n    at c:\\Users\\Estudiante\\.vscode\\extensions\\uqbar.wollok-lsp-ide-0.5.4\\out\\server\\src\\server.js:2353:13026\n    at Array.map (<anonymous>)\n    at U1n (c:\\Users\\Estudiante\\.vscode\\extensions\\uqbar.wollok-lsp-ide-0.5.4\\out\\server\\src\\server.js:2353:12950)\n    at H2.buildEnvironmentFrom (c:\\Users\\Estudiante\\.vscode\\extensions\\uqbar.wollok-lsp-ide-0.5.4\\out\\server\\src\\server.js:2398:5254)\n    at H2.updateEnvironmentWith (c:\\Users\\Estudiante\\.vscode\\extensions\\uqbar.wollok-lsp-ide-0.5.4\\out\\server\\src\\server.js:2398:4989)\n    at GF (c:\\Users\\Estudiante\\.vscode\\extensions\\uqbar.wollok-lsp-ide-0.5.4\\out\\server\\src\\server.js:2398:7383)\n    at V3.invoke (c:\\Users\\Estudiante\\.vscode\\extensions\\uqbar.wollok-lsp-ide-0.5.4\\out\\server\\src\\server.js:3:157328)\n    at o.fire (c:\\Users\\Estudiante\\.vscode\\extensions\\uqbar.wollok-lsp-ide-0.5.4\\out\\server\\src\\server.js:3:158098)\n    at c:\\Users\\Estudiante\\.vscode\\extensions\\uqbar.wollok-lsp-ide-0.5.4\\out\\server\\src\\server.js:37:57871\n    at nd (c:\\Users\\Estudiante\\.vscode\\extensions\\uqbar.wollok-lsp-ide-0.5.4\\out\\server\\src\\server.js:8:1561)","timestamp":"2026-06-15T03:48:50.832Z"}
{"level":"error","message":"✘ Failed to rebuild document Failed to parse game.wlk: \n-- PARSING FAILED --------------------------------------------------\n\n   6 |     method image() = \"dude.png\"\n   7 |     method position() = game.at(x,y)\n>  8 | }\n     | ^\n   9 | \n  10 | object piedra {\n\nExpected one of the following: \n\n'@', 'class', 'const', 'describe', 'mixin', 'object', 'only', 'package', 'program', 'test', 'var', '{', EOF, comment, not \"}\r\n\r\n\", whitespace\n","stack":"Error: Failed to parse game.wlk: \n-- PARSING FAILED --------------------------------------------------\n\n   6 |     method image() = \"dude.png\"\n   7 |     method position() = game.at(x,y)\n>  8 | }\n     | ^\n   9 | \n  10 | object piedra {\n\nExpected one of the following: \n\n'@', 'class', 'const', 'describe', 'mixin', 'object', 'only', 'package', 'program', 'test', 'var', '{', EOF, comment, not \"}\r\n\r\n\", whitespace\n\n    at c:\\Users\\Estudiante\\.vscode\\extensions\\uqbar.wollok-lsp-ide-0.5.4\\out\\server\\src\\server.js:2353:13026\n    at Array.map (<anonymous>)\n    at U1n (c:\\Users\\Estudiante\\.vscode\\extensions\\uqbar.wollok-lsp-ide-0.5.4\\out\\server\\src\\server.js:2353:12950)\n    at H2.buildEnvironmentFrom (c:\\Users\\Estudiante\\.vscode\\extensions\\uqbar.wollok-lsp-ide-0.5.4\\out\\server\\src\\server.js:2398:5254)\n    at H2.updateEnvironmentWith (c:\\Users\\Estudiante\\.vscode\\extensions\\uqbar.wollok-lsp-ide-0.5.4\\out\\server\\src\\server.js:2398:4989)\n    at GF (c:\\Users\\Estudiante\\.vscode\\extensions\\uqbar.wollok-lsp-ide-0.5.4\\out\\server\\src\\server.js:2398:7383)\n    at V3.invoke (c:\\Users\\Estudiante\\.vscode\\extensions\\uqbar.wollok-lsp-ide-0.5.4\\out\\server\\src\\server.js:3:157328)\n    at o.fire (c:\\Users\\Estudiante\\.vscode\\extensions\\uqbar.wollok-lsp-ide-0.5.4\\out\\server\\src\\server.js:3:158098)\n    at c:\\Users\\Estudiante\\.vscode\\extensions\\uqbar.wollok-lsp-ide-0.5.4\\out\\server\\src\\server.js:37:57871\n    at nd (c:\\Users\\Estudiante\\.vscode\\extensions\\uqbar.wollok-lsp-ide-0.5.4\\out\\server\\src\\server.js:8:1561)","timestamp":"2026-06-15T03:49:00.432Z"}
{"level":"error","message":"✘ Failed to rebuild document Failed to parse game.wlk: \n-- PARSING FAILED --------------------------------------------------\n\n   6 |     method image() = \"dude.png\"\n   7 |     method position() = game.at(x,y)\n>  8 | }\n     | ^\n   9 | \n  10 | object piedra {\n\nExpected one of the following: \n\n'@', 'class', 'const', 'describe', 'mixin', 'object', 'only', 'package', 'program', 'test', 'var', '{', EOF, comment, not \"}\r\n\r\n\", whitespace\n","stack":"Error: Failed to parse game.wlk: \n-- PARSING FAILED --------------------------------------------------\n\n   6 |     method image() = \"dude.png\"\n   7 |     method position() = game.at(x,y)\n>  8 | }\n     | ^\n   9 | \n  10 | object piedra {\n\nExpected one of the following: \n\n'@', 'class', 'const', 'describe', 'mixin', 'object', 'only', 'package', 'program', 'test', 'var', '{', EOF, comment, not \"}\r\n\r\n\", whitespace\n\n    at c:\\Users\\Estudiante\\.vscode\\extensions\\uqbar.wollok-lsp-ide-0.5.4\\out\\server\\src\\server.js:2353:13026\n    at Array.map (<anonymous>)\n    at U1n (c:\\Users\\Estudiante\\.vscode\\extensions\\uqbar.wollok-lsp-ide-0.5.4\\out\\server\\src\\server.js:2353:12950)\n    at H2.buildEnvironmentFrom (c:\\Users\\Estudiante\\.vscode\\extensions\\uqbar.wollok-lsp-ide-0.5.4\\out\\server\\src\\server.js:2398:5254)\n    at H2.updateEnvironmentWith (c:\\Users\\Estudiante\\.vscode\\extensions\\uqbar.wollok-lsp-ide-0.5.4\\out\\server\\src\\server.js:2398:4989)\n    at GF (c:\\Users\\Estudiante\\.vscode\\extensions\\uqbar.wollok-lsp-ide-0.5.4\\out\\server\\src\\server.js:2398:7383)\n    at V3.invoke (c:\\Users\\Estudiante\\.vscode\\extensions\\uqbar.wollok-lsp-ide-0.5.4\\out\\server\\src\\server.js:3:157328)\n    at o.fire (c:\\Users\\Estudiante\\.vscode\\extensions\\uqbar.wollok-lsp-ide-0.5.4\\out\\server\\src\\server.js:3:158098)\n    at c:\\Users\\Estudiante\\.vscode\\extensions\\uqbar.wollok-lsp-ide-0.5.4\\out\\server\\src\\server.js:37:57871\n    at nd (c:\\Users\\Estudiante\\.vscode\\extensions\\uqbar.wollok-lsp-ide-0.5.4\\out\\server\\src\\server.js:8:1561)","timestamp":"2026-06-15T03:49:00.816Z"}
{"level":"error","message":"✘ Failed to rebuild document Failed to parse game.wlk: \n-- PARSING FAILED --------------------------------------------------\n\n   6 |     method image() = \"dude.png\"\n   7 |     method position() = game.at(x,y)\n>  8 | }\n     | ^\n   9 | \n  10 | object piedra {\n\nExpected one of the following: \n\n'@', 'class', 'const', 'describe', 'mixin', 'object', 'only', 'package', 'program', 'test', 'var', '{', EOF, comment, not \"}\r\n\r\n\", whitespace\n","stack":"Error: Failed to parse game.wlk: \n-- PARSING FAILED --------------------------------------------------\n\n   6 |     method image() = \"dude.png\"\n   7 |     method position() = game.at(x,y)\n>  8 | }\n     | ^\n   9 | \n  10 | object piedra {\n\nExpected one of the following: \n\n'@', 'class', 'const', 'describe', 'mixin', 'object', 'only', 'package', 'program', 'test', 'var', '{', EOF, comment, not \"}\r\n\r\n\", whitespace\n\n    at c:\\Users\\Estudiante\\.vscode\\extensions\\uqbar.wollok-lsp-ide-0.5.4\\out\\server\\src\\server.js:2353:13026\n    at Array.map (<anonymous>)\n    at U1n (c:\\Users\\Estudiante\\.vscode\\extensions\\uqbar.wollok-lsp-ide-0.5.4\\out\\server\\src\\server.js:2353:12950)\n    at H2.buildEnvironmentFrom (c:\\Users\\Estudiante\\.vscode\\extensions\\uqbar.wollok-lsp-ide-0.5.4\\out\\server\\src\\server.js:2398:5254)\n    at H2.updateEnvironmentWith (c:\\Users\\Estudiante\\.vscode\\extensions\\uqbar.wollok-lsp-ide-0.5.4\\out\\server\\src\\server.js:2398:4989)\n    at GF (c:\\Users\\Estudiante\\.vscode\\extensions\\uqbar.wollok-lsp-ide-0.5.4\\out\\server\\src\\server.js:2398:7383)\n    at V3.invoke (c:\\Users\\Estudiante\\.vscode\\extensions\\uqbar.wollok-lsp-ide-0.5.4\\out\\server\\src\\server.js:3:157328)\n    at o.fire (c:\\Users\\Estudiante\\.vscode\\extensions\\uqbar.wollok-lsp-ide-0.5.4\\out\\server\\src\\server.js:3:158098)\n    at c:\\Users\\Estudiante\\.vscode\\extensions\\uqbar.wollok-lsp-ide-0.5.4\\out\\server\\src\\server.js:37:57871\n    at nd (c:\\Users\\Estudiante\\.vscode\\extensions\\uqbar.wollok-lsp-ide-0.5.4\\out\\server\\src\\server.js:8:1561)","timestamp":"2026-06-15T03:49:01.759Z"}
{"level":"error","message":"✘ Failed to rebuild document Failed to parse game.wlk: \n-- PARSING FAILED --------------------------------------------------\n\n   6 |     method image() = \"dude.png\"\n   7 |     method position() = game.at(x,y)\n>  8 | }\n     | ^\n   9 | \n  10 | object piedra {\n\nExpected one of the following: \n\n'@', 'class', 'const', 'describe', 'mixin', 'object', 'only', 'package', 'program', 'test', 'var', '{', EOF, comment, not \"}\r\n\r\n\", whitespace\n","stack":"Error: Failed to parse game.wlk: \n-- PARSING FAILED --------------------------------------------------\n\n   6 |     method image() = \"dude.png\"\n   7 |     method position() = game.at(x,y)\n>  8 | }\n     | ^\n   9 | \n  10 | object piedra {\n\nExpected one of the following: \n\n'@', 'class', 'const', 'describe', 'mixin', 'object', 'only', 'package', 'program', 'test', 'var', '{', EOF, comment, not \"}\r\n\r\n\", whitespace\n\n    at c:\\Users\\Estudiante\\.vscode\\extensions\\uqbar.wollok-lsp-ide-0.5.4\\out\\server\\src\\server.js:2353:13026\n    at Array.map (<anonymous>)\n    at U1n (c:\\Users\\Estudiante\\.vscode\\extensions\\uqbar.wollok-lsp-ide-0.5.4\\out\\server\\src\\server.js:2353:12950)\n    at H2.buildEnvironmentFrom (c:\\Users\\Estudiante\\.vscode\\extensions\\uqbar.wollok-lsp-ide-0.5.4\\out\\server\\src\\server.js:2398:5254)\n    at H2.updateEnvironmentWith (c:\\Users\\Estudiante\\.vscode\\extensions\\uqbar.wollok-lsp-ide-0.5.4\\out\\server\\src\\server.js:2398:4989)\n    at GF (c:\\Users\\Estudiante\\.vscode\\extensions\\uqbar.wollok-lsp-ide-0.5.4\\out\\server\\src\\server.js:2398:7383)\n    at V3.invoke (c:\\Users\\Estudiante\\.vscode\\extensions\\uqbar.wollok-lsp-ide-0.5.4\\out\\server\\src\\server.js:3:157328)\n    at o.fire (c:\\Users\\Estudiante\\.vscode\\extensions\\uqbar.wollok-lsp-ide-0.5.4\\out\\server\\src\\server.js:3:158098)\n    at c:\\Users\\Estudiante\\.vscode\\extensions\\uqbar.wollok-lsp-ide-0.5.4\\out\\server\\src\\server.js:37:57871\n    at nd (c:\\Users\\Estudiante\\.vscode\\extensions\\uqbar.wollok-lsp-ide-0.5.4\\out\\server\\src\\server.js:8:1561)","timestamp":"2026-06-15T03:49:02.076Z"}
{"level":"error","message":"✘ Failed to rebuild document Failed to parse game.wlk: \n-- PARSING FAILED --------------------------------------------------\n\n   6 |     method image() = \"dude.png\"\n   7 |     method position() = game.at(x,y)\n>  8 | }\n     | ^\n   9 | \n  10 | object piedra {\n\nExpected one of the following: \n\n'@', 'class', 'const', 'describe', 'mixin', 'object', 'only', 'package', 'program', 'test', 'var', '{', EOF, comment, not \"}\r\n\r\n\", whitespace\n","stack":"Error: Failed to parse game.wlk: \n-- PARSING FAILED --------------------------------------------------\n\n   6 |     method image() = \"dude.png\"\n   7 |     method position() = game.at(x,y)\n>  8 | }\n     | ^\n   9 | \n  10 | object piedra {\n\nExpected one of the following: \n\n'@', 'class', 'const', 'describe', 'mixin', 'object', 'only', 'package', 'program', 'test', 'var', '{', EOF, comment, not \"}\r\n\r\n\", whitespace\n\n    at c:\\Users\\Estudiante\\.vscode\\extensions\\uqbar.wollok-lsp-ide-0.5.4\\out\\server\\src\\server.js:2353:13026\n    at Array.map (<anonymous>)\n    at U1n (c:\\Users\\Estudiante\\.vscode\\extensions\\uqbar.wollok-lsp-ide-0.5.4\\out\\server\\src\\server.js:2353:12950)\n    at H2.buildEnvironmentFrom (c:\\Users\\Estudiante\\.vscode\\extensions\\uqbar.wollok-lsp-ide-0.5.4\\out\\server\\src\\server.js:2398:5254)\n    at H2.updateEnvironmentWith (c:\\Users\\Estudiante\\.vscode\\extensions\\uqbar.wollok-lsp-ide-0.5.4\\out\\server\\src\\server.js:2398:4989)\n    at GF (c:\\Users\\Estudiante\\.vscode\\extensions\\uqbar.wollok-lsp-ide-0.5.4\\out\\server\\src\\server.js:2398:7383)\n    at V3.invoke (c:\\Users\\Estudiante\\.vscode\\extensions\\uqbar.wollok-lsp-ide-0.5.4\\out\\server\\src\\server.js:3:157328)\n    at o.fire (c:\\Users\\Estudiante\\.vscode\\extensions\\uqbar.wollok-lsp-ide-0.5.4\\out\\server\\src\\server.js:3:158098)\n    at c:\\Users\\Estudiante\\.vscode\\extensions\\uqbar.wollok-lsp-ide-0.5.4\\out\\server\\src\\server.js:37:57871\n    at nd (c:\\Users\\Estudiante\\.vscode\\extensions\\uqbar.wollok-lsp-ide-0.5.4\\out\\server\\src\\server.js:8:1561)","timestamp":"2026-06-15T03:49:15.796Z"}
{"level":"error","message":"✘ Failed to rebuild document Failed to parse game.wlk: \n-- PARSING FAILED --------------------------------------------------\n\n   6 |     method image() = \"dude.png\"\n   7 |     method position() = game.at(x,y)\n>  8 | }\n     | ^\n   9 | \n  10 | object piedra {\n\nExpected one of the following: \n\n'@', 'class', 'const', 'describe', 'mixin', 'object', 'only', 'package', 'program', 'test', 'var', '{', EOF, comment, not \"}\r\n\r\n\", whitespace\n","stack":"Error: Failed to parse game.wlk: \n-- PARSING FAILED --------------------------------------------------\n\n   6 |     method image() = \"dude.png\"\n   7 |     method position() = game.at(x,y)\n>  8 | }\n     | ^\n   9 | \n  10 | object piedra {\n\nExpected one of the following: \n\n'@', 'class', 'const', 'describe', 'mixin', 'object', 'only', 'package', 'program', 'test', 'var', '{', EOF, comment, not \"}\r\n\r\n\", whitespace\n\n    at c:\\Users\\Estudiante\\.vscode\\extensions\\uqbar.wollok-lsp-ide-0.5.4\\out\\server\\src\\server.js:2353:13026\n    at Array.map (<anonymous>)\n    at U1n (c:\\Users\\Estudiante\\.vscode\\extensions\\uqbar.wollok-lsp-ide-0.5.4\\out\\server\\src\\server.js:2353:12950)\n    at H2.buildEnvironmentFrom (c:\\Users\\Estudiante\\.vscode\\extensions\\uqbar.wollok-lsp-ide-0.5.4\\out\\server\\src\\server.js:2398:5254)\n    at H2.updateEnvironmentWith (c:\\Users\\Estudiante\\.vscode\\extensions\\uqbar.wollok-lsp-ide-0.5.4\\out\\server\\src\\server.js:2398:4989)\n    at GF (c:\\Users\\Estudiante\\.vscode\\extensions\\uqbar.wollok-lsp-ide-0.5.4\\out\\server\\src\\server.js:2398:7383)\n    at V3.invoke (c:\\Users\\Estudiante\\.vscode\\extensions\\uqbar.wollok-lsp-ide-0.5.4\\out\\server\\src\\server.js:3:157328)\n    at o.fire (c:\\Users\\Estudiante\\.vscode\\extensions\\uqbar.wollok-lsp-ide-0.5.4\\out\\server\\src\\server.js:3:158098)\n    at c:\\Users\\Estudiante\\.vscode\\extensions\\uqbar.wollok-lsp-ide-0.5.4\\out\\server\\src\\server.js:37:57871\n    at nd (c:\\Users\\Estudiante\\.vscode\\extensions\\uqbar.wollok-lsp-ide-0.5.4\\out\\server\\src\\server.js:8:1561)","timestamp":"2026-06-15T03:49:16.991Z"}
{"level":"error","message":"✘ Failed to rebuild document Failed to parse game.wlk: \n-- PARSING FAILED --------------------------------------------------\n\n   6 |     method image() = \"dude.png\"\n   7 |     method position() = game.at(x,y)\n>  8 | }\n     | ^\n   9 | \n  10 | object piedra {\n\nExpected one of the following: \n\n'@', 'class', 'const', 'describe', 'mixin', 'object', 'only', 'package', 'program', 'test', 'var', '{', EOF, comment, not \"}\r\n\r\n\", whitespace\n","stack":"Error: Failed to parse game.wlk: \n-- PARSING FAILED --------------------------------------------------\n\n   6 |     method image() = \"dude.png\"\n   7 |     method position() = game.at(x,y)\n>  8 | }\n     | ^\n   9 | \n  10 | object piedra {\n\nExpected one of the following: \n\n'@', 'class', 'const', 'describe', 'mixin', 'object', 'only', 'package', 'program', 'test', 'var', '{', EOF, comment, not \"}\r\n\r\n\", whitespace\n\n    at c:\\Users\\Estudiante\\.vscode\\extensions\\uqbar.wollok-lsp-ide-0.5.4\\out\\server\\src\\server.js:2353:13026\n    at Array.map (<anonymous>)\n    at U1n (c:\\Users\\Estudiante\\.vscode\\extensions\\uqbar.wollok-lsp-ide-0.5.4\\out\\server\\src\\server.js:2353:12950)\n    at H2.buildEnvironmentFrom (c:\\Users\\Estudiante\\.vscode\\extensions\\uqbar.wollok-lsp-ide-0.5.4\\out\\server\\src\\server.js:2398:5254)\n    at H2.updateEnvironmentWith (c:\\Users\\Estudiante\\.vscode\\extensions\\uqbar.wollok-lsp-ide-0.5.4\\out\\server\\src\\server.js:2398:4989)\n    at GF (c:\\Users\\Estudiante\\.vscode\\extensions\\uqbar.wollok-lsp-ide-0.5.4\\out\\server\\src\\server.js:2398:7383)\n    at V3.invoke (c:\\Users\\Estudiante\\.vscode\\extensions\\uqbar.wollok-lsp-ide-0.5.4\\out\\server\\src\\server.js:3:157328)\n    at o.fire (c:\\Users\\Estudiante\\.vscode\\extensions\\uqbar.wollok-lsp-ide-0.5.4\\out\\server\\src\\server.js:3:158098)\n    at c:\\Users\\Estudiante\\.vscode\\extensions\\uqbar.wollok-lsp-ide-0.5.4\\out\\server\\src\\server.js:37:57871\n    at nd (c:\\Users\\Estudiante\\.vscode\\extensions\\uqbar.wollok-lsp-ide-0.5.4\\out\\server\\src\\server.js:8:1561)","timestamp":"2026-06-15T03:49:18.083Z"}
{"level":"error","message":"✘ Failed to rebuild document Failed to parse game.wlk: \n-- PARSING FAILED --------------------------------------------------\n\n   6 |     method image() = \"dude.png\"\n   7 |     method position() = game.at(x,y)\n>  8 | }\n     | ^\n   9 | \n  10 | object piedra {\n\nExpected one of the following: \n\n'@', 'class', 'const', 'describe', 'mixin', 'object', 'only', 'package', 'program', 'test', 'var', '{', EOF, comment, not \"}\r\n\r\n\", whitespace\n","stack":"Error: Failed to parse game.wlk: \n-- PARSING FAILED --------------------------------------------------\n\n   6 |     method image() = \"dude.png\"\n   7 |     method position() = game.at(x,y)\n>  8 | }\n     | ^\n   9 | \n  10 | object piedra {\n\nExpected one of the following: \n\n'@', 'class', 'const', 'describe', 'mixin', 'object', 'only', 'package', 'program', 'test', 'var', '{', EOF, comment, not \"}\r\n\r\n\", whitespace\n\n    at c:\\Users\\Estudiante\\.vscode\\extensions\\uqbar.wollok-lsp-ide-0.5.4\\out\\server\\src\\server.js:2353:13026\n    at Array.map (<anonymous>)\n    at U1n (c:\\Users\\Estudiante\\.vscode\\extensions\\uqbar.wollok-lsp-ide-0.5.4\\out\\server\\src\\server.js:2353:12950)\n    at H2.buildEnvironmentFrom (c:\\Users\\Estudiante\\.vscode\\extensions\\uqbar.wollok-lsp-ide-0.5.4\\out\\server\\src\\server.js:2398:5254)\n    at H2.updateEnvironmentWith (c:\\Users\\Estudiante\\.vscode\\extensions\\uqbar.wollok-lsp-ide-0.5.4\\out\\server\\src\\server.js:2398:4989)\n    at GF (c:\\Users\\Estudiante\\.vscode\\extensions\\uqbar.wollok-lsp-ide-0.5.4\\out\\server\\src\\server.js:2398:7383)\n    at V3.invoke (c:\\Users\\Estudiante\\.vscode\\extensions\\uqbar.wollok-lsp-ide-0.5.4\\out\\server\\src\\server.js:3:157328)\n    at o.fire (c:\\Users\\Estudiante\\.vscode\\extensions\\uqbar.wollok-lsp-ide-0.5.4\\out\\server\\src\\server.js:3:158098)\n    at c:\\Users\\Estudiante\\.vscode\\extensions\\uqbar.wollok-lsp-ide-0.5.4\\out\\server\\src\\server.js:37:57871\n    at nd (c:\\Users\\Estudiante\\.vscode\\extensions\\uqbar.wollok-lsp-ide-0.5.4\\out\\server\\src\\server.js:8:1561)","timestamp":"2026-06-15T03:49:18.475Z"}
{"level":"error","message":"✘ Failed to rebuild document Failed to parse game.wlk: \n-- PARSING FAILED --------------------------------------------------\n\n   6 |     method image() = \"dude.png\"\n   7 |     method position() = game.at(x,y)\n>  8 | }\n     | ^\n   9 | \n  10 | object piedra {\n\nExpected one of the following: \n\n'@', 'class', 'const', 'describe', 'mixin', 'object', 'only', 'package', 'program', 'test', 'var', '{', EOF, comment, not \"}\r\n\r\n\", whitespace\n","stack":"Error: Failed to parse game.wlk: \n-- PARSING FAILED --------------------------------------------------\n\n   6 |     method image() = \"dude.png\"\n   7 |     method position() = game.at(x,y)\n>  8 | }\n     | ^\n   9 | \n  10 | object piedra {\n\nExpected one of the following: \n\n'@', 'class', 'const', 'describe', 'mixin', 'object', 'only', 'package', 'program', 'test', 'var', '{', EOF, comment, not \"}\r\n\r\n\", whitespace\n\n    at c:\\Users\\Estudiante\\.vscode\\extensions\\uqbar.wollok-lsp-ide-0.5.4\\out\\server\\src\\server.js:2353:13026\n    at Array.map (<anonymous>)\n    at U1n (c:\\Users\\Estudiante\\.vscode\\extensions\\uqbar.wollok-lsp-ide-0.5.4\\out\\server\\src\\server.js:2353:12950)\n    at H2.buildEnvironmentFrom (c:\\Users\\Estudiante\\.vscode\\extensions\\uqbar.wollok-lsp-ide-0.5.4\\out\\server\\src\\server.js:2398:5254)\n    at H2.updateEnvironmentWith (c:\\Users\\Estudiante\\.vscode\\extensions\\uqbar.wollok-lsp-ide-0.5.4\\out\\server\\src\\server.js:2398:4989)\n    at GF (c:\\Users\\Estudiante\\.vscode\\extensions\\uqbar.wollok-lsp-ide-0.5.4\\out\\server\\src\\server.js:2398:7383)\n    at V3.invoke (c:\\Users\\Estudiante\\.vscode\\extensions\\uqbar.wollok-lsp-ide-0.5.4\\out\\server\\src\\server.js:3:157328)\n    at o.fire (c:\\Users\\Estudiante\\.vscode\\extensions\\uqbar.wollok-lsp-ide-0.5.4\\out\\server\\src\\server.js:3:158098)\n    at c:\\Users\\Estudiante\\.vscode\\extensions\\uqbar.wollok-lsp-ide-0.5.4\\out\\server\\src\\server.js:37:57871\n    at nd (c:\\Users\\Estudiante\\.vscode\\extensions\\uqbar.wollok-lsp-ide-0.5.4\\out\\server\\src\\server.js:8:1561)","timestamp":"2026-06-15T03:49:28.330Z"}
{"level":"error","message":"✘ Failed to rebuild document Failed to parse game.wlk: \n-- PARSING FAILED --------------------------------------------------\n\n   6 |     method image() = \"dude.png\"\n   7 |     method position() = game.at(x,y)\n>  8 | }\n     | ^\n   9 | \n  10 | object piedra {\n\nExpected one of the following: \n\n'@', 'class', 'const', 'describe', 'mixin', 'object', 'only', 'package', 'program', 'test', 'var', '{', EOF, comment, not \"}\r\n\r\n\", whitespace\n","stack":"Error: Failed to parse game.wlk: \n-- PARSING FAILED --------------------------------------------------\n\n   6 |     method image() = \"dude.png\"\n   7 |     method position() = game.at(x,y)\n>  8 | }\n     | ^\n   9 | \n  10 | object piedra {\n\nExpected one of the following: \n\n'@', 'class', 'const', 'describe', 'mixin', 'object', 'only', 'package', 'program', 'test', 'var', '{', EOF, comment, not \"}\r\n\r\n\", whitespace\n\n    at c:\\Users\\Estudiante\\.vscode\\extensions\\uqbar.wollok-lsp-ide-0.5.4\\out\\server\\src\\server.js:2353:13026\n    at Array.map (<anonymous>)\n    at U1n (c:\\Users\\Estudiante\\.vscode\\extensions\\uqbar.wollok-lsp-ide-0.5.4\\out\\server\\src\\server.js:2353:12950)\n    at H2.buildEnvironmentFrom (c:\\Users\\Estudiante\\.vscode\\extensions\\uqbar.wollok-lsp-ide-0.5.4\\out\\server\\src\\server.js:2398:5254)\n    at H2.updateEnvironmentWith (c:\\Users\\Estudiante\\.vscode\\extensions\\uqbar.wollok-lsp-ide-0.5.4\\out\\server\\src\\server.js:2398:4989)\n    at GF (c:\\Users\\Estudiante\\.vscode\\extensions\\uqbar.wollok-lsp-ide-0.5.4\\out\\server\\src\\server.js:2398:7383)\n    at V3.invoke (c:\\Users\\Estudiante\\.vscode\\extensions\\uqbar.wollok-lsp-ide-0.5.4\\out\\server\\src\\server.js:3:157328)\n    at o.fire (c:\\Users\\Estudiante\\.vscode\\extensions\\uqbar.wollok-lsp-ide-0.5.4\\out\\server\\src\\server.js:3:158098)\n    at c:\\Users\\Estudiante\\.vscode\\extensions\\uqbar.wollok-lsp-ide-0.5.4\\out\\server\\src\\server.js:37:57871\n    at nd (c:\\Users\\Estudiante\\.vscode\\extensions\\uqbar.wollok-lsp-ide-0.5.4\\out\\server\\src\\server.js:8:1561)","timestamp":"2026-06-15T03:49:30.167Z"}
{"level":"error","message":"✘ Failed to rebuild document Failed to parse game.wlk: \n-- PARSING FAILED --------------------------------------------------\n\n   6 |     method image() = \"dude.png\"\n   7 |     method position() = game.at(x,y)\n>  8 | }\n     | ^\n   9 | \n  10 | object piedra {\n\nExpected one of the following: \n\n'@', 'class', 'const', 'describe', 'mixin', 'object', 'only', 'package', 'program', 'test', 'var', '{', EOF, comment, not \"}\r\n\r\n\", whitespace\n","stack":"Error: Failed to parse game.wlk: \n-- PARSING FAILED --------------------------------------------------\n\n   6 |     method image() = \"dude.png\"\n   7 |     method position() = game.at(x,y)\n>  8 | }\n     | ^\n   9 | \n  10 | object piedra {\n\nExpected one of the following: \n\n'@', 'class', 'const', 'describe', 'mixin', 'object', 'only', 'package', 'program', 'test', 'var', '{', EOF, comment, not \"}\r\n\r\n\", whitespace\n\n    at c:\\Users\\Estudiante\\.vscode\\extensions\\uqbar.wollok-lsp-ide-0.5.4\\out\\server\\src\\server.js:2353:13026\n    at Array.map (<anonymous>)\n    at U1n (c:\\Users\\Estudiante\\.vscode\\extensions\\uqbar.wollok-lsp-ide-0.5.4\\out\\server\\src\\server.js:2353:12950)\n    at H2.buildEnvironmentFrom (c:\\Users\\Estudiante\\.vscode\\extensions\\uqbar.wollok-lsp-ide-0.5.4\\out\\server\\src\\server.js:2398:5254)\n    at H2.updateEnvironmentWith (c:\\Users\\Estudiante\\.vscode\\extensions\\uqbar.wollok-lsp-ide-0.5.4\\out\\server\\src\\server.js:2398:4989)\n    at GF (c:\\Users\\Estudiante\\.vscode\\extensions\\uqbar.wollok-lsp-ide-0.5.4\\out\\server\\src\\server.js:2398:7383)\n    at V3.invoke (c:\\Users\\Estudiante\\.vscode\\extensions\\uqbar.wollok-lsp-ide-0.5.4\\out\\server\\src\\server.js:3:157328)\n    at o.fire (c:\\Users\\Estudiante\\.vscode\\extensions\\uqbar.wollok-lsp-ide-0.5.4\\out\\server\\src\\server.js:3:158098)\n    at c:\\Users\\Estudiante\\.vscode\\extensions\\uqbar.wollok-lsp-ide-0.5.4\\out\\server\\src\\server.js:37:57871\n    at nd (c:\\Users\\Estudiante\\.vscode\\extensions\\uqbar.wollok-lsp-ide-0.5.4\\out\\server\\src\\server.js:8:1561)","timestamp":"2026-06-15T03:49:33.375Z"}
{"level":"error","message":"✘ Failed to rebuild document Failed to parse game.wlk: \n-- PARSING FAILED --------------------------------------------------\n\n   6 |     method image() = \"dude.png\"\n   7 |     method position() = game.at(x,y)\n>  8 | }\n     | ^\n   9 | \n  10 | object piedra {\n\nExpected one of the following: \n\n'@', 'class', 'const', 'describe', 'mixin', 'object', 'only', 'package', 'program', 'test', 'var', '{', EOF, comment, not \"}\r\n\r\n\", whitespace\n","stack":"Error: Failed to parse game.wlk: \n-- PARSING FAILED --------------------------------------------------\n\n   6 |     method image() = \"dude.png\"\n   7 |     method position() = game.at(x,y)\n>  8 | }\n     | ^\n   9 | \n  10 | object piedra {\n\nExpected one of the following: \n\n'@', 'class', 'const', 'describe', 'mixin', 'object', 'only', 'package', 'program', 'test', 'var', '{', EOF, comment, not \"}\r\n\r\n\", whitespace\n\n    at c:\\Users\\Estudiante\\.vscode\\extensions\\uqbar.wollok-lsp-ide-0.5.4\\out\\server\\src\\server.js:2353:13026\n    at Array.map (<anonymous>)\n    at U1n (c:\\Users\\Estudiante\\.vscode\\extensions\\uqbar.wollok-lsp-ide-0.5.4\\out\\server\\src\\server.js:2353:12950)\n    at H2.buildEnvironmentFrom (c:\\Users\\Estudiante\\.vscode\\extensions\\uqbar.wollok-lsp-ide-0.5.4\\out\\server\\src\\server.js:2398:5254)\n    at H2.updateEnvironmentWith (c:\\Users\\Estudiante\\.vscode\\extensions\\uqbar.wollok-lsp-ide-0.5.4\\out\\server\\src\\server.js:2398:4989)\n    at GF (c:\\Users\\Estudiante\\.vscode\\extensions\\uqbar.wollok-lsp-ide-0.5.4\\out\\server\\src\\server.js:2398:7383)\n    at V3.invoke (c:\\Users\\Estudiante\\.vscode\\extensions\\uqbar.wollok-lsp-ide-0.5.4\\out\\server\\src\\server.js:3:157328)\n    at o.fire (c:\\Users\\Estudiante\\.vscode\\extensions\\uqbar.wollok-lsp-ide-0.5.4\\out\\server\\src\\server.js:3:158098)\n    at c:\\Users\\Estudiante\\.vscode\\extensions\\uqbar.wollok-lsp-ide-0.5.4\\out\\server\\src\\server.js:37:57871\n    at nd (c:\\Users\\Estudiante\\.vscode\\extensions\\uqbar.wollok-lsp-ide-0.5.4\\out\\server\\src\\server.js:8:1561)","timestamp":"2026-06-15T03:49:36.802Z"}
{"level":"error","message":"✘ Failed to rebuild document Failed to parse game.wlk: \n-- PARSING FAILED --------------------------------------------------\n\n   6 |     method image() = \"dude.png\"\n   7 |     method position() = game.at(x,y)\n>  8 | }\n     | ^\n   9 | \n  10 | object piedra {\n\nExpected one of the following: \n\n'@', 'class', 'const', 'describe', 'mixin', 'object', 'only', 'package', 'program', 'test', 'var', '{', EOF, comment, not \"}\r\n\r\n\", whitespace\n","stack":"Error: Failed to parse game.wlk: \n-- PARSING FAILED --------------------------------------------------\n\n   6 |     method image() = \"dude.png\"\n   7 |     method position() = game.at(x,y)\n>  8 | }\n     | ^\n   9 | \n  10 | object piedra {\n\nExpected one of the following: \n\n'@', 'class', 'const', 'describe', 'mixin', 'object', 'only', 'package', 'program', 'test', 'var', '{', EOF, comment, not \"}\r\n\r\n\", whitespace\n\n    at c:\\Users\\Estudiante\\.vscode\\extensions\\uqbar.wollok-lsp-ide-0.5.4\\out\\server\\src\\server.js:2353:13026\n    at Array.map (<anonymous>)\n    at U1n (c:\\Users\\Estudiante\\.vscode\\extensions\\uqbar.wollok-lsp-ide-0.5.4\\out\\server\\src\\server.js:2353:12950)\n    at H2.buildEnvironmentFrom (c:\\Users\\Estudiante\\.vscode\\extensions\\uqbar.wollok-lsp-ide-0.5.4\\out\\server\\src\\server.js:2398:5254)\n    at H2.updateEnvironmentWith (c:\\Users\\Estudiante\\.vscode\\extensions\\uqbar.wollok-lsp-ide-0.5.4\\out\\server\\src\\server.js:2398:4989)\n    at GF (c:\\Users\\Estudiante\\.vscode\\extensions\\uqbar.wollok-lsp-ide-0.5.4\\out\\server\\src\\server.js:2398:7383)\n    at V3.invoke (c:\\Users\\Estudiante\\.vscode\\extensions\\uqbar.wollok-lsp-ide-0.5.4\\out\\server\\src\\server.js:3:157328)\n    at o.fire (c:\\Users\\Estudiante\\.vscode\\extensions\\uqbar.wollok-lsp-ide-0.5.4\\out\\server\\src\\server.js:3:158098)\n    at c:\\Users\\Estudiante\\.vscode\\extensions\\uqbar.wollok-lsp-ide-0.5.4\\out\\server\\src\\server.js:37:57871\n    at nd (c:\\Users\\Estudiante\\.vscode\\extensions\\uqbar.wollok-lsp-ide-0.5.4\\out\\server\\src\\server.js:8:1561)","timestamp":"2026-06-15T03:49:52.190Z"}
{"level":"error","message":"✘ Failed to rebuild document Failed to parse game.wlk: \n-- PARSING FAILED --------------------------------------------------\n\n   6 |     method image() = \"dude.png\"\n   7 |     method position() = game.at(x,y)\n>  8 | }\n     | ^\n   9 | \n  10 | object piedra {\n\nExpected one of the following: \n\n'@', 'class', 'const', 'describe', 'mixin', 'object', 'only', 'package', 'program', 'test', 'var', '{', EOF, comment, not \"}\r\n\r\n\", whitespace\n","stack":"Error: Failed to parse game.wlk: \n-- PARSING FAILED --------------------------------------------------\n\n   6 |     method image() = \"dude.png\"\n   7 |     method position() = game.at(x,y)\n>  8 | }\n     | ^\n   9 | \n  10 | object piedra {\n\nExpected one of the following: \n\n'@', 'class', 'const', 'describe', 'mixin', 'object', 'only', 'package', 'program', 'test', 'var', '{', EOF, comment, not \"}\r\n\r\n\", whitespace\n\n    at c:\\Users\\Estudiante\\.vscode\\extensions\\uqbar.wollok-lsp-ide-0.5.4\\out\\server\\src\\server.js:2353:13026\n    at Array.map (<anonymous>)\n    at U1n (c:\\Users\\Estudiante\\.vscode\\extensions\\uqbar.wollok-lsp-ide-0.5.4\\out\\server\\src\\server.js:2353:12950)\n    at H2.buildEnvironmentFrom (c:\\Users\\Estudiante\\.vscode\\extensions\\uqbar.wollok-lsp-ide-0.5.4\\out\\server\\src\\server.js:2398:5254)\n    at H2.updateEnvironmentWith (c:\\Users\\Estudiante\\.vscode\\extensions\\uqbar.wollok-lsp-ide-0.5.4\\out\\server\\src\\server.js:2398:4989)\n    at GF (c:\\Users\\Estudiante\\.vscode\\extensions\\uqbar.wollok-lsp-ide-0.5.4\\out\\server\\src\\server.js:2398:7383)\n    at V3.invoke (c:\\Users\\Estudiante\\.vscode\\extensions\\uqbar.wollok-lsp-ide-0.5.4\\out\\server\\src\\server.js:3:157328)\n    at o.fire (c:\\Users\\Estudiante\\.vscode\\extensions\\uqbar.wollok-lsp-ide-0.5.4\\out\\server\\src\\server.js:3:158098)\n    at c:\\Users\\Estudiante\\.vscode\\extensions\\uqbar.wollok-lsp-ide-0.5.4\\out\\server\\src\\server.js:37:57871\n    at nd (c:\\Users\\Estudiante\\.vscode\\extensions\\uqbar.wollok-lsp-ide-0.5.4\\out\\server\\src\\server.js:8:1561)","timestamp":"2026-06-15T03:49:52.743Z"}
{"level":"error","message":"✘ Failed to rebuild document Failed to parse game.wlk: \n-- PARSING FAILED --------------------------------------------------\n\n   6 |     method image() = \"dude.png\"\n   7 |     method position() = game.at(x,y)\n>  8 | }\n     | ^\n   9 | \n  10 | object piedra {\n\nExpected one of the following: \n\n'@', 'class', 'const', 'describe', 'mixin', 'object', 'only', 'package', 'program', 'test', 'var', '{', EOF, comment, not \"}\r\n\r\n\", whitespace\n","stack":"Error: Failed to parse game.wlk: \n-- PARSING FAILED --------------------------------------------------\n\n   6 |     method image() = \"dude.png\"\n   7 |     method position() = game.at(x,y)\n>  8 | }\n     | ^\n   9 | \n  10 | object piedra {\n\nExpected one of the following: \n\n'@', 'class', 'const', 'describe', 'mixin', 'object', 'only', 'package', 'program', 'test', 'var', '{', EOF, comment, not \"}\r\n\r\n\", whitespace\n\n    at c:\\Users\\Estudiante\\.vscode\\extensions\\uqbar.wollok-lsp-ide-0.5.4\\out\\server\\src\\server.js:2353:13026\n    at Array.map (<anonymous>)\n    at U1n (c:\\Users\\Estudiante\\.vscode\\extensions\\uqbar.wollok-lsp-ide-0.5.4\\out\\server\\src\\server.js:2353:12950)\n    at H2.buildEnvironmentFrom (c:\\Users\\Estudiante\\.vscode\\extensions\\uqbar.wollok-lsp-ide-0.5.4\\out\\server\\src\\server.js:2398:5254)\n    at H2.updateEnvironmentWith (c:\\Users\\Estudiante\\.vscode\\extensions\\uqbar.wollok-lsp-ide-0.5.4\\out\\server\\src\\server.js:2398:4989)\n    at GF (c:\\Users\\Estudiante\\.vscode\\extensions\\uqbar.wollok-lsp-ide-0.5.4\\out\\server\\src\\server.js:2398:7383)\n    at V3.invoke (c:\\Users\\Estudiante\\.vscode\\extensions\\uqbar.wollok-lsp-ide-0.5.4\\out\\server\\src\\server.js:3:157328)\n    at o.fire (c:\\Users\\Estudiante\\.vscode\\extensions\\uqbar.wollok-lsp-ide-0.5.4\\out\\server\\src\\server.js:3:158098)\n    at c:\\Users\\Estudiante\\.vscode\\extensions\\uqbar.wollok-lsp-ide-0.5.4\\out\\server\\src\\server.js:37:57871\n    at nd (c:\\Users\\Estudiante\\.vscode\\extensions\\uqbar.wollok-lsp-ide-0.5.4\\out\\server\\src\\server.js:8:1561)","timestamp":"2026-06-15T03:49:53.371Z"}
{"level":"error","message":"✘ Failed to rebuild document Failed to parse game.wlk: \n-- PARSING FAILED --------------------------------------------------\n\n   6 |     method image() = \"dude.png\"\n   7 |     method position() = game.at(x,y)\n>  8 | }\n     | ^\n   9 | \n  10 | object piedra {\n\nExpected one of the following: \n\n'@', 'class', 'const', 'describe', 'mixin', 'object', 'only', 'package', 'program', 'test', 'var', '{', EOF, comment, not \"}\r\n\r\n\", whitespace\n","stack":"Error: Failed to parse game.wlk: \n-- PARSING FAILED --------------------------------------------------\n\n   6 |     method image() = \"dude.png\"\n   7 |     method position() = game.at(x,y)\n>  8 | }\n     | ^\n   9 | \n  10 | object piedra {\n\nExpected one of the following: \n\n'@', 'class', 'const', 'describe', 'mixin', 'object', 'only', 'package', 'program', 'test', 'var', '{', EOF, comment, not \"}\r\n\r\n\", whitespace\n\n    at c:\\Users\\Estudiante\\.vscode\\extensions\\uqbar.wollok-lsp-ide-0.5.4\\out\\server\\src\\server.js:2353:13026\n    at Array.map (<anonymous>)\n    at U1n (c:\\Users\\Estudiante\\.vscode\\extensions\\uqbar.wollok-lsp-ide-0.5.4\\out\\server\\src\\server.js:2353:12950)\n    at H2.buildEnvironmentFrom (c:\\Users\\Estudiante\\.vscode\\extensions\\uqbar.wollok-lsp-ide-0.5.4\\out\\server\\src\\server.js:2398:5254)\n    at H2.updateEnvironmentWith (c:\\Users\\Estudiante\\.vscode\\extensions\\uqbar.wollok-lsp-ide-0.5.4\\out\\server\\src\\server.js:2398:4989)\n    at GF (c:\\Users\\Estudiante\\.vscode\\extensions\\uqbar.wollok-lsp-ide-0.5.4\\out\\server\\src\\server.js:2398:7383)\n    at V3.invoke (c:\\Users\\Estudiante\\.vscode\\extensions\\uqbar.wollok-lsp-ide-0.5.4\\out\\server\\src\\server.js:3:157328)\n    at o.fire (c:\\Users\\Estudiante\\.vscode\\extensions\\uqbar.wollok-lsp-ide-0.5.4\\out\\server\\src\\server.js:3:158098)\n    at c:\\Users\\Estudiante\\.vscode\\extensions\\uqbar.wollok-lsp-ide-0.5.4\\out\\server\\src\\server.js:37:57871\n    at nd (c:\\Users\\Estudiante\\.vscode\\extensions\\uqbar.wollok-lsp-ide-0.5.4\\out\\server\\src\\server.js:8:1561)","timestamp":"2026-06-15T03:49:53.750Z"}
{"level":"error","message":"✘ Failed to rebuild document Failed to parse game.wlk: \n-- PARSING FAILED --------------------------------------------------\n\n   6 |     method image() = \"dude.png\"\n   7 |     method position() = game.at(x,y)\n>  8 | }\n     | ^\n   9 | \n  10 | object piedra {\n\nExpected one of the following: \n\n'@', 'class', 'const', 'describe', 'mixin', 'object', 'only', 'package', 'program', 'test', 'var', '{', EOF, comment, not \"}\r\n\r\n\", whitespace\n","stack":"Error: Failed to parse game.wlk: \n-- PARSING FAILED --------------------------------------------------\n\n   6 |     method image() = \"dude.png\"\n   7 |     method position() = game.at(x,y)\n>  8 | }\n     | ^\n   9 | \n  10 | object piedra {\n\nExpected one of the following: \n\n'@', 'class', 'const', 'describe', 'mixin', 'object', 'only', 'package', 'program', 'test', 'var', '{', EOF, comment, not \"}\r\n\r\n\", whitespace\n\n    at c:\\Users\\Estudiante\\.vscode\\extensions\\uqbar.wollok-lsp-ide-0.5.4\\out\\server\\src\\server.js:2353:13026\n    at Array.map (<anonymous>)\n    at U1n (c:\\Users\\Estudiante\\.vscode\\extensions\\uqbar.wollok-lsp-ide-0.5.4\\out\\server\\src\\server.js:2353:12950)\n    at H2.buildEnvironmentFrom (c:\\Users\\Estudiante\\.vscode\\extensions\\uqbar.wollok-lsp-ide-0.5.4\\out\\server\\src\\server.js:2398:5254)\n    at H2.updateEnvironmentWith (c:\\Users\\Estudiante\\.vscode\\extensions\\uqbar.wollok-lsp-ide-0.5.4\\out\\server\\src\\server.js:2398:4989)\n    at GF (c:\\Users\\Estudiante\\.vscode\\extensions\\uqbar.wollok-lsp-ide-0.5.4\\out\\server\\src\\server.js:2398:7383)\n    at V3.invoke (c:\\Users\\Estudiante\\.vscode\\extensions\\uqbar.wollok-lsp-ide-0.5.4\\out\\server\\src\\server.js:3:157328)\n    at o.fire (c:\\Users\\Estudiante\\.vscode\\extensions\\uqbar.wollok-lsp-ide-0.5.4\\out\\server\\src\\server.js:3:158098)\n    at c:\\Users\\Estudiante\\.vscode\\extensions\\uqbar.wollok-lsp-ide-0.5.4\\out\\server\\src\\server.js:37:57871\n    at nd (c:\\Users\\Estudiante\\.vscode\\extensions\\uqbar.wollok-lsp-ide-0.5.4\\out\\server\\src\\server.js:8:1561)","timestamp":"2026-06-15T03:49:56.444Z"}
{"level":"error","message":"✘ Failed to rebuild document Failed to parse game.wlk: \n-- PARSING FAILED --------------------------------------------------\n\n   6 |     method image() = \"dude.png\"\n   7 |     method position() = game.at(x,y)\n>  8 | }\n     | ^\n   9 | \n  10 | object piedra {\n\nExpected one of the following: \n\n'@', 'class', 'const', 'describe', 'mixin', 'object', 'only', 'package', 'program', 'test', 'var', '{', EOF, comment, not \"}\r\n\r\n\", whitespace\n","stack":"Error: Failed to parse game.wlk: \n-- PARSING FAILED --------------------------------------------------\n\n   6 |     method image() = \"dude.png\"\n   7 |     method position() = game.at(x,y)\n>  8 | }\n     | ^\n   9 | \n  10 | object piedra {\n\nExpected one of the following: \n\n'@', 'class', 'const', 'describe', 'mixin', 'object', 'only', 'package', 'program', 'test', 'var', '{', EOF, comment, not \"}\r\n\r\n\", whitespace\n\n    at c:\\Users\\Estudiante\\.vscode\\extensions\\uqbar.wollok-lsp-ide-0.5.4\\out\\server\\src\\server.js:2353:13026\n    at Array.map (<anonymous>)\n    at U1n (c:\\Users\\Estudiante\\.vscode\\extensions\\uqbar.wollok-lsp-ide-0.5.4\\out\\server\\src\\server.js:2353:12950)\n    at H2.buildEnvironmentFrom (c:\\Users\\Estudiante\\.vscode\\extensions\\uqbar.wollok-lsp-ide-0.5.4\\out\\server\\src\\server.js:2398:5254)\n    at H2.updateEnvironmentWith (c:\\Users\\Estudiante\\.vscode\\extensions\\uqbar.wollok-lsp-ide-0.5.4\\out\\server\\src\\server.js:2398:4989)\n    at GF (c:\\Users\\Estudiante\\.vscode\\extensions\\uqbar.wollok-lsp-ide-0.5.4\\out\\server\\src\\server.js:2398:7383)\n    at V3.invoke (c:\\Users\\Estudiante\\.vscode\\extensions\\uqbar.wollok-lsp-ide-0.5.4\\out\\server\\src\\server.js:3:157328)\n    at o.fire (c:\\Users\\Estudiante\\.vscode\\extensions\\uqbar.wollok-lsp-ide-0.5.4\\out\\server\\src\\server.js:3:158098)\n    at c:\\Users\\Estudiante\\.vscode\\extensions\\uqbar.wollok-lsp-ide-0.5.4\\out\\server\\src\\server.js:37:57871\n    at nd (c:\\Users\\Estudiante\\.vscode\\extensions\\uqbar.wollok-lsp-ide-0.5.4\\out\\server\\src\\server.js:8:1561)","timestamp":"2026-06-15T03:49:56.790Z"}
{"level":"error","message":"✘ Failed to rebuild document Failed to parse game.wlk: \n-- PARSING FAILED --------------------------------------------------\n\n   6 |     method image() = \"dude.png\"\n   7 |     method position() = game.at(x,y)\n>  8 | }\n     | ^\n   9 | \n  10 | object piedra {\n\nExpected one of the following: \n\n'@', 'class', 'const', 'describe', 'mixin', 'object', 'only', 'package', 'program', 'test', 'var', '{', EOF, comment, not \"}\r\n\r\n\", whitespace\n","stack":"Error: Failed to parse game.wlk: \n-- PARSING FAILED --------------------------------------------------\n\n   6 |     method image() = \"dude.png\"\n   7 |     method position() = game.at(x,y)\n>  8 | }\n     | ^\n   9 | \n  10 | object piedra {\n\nExpected one of the following: \n\n'@', 'class', 'const', 'describe', 'mixin', 'object', 'only', 'package', 'program', 'test', 'var', '{', EOF, comment, not \"}\r\n\r\n\", whitespace\n\n    at c:\\Users\\Estudiante\\.vscode\\extensions\\uqbar.wollok-lsp-ide-0.5.4\\out\\server\\src\\server.js:2353:13026\n    at Array.map (<anonymous>)\n    at U1n (c:\\Users\\Estudiante\\.vscode\\extensions\\uqbar.wollok-lsp-ide-0.5.4\\out\\server\\src\\server.js:2353:12950)\n    at H2.buildEnvironmentFrom (c:\\Users\\Estudiante\\.vscode\\extensions\\uqbar.wollok-lsp-ide-0.5.4\\out\\server\\src\\server.js:2398:5254)\n    at H2.updateEnvironmentWith (c:\\Users\\Estudiante\\.vscode\\extensions\\uqbar.wollok-lsp-ide-0.5.4\\out\\server\\src\\server.js:2398:4989)\n    at GF (c:\\Users\\Estudiante\\.vscode\\extensions\\uqbar.wollok-lsp-ide-0.5.4\\out\\server\\src\\server.js:2398:7383)\n    at V3.invoke (c:\\Users\\Estudiante\\.vscode\\extensions\\uqbar.wollok-lsp-ide-0.5.4\\out\\server\\src\\server.js:3:157328)\n    at o.fire (c:\\Users\\Estudiante\\.vscode\\extensions\\uqbar.wollok-lsp-ide-0.5.4\\out\\server\\src\\server.js:3:158098)\n    at c:\\Users\\Estudiante\\.vscode\\extensions\\uqbar.wollok-lsp-ide-0.5.4\\out\\server\\src\\server.js:37:57871\n    at nd (c:\\Users\\Estudiante\\.vscode\\extensions\\uqbar.wollok-lsp-ide-0.5.4\\out\\server\\src\\server.js:8:1561)","timestamp":"2026-06-15T03:49:57.048Z"}
{"level":"error","message":"✘ Failed to rebuild document Failed to parse game.wlk: \n-- PARSING FAILED --------------------------------------------------\n\n   6 |     method image() = \"dude.png\"\n   7 |     method position() = game.at(x,y)\n>  8 | }\n     | ^\n   9 | \n  10 | object piedra {\n\nExpected one of the following: \n\n'@', 'class', 'const', 'describe', 'mixin', 'object', 'only', 'package', 'program', 'test', 'var', '{', EOF, comment, not \"}\r\n\r\n\", whitespace\n","stack":"Error: Failed to parse game.wlk: \n-- PARSING FAILED --------------------------------------------------\n\n   6 |     method image() = \"dude.png\"\n   7 |     method position() = game.at(x,y)\n>  8 | }\n     | ^\n   9 | \n  10 | object piedra {\n\nExpected one of the following: \n\n'@', 'class', 'const', 'describe', 'mixin', 'object', 'only', 'package', 'program', 'test', 'var', '{', EOF, comment, not \"}\r\n\r\n\", whitespace\n\n    at c:\\Users\\Estudiante\\.vscode\\extensions\\uqbar.wollok-lsp-ide-0.5.4\\out\\server\\src\\server.js:2353:13026\n    at Array.map (<anonymous>)\n    at U1n (c:\\Users\\Estudiante\\.vscode\\extensions\\uqbar.wollok-lsp-ide-0.5.4\\out\\server\\src\\server.js:2353:12950)\n    at H2.buildEnvironmentFrom (c:\\Users\\Estudiante\\.vscode\\extensions\\uqbar.wollok-lsp-ide-0.5.4\\out\\server\\src\\server.js:2398:5254)\n    at H2.updateEnvironmentWith (c:\\Users\\Estudiante\\.vscode\\extensions\\uqbar.wollok-lsp-ide-0.5.4\\out\\server\\src\\server.js:2398:4989)\n    at GF (c:\\Users\\Estudiante\\.vscode\\extensions\\uqbar.wollok-lsp-ide-0.5.4\\out\\server\\src\\server.js:2398:7383)\n    at V3.invoke (c:\\Users\\Estudiante\\.vscode\\extensions\\uqbar.wollok-lsp-ide-0.5.4\\out\\server\\src\\server.js:3:157328)\n    at o.fire (c:\\Users\\Estudiante\\.vscode\\extensions\\uqbar.wollok-lsp-ide-0.5.4\\out\\server\\src\\server.js:3:158098)\n    at c:\\Users\\Estudiante\\.vscode\\extensions\\uqbar.wollok-lsp-ide-0.5.4\\out\\server\\src\\server.js:37:57871\n    at nd (c:\\Users\\Estudiante\\.vscode\\extensions\\uqbar.wollok-lsp-ide-0.5.4\\out\\server\\src\\server.js:8:1561)","timestamp":"2026-06-15T03:49:57.483Z"}
{"level":"error","message":"✘ Failed to rebuild document Failed to parse game.wlk: \n-- PARSING FAILED --------------------------------------------------\n\n   6 |     method image() = \"dude.png\"\n   7 |     method position() = game.at(x,y)\n>  8 | }\n     | ^\n   9 | \n  10 | object piedra {\n\nExpected one of the following: \n\n'@', 'class', 'const', 'describe', 'mixin', 'object', 'only', 'package', 'program', 'test', 'var', '{', EOF, comment, not \"}\r\n\r\n\", whitespace\n","stack":"Error: Failed to parse game.wlk: \n-- PARSING FAILED --------------------------------------------------\n\n   6 |     method image() = \"dude.png\"\n   7 |     method position() = game.at(x,y)\n>  8 | }\n     | ^\n   9 | \n  10 | object piedra {\n\nExpected one of the following: \n\n'@', 'class', 'const', 'describe', 'mixin', 'object', 'only', 'package', 'program', 'test', 'var', '{', EOF, comment, not \"}\r\n\r\n\", whitespace\n\n    at c:\\Users\\Estudiante\\.vscode\\extensions\\uqbar.wollok-lsp-ide-0.5.4\\out\\server\\src\\server.js:2353:13026\n    at Array.map (<anonymous>)\n    at U1n (c:\\Users\\Estudiante\\.vscode\\extensions\\uqbar.wollok-lsp-ide-0.5.4\\out\\server\\src\\server.js:2353:12950)\n    at H2.buildEnvironmentFrom (c:\\Users\\Estudiante\\.vscode\\extensions\\uqbar.wollok-lsp-ide-0.5.4\\out\\server\\src\\server.js:2398:5254)\n    at H2.updateEnvironmentWith (c:\\Users\\Estudiante\\.vscode\\extensions\\uqbar.wollok-lsp-ide-0.5.4\\out\\server\\src\\server.js:2398:4989)\n    at GF (c:\\Users\\Estudiante\\.vscode\\extensions\\uqbar.wollok-lsp-ide-0.5.4\\out\\server\\src\\server.js:2398:7383)\n    at V3.invoke (c:\\Users\\Estudiante\\.vscode\\extensions\\uqbar.wollok-lsp-ide-0.5.4\\out\\server\\src\\server.js:3:157328)\n    at o.fire (c:\\Users\\Estudiante\\.vscode\\extensions\\uqbar.wollok-lsp-ide-0.5.4\\out\\server\\src\\server.js:3:158098)\n    at c:\\Users\\Estudiante\\.vscode\\extensions\\uqbar.wollok-lsp-ide-0.5.4\\out\\server\\src\\server.js:37:57871\n    at nd (c:\\Users\\Estudiante\\.vscode\\extensions\\uqbar.wollok-lsp-ide-0.5.4\\out\\server\\src\\server.js:8:1561)","timestamp":"2026-06-15T03:49:58.240Z"}
{"level":"error","message":"✘ Failed to rebuild document Failed to parse game.wlk: \n-- PARSING FAILED --------------------------------------------------\n\n   6 |     method image() = \"dude.png\"\n   7 |     method position() = game.at(x,y)\n>  8 | }\n     | ^\n   9 | \n  10 | object piedra {\n\nExpected one of the following: \n\n'@', 'class', 'const', 'describe', 'mixin', 'object', 'only', 'package', 'program', 'test', 'var', '{', EOF, comment, not \"}\r\n\r\n\", whitespace\n","stack":"Error: Failed to parse game.wlk: \n-- PARSING FAILED --------------------------------------------------\n\n   6 |     method image() = \"dude.png\"\n   7 |     method position() = game.at(x,y)\n>  8 | }\n     | ^\n   9 | \n  10 | object piedra {\n\nExpected one of the following: \n\n'@', 'class', 'const', 'describe', 'mixin', 'object', 'only', 'package', 'program', 'test', 'var', '{', EOF, comment, not \"}\r\n\r\n\", whitespace\n\n    at c:\\Users\\Estudiante\\.vscode\\extensions\\uqbar.wollok-lsp-ide-0.5.4\\out\\server\\src\\server.js:2353:13026\n    at Array.map (<anonymous>)\n    at U1n (c:\\Users\\Estudiante\\.vscode\\extensions\\uqbar.wollok-lsp-ide-0.5.4\\out\\server\\src\\server.js:2353:12950)\n    at H2.buildEnvironmentFrom (c:\\Users\\Estudiante\\.vscode\\extensions\\uqbar.wollok-lsp-ide-0.5.4\\out\\server\\src\\server.js:2398:5254)\n    at H2.updateEnvironmentWith (c:\\Users\\Estudiante\\.vscode\\extensions\\uqbar.wollok-lsp-ide-0.5.4\\out\\server\\src\\server.js:2398:4989)\n    at GF (c:\\Users\\Estudiante\\.vscode\\extensions\\uqbar.wollok-lsp-ide-0.5.4\\out\\server\\src\\server.js:2398:7383)\n    at V3.invoke (c:\\Users\\Estudiante\\.vscode\\extensions\\uqbar.wollok-lsp-ide-0.5.4\\out\\server\\src\\server.js:3:157328)\n    at o.fire (c:\\Users\\Estudiante\\.vscode\\extensions\\uqbar.wollok-lsp-ide-0.5.4\\out\\server\\src\\server.js:3:158098)\n    at c:\\Users\\Estudiante\\.vscode\\extensions\\uqbar.wollok-lsp-ide-0.5.4\\out\\server\\src\\server.js:37:57871\n    at nd (c:\\Users\\Estudiante\\.vscode\\extensions\\uqbar.wollok-lsp-ide-0.5.4\\out\\server\\src\\server.js:8:1561)","timestamp":"2026-06-15T03:49:58.627Z"}
{"level":"error","message":"✘ Failed to rebuild document Failed to parse game.wlk: \n-- PARSING FAILED --------------------------------------------------\n\n   6 |     method image() = \"dude.png\"\n   7 |     method position() = game.at(x,y)\n>  8 | }\n     | ^\n   9 | \n  10 | object piedra {\n\nExpected one of the following: \n\n'@', 'class', 'const', 'describe', 'mixin', 'object', 'only', 'package', 'program', 'test', 'var', '{', EOF, comment, not \"}\r\n\r\n\", whitespace\n","stack":"Error: Failed to parse game.wlk: \n-- PARSING FAILED --------------------------------------------------\n\n   6 |     method image() = \"dude.png\"\n   7 |     method position() = game.at(x,y)\n>  8 | }\n     | ^\n   9 | \n  10 | object piedra {\n\nExpected one of the following: \n\n'@', 'class', 'const', 'describe', 'mixin', 'object', 'only', 'package', 'program', 'test', 'var', '{', EOF, comment, not \"}\r\n\r\n\", whitespace\n\n    at c:\\Users\\Estudiante\\.vscode\\extensions\\uqbar.wollok-lsp-ide-0.5.4\\out\\server\\src\\server.js:2353:13026\n    at Array.map (<anonymous>)\n    at U1n (c:\\Users\\Estudiante\\.vscode\\extensions\\uqbar.wollok-lsp-ide-0.5.4\\out\\server\\src\\server.js:2353:12950)\n    at H2.buildEnvironmentFrom (c:\\Users\\Estudiante\\.vscode\\extensions\\uqbar.wollok-lsp-ide-0.5.4\\out\\server\\src\\server.js:2398:5254)\n    at H2.updateEnvironmentWith (c:\\Users\\Estudiante\\.vscode\\extensions\\uqbar.wollok-lsp-ide-0.5.4\\out\\server\\src\\server.js:2398:4989)\n    at GF (c:\\Users\\Estudiante\\.vscode\\extensions\\uqbar.wollok-lsp-ide-0.5.4\\out\\server\\src\\server.js:2398:7383)\n    at V3.invoke (c:\\Users\\Estudiante\\.vscode\\extensions\\uqbar.wollok-lsp-ide-0.5.4\\out\\server\\src\\server.js:3:157328)\n    at o.fire (c:\\Users\\Estudiante\\.vscode\\extensions\\uqbar.wollok-lsp-ide-0.5.4\\out\\server\\src\\server.js:3:158098)\n    at c:\\Users\\Estudiante\\.vscode\\extensions\\uqbar.wollok-lsp-ide-0.5.4\\out\\server\\src\\server.js:37:57871\n    at nd (c:\\Users\\Estudiante\\.vscode\\extensions\\uqbar.wollok-lsp-ide-0.5.4\\out\\server\\src\\server.js:8:1561)","timestamp":"2026-06-15T03:49:58.958Z"}
{"level":"error","message":"✘ Failed to rebuild document Failed to parse game.wlk: \n-- PARSING FAILED --------------------------------------------------\n\n   6 |     method image() = \"dude.png\"\n   7 |     method position() = game.at(x,y)\n>  8 | }\n     | ^\n   9 | \n  10 | object piedra {\n\nExpected one of the following: \n\n'@', 'class', 'const', 'describe', 'mixin', 'object', 'only', 'package', 'program', 'test', 'var', '{', EOF, comment, not \"}\r\n\r\n\", whitespace\n","stack":"Error: Failed to parse game.wlk: \n-- PARSING FAILED --------------------------------------------------\n\n   6 |     method image() = \"dude.png\"\n   7 |     method position() = game.at(x,y)\n>  8 | }\n     | ^\n   9 | \n  10 | object piedra {\n\nExpected one of the following: \n\n'@', 'class', 'const', 'describe', 'mixin', 'object', 'only', 'package', 'program', 'test', 'var', '{', EOF, comment, not \"}\r\n\r\n\", whitespace\n\n    at c:\\Users\\Estudiante\\.vscode\\extensions\\uqbar.wollok-lsp-ide-0.5.4\\out\\server\\src\\server.js:2353:13026\n    at Array.map (<anonymous>)\n    at U1n (c:\\Users\\Estudiante\\.vscode\\extensions\\uqbar.wollok-lsp-ide-0.5.4\\out\\server\\src\\server.js:2353:12950)\n    at H2.buildEnvironmentFrom (c:\\Users\\Estudiante\\.vscode\\extensions\\uqbar.wollok-lsp-ide-0.5.4\\out\\server\\src\\server.js:2398:5254)\n    at H2.updateEnvironmentWith (c:\\Users\\Estudiante\\.vscode\\extensions\\uqbar.wollok-lsp-ide-0.5.4\\out\\server\\src\\server.js:2398:4989)\n    at GF (c:\\Users\\Estudiante\\.vscode\\extensions\\uqbar.wollok-lsp-ide-0.5.4\\out\\server\\src\\server.js:2398:7383)\n    at V3.invoke (c:\\Users\\Estudiante\\.vscode\\extensions\\uqbar.wollok-lsp-ide-0.5.4\\out\\server\\src\\server.js:3:157328)\n    at o.fire (c:\\Users\\Estudiante\\.vscode\\extensions\\uqbar.wollok-lsp-ide-0.5.4\\out\\server\\src\\server.js:3:158098)\n    at c:\\Users\\Estudiante\\.vscode\\extensions\\uqbar.wollok-lsp-ide-0.5.4\\out\\server\\src\\server.js:37:57871\n    at nd (c:\\Users\\Estudiante\\.vscode\\extensions\\uqbar.wollok-lsp-ide-0.5.4\\out\\server\\src\\server.js:8:1561)","timestamp":"2026-06-15T03:49:59.292Z"}
{"level":"error","message":"✘ Failed to rebuild document Failed to parse game.wlk: \n-- PARSING FAILED --------------------------------------------------\n\n   6 |     method image() = \"dude.png\"\n   7 |     method position() = game.at(x,y)\n>  8 | }\n     | ^\n   9 | \n  10 | object piedra {\n\nExpected one of the following: \n\n'@', 'class', 'const', 'describe', 'mixin', 'object', 'only', 'package', 'program', 'test', 'var', '{', EOF, comment, not \"}\r\n\r\n\", whitespace\n","stack":"Error: Failed to parse game.wlk: \n-- PARSING FAILED --------------------------------------------------\n\n   6 |     method image() = \"dude.png\"\n   7 |     method position() = game.at(x,y)\n>  8 | }\n     | ^\n   9 | \n  10 | object piedra {\n\nExpected one of the following: \n\n'@', 'class', 'const', 'describe', 'mixin', 'object', 'only', 'package', 'program', 'test', 'var', '{', EOF, comment, not \"}\r\n\r\n\", whitespace\n\n    at c:\\Users\\Estudiante\\.vscode\\extensions\\uqbar.wollok-lsp-ide-0.5.4\\out\\server\\src\\server.js:2353:13026\n    at Array.map (<anonymous>)\n    at U1n (c:\\Users\\Estudiante\\.vscode\\extensions\\uqbar.wollok-lsp-ide-0.5.4\\out\\server\\src\\server.js:2353:12950)\n    at H2.buildEnvironmentFrom (c:\\Users\\Estudiante\\.vscode\\extensions\\uqbar.wollok-lsp-ide-0.5.4\\out\\server\\src\\server.js:2398:5254)\n    at H2.updateEnvironmentWith (c:\\Users\\Estudiante\\.vscode\\extensions\\uqbar.wollok-lsp-ide-0.5.4\\out\\server\\src\\server.js:2398:4989)\n    at GF (c:\\Users\\Estudiante\\.vscode\\extensions\\uqbar.wollok-lsp-ide-0.5.4\\out\\server\\src\\server.js:2398:7383)\n    at V3.invoke (c:\\Users\\Estudiante\\.vscode\\extensions\\uqbar.wollok-lsp-ide-0.5.4\\out\\server\\src\\server.js:3:157328)\n    at o.fire (c:\\Users\\Estudiante\\.vscode\\extensions\\uqbar.wollok-lsp-ide-0.5.4\\out\\server\\src\\server.js:3:158098)\n    at c:\\Users\\Estudiante\\.vscode\\extensions\\uqbar.wollok-lsp-ide-0.5.4\\out\\server\\src\\server.js:37:57871\n    at nd (c:\\Users\\Estudiante\\.vscode\\extensions\\uqbar.wollok-lsp-ide-0.5.4\\out\\server\\src\\server.js:8:1561)","timestamp":"2026-06-15T03:50:00.169Z"}
{"level":"error","message":"✘ Failed to rebuild document Failed to parse game.wlk: \n-- PARSING FAILED --------------------------------------------------\n\n   6 |     method image() = \"dude.png\"\n   7 |     method position() = game.at(x,y)\n>  8 | }\n     | ^\n   9 | \n  10 | object piedra {\n\nExpected one of the following: \n\n'@', 'class', 'const', 'describe', 'mixin', 'object', 'only', 'package', 'program', 'test', 'var', '{', EOF, comment, not \"}\r\n\r\n\", whitespace\n","stack":"Error: Failed to parse game.wlk: \n-- PARSING FAILED --------------------------------------------------\n\n   6 |     method image() = \"dude.png\"\n   7 |     method position() = game.at(x,y)\n>  8 | }\n     | ^\n   9 | \n  10 | object piedra {\n\nExpected one of the following: \n\n'@', 'class', 'const', 'describe', 'mixin', 'object', 'only', 'package', 'program', 'test', 'var', '{', EOF, comment, not \"}\r\n\r\n\", whitespace\n\n    at c:\\Users\\Estudiante\\.vscode\\extensions\\uqbar.wollok-lsp-ide-0.5.4\\out\\server\\src\\server.js:2353:13026\n    at Array.map (<anonymous>)\n    at U1n (c:\\Users\\Estudiante\\.vscode\\extensions\\uqbar.wollok-lsp-ide-0.5.4\\out\\server\\src\\server.js:2353:12950)\n    at H2.buildEnvironmentFrom (c:\\Users\\Estudiante\\.vscode\\extensions\\uqbar.wollok-lsp-ide-0.5.4\\out\\server\\src\\server.js:2398:5254)\n    at H2.updateEnvironmentWith (c:\\Users\\Estudiante\\.vscode\\extensions\\uqbar.wollok-lsp-ide-0.5.4\\out\\server\\src\\server.js:2398:4989)\n    at GF (c:\\Users\\Estudiante\\.vscode\\extensions\\uqbar.wollok-lsp-ide-0.5.4\\out\\server\\src\\server.js:2398:7383)\n    at V3.invoke (c:\\Users\\Estudiante\\.vscode\\extensions\\uqbar.wollok-lsp-ide-0.5.4\\out\\server\\src\\server.js:3:157328)\n    at o.fire (c:\\Users\\Estudiante\\.vscode\\extensions\\uqbar.wollok-lsp-ide-0.5.4\\out\\server\\src\\server.js:3:158098)\n    at c:\\Users\\Estudiante\\.vscode\\extensions\\uqbar.wollok-lsp-ide-0.5.4\\out\\server\\src\\server.js:37:57871\n    at nd (c:\\Users\\Estudiante\\.vscode\\extensions\\uqbar.wollok-lsp-ide-0.5.4\\out\\server\\src\\server.js:8:1561)","timestamp":"2026-06-15T03:50:07.007Z"}
{"level":"error","message":"✘ Failed to rebuild document Failed to parse game.wlk: \n-- PARSING FAILED --------------------------------------------------\n\n   6 |     method image() = \"dude.png\"\n   7 |     method position() = game.at(x,y)\n>  8 | }\n     | ^\n   9 | \n  10 | object piedra {\n\nExpected one of the following: \n\n'@', 'class', 'const', 'describe', 'mixin', 'object', 'only', 'package', 'program', 'test', 'var', '{', EOF, comment, not \"}\r\n\r\n\", whitespace\n","stack":"Error: Failed to parse game.wlk: \n-- PARSING FAILED --------------------------------------------------\n\n   6 |     method image() = \"dude.png\"\n   7 |     method position() = game.at(x,y)\n>  8 | }\n     | ^\n   9 | \n  10 | object piedra {\n\nExpected one of the following: \n\n'@', 'class', 'const', 'describe', 'mixin', 'object', 'only', 'package', 'program', 'test', 'var', '{', EOF, comment, not \"}\r\n\r\n\", whitespace\n\n    at c:\\Users\\Estudiante\\.vscode\\extensions\\uqbar.wollok-lsp-ide-0.5.4\\out\\server\\src\\server.js:2353:13026\n    at Array.map (<anonymous>)\n    at U1n (c:\\Users\\Estudiante\\.vscode\\extensions\\uqbar.wollok-lsp-ide-0.5.4\\out\\server\\src\\server.js:2353:12950)\n    at H2.buildEnvironmentFrom (c:\\Users\\Estudiante\\.vscode\\extensions\\uqbar.wollok-lsp-ide-0.5.4\\out\\server\\src\\server.js:2398:5254)\n    at H2.updateEnvironmentWith (c:\\Users\\Estudiante\\.vscode\\extensions\\uqbar.wollok-lsp-ide-0.5.4\\out\\server\\src\\server.js:2398:4989)\n    at GF (c:\\Users\\Estudiante\\.vscode\\extensions\\uqbar.wollok-lsp-ide-0.5.4\\out\\server\\src\\server.js:2398:7383)\n    at V3.invoke (c:\\Users\\Estudiante\\.vscode\\extensions\\uqbar.wollok-lsp-ide-0.5.4\\out\\server\\src\\server.js:3:157328)\n    at o.fire (c:\\Users\\Estudiante\\.vscode\\extensions\\uqbar.wollok-lsp-ide-0.5.4\\out\\server\\src\\server.js:3:158098)\n    at c:\\Users\\Estudiante\\.vscode\\extensions\\uqbar.wollok-lsp-ide-0.5.4\\out\\server\\src\\server.js:37:57871\n    at nd (c:\\Users\\Estudiante\\.vscode\\extensions\\uqbar.wollok-lsp-ide-0.5.4\\out\\server\\src\\server.js:8:1561)","timestamp":"2026-06-15T03:50:10.029Z"}
{"level":"error","message":"✘ Failed to rebuild document Failed to parse game.wlk: \n-- PARSING FAILED --------------------------------------------------\n\n   6 |     method image() = \"dude.png\"\n   7 |     method position() = game.at(x,y)\n>  8 | }\n     | ^\n   9 | \n  10 | object piedra {\n\nExpected one of the following: \n\n'@', 'class', 'const', 'describe', 'mixin', 'object', 'only', 'package', 'program', 'test', 'var', '{', EOF, comment, not \"}\r\n\r\n\", whitespace\n","stack":"Error: Failed to parse game.wlk: \n-- PARSING FAILED --------------------------------------------------\n\n   6 |     method image() = \"dude.png\"\n   7 |     method position() = game.at(x,y)\n>  8 | }\n     | ^\n   9 | \n  10 | object piedra {\n\nExpected one of the following: \n\n'@', 'class', 'const', 'describe', 'mixin', 'object', 'only', 'package', 'program', 'test', 'var', '{', EOF, comment, not \"}\r\n\r\n\", whitespace\n\n    at c:\\Users\\Estudiante\\.vscode\\extensions\\uqbar.wollok-lsp-ide-0.5.4\\out\\server\\src\\server.js:2353:13026\n    at Array.map (<anonymous>)\n    at U1n (c:\\Users\\Estudiante\\.vscode\\extensions\\uqbar.wollok-lsp-ide-0.5.4\\out\\server\\src\\server.js:2353:12950)\n    at H2.buildEnvironmentFrom (c:\\Users\\Estudiante\\.vscode\\extensions\\uqbar.wollok-lsp-ide-0.5.4\\out\\server\\src\\server.js:2398:5254)\n    at H2.updateEnvironmentWith (c:\\Users\\Estudiante\\.vscode\\extensions\\uqbar.wollok-lsp-ide-0.5.4\\out\\server\\src\\server.js:2398:4989)\n    at GF (c:\\Users\\Estudiante\\.vscode\\extensions\\uqbar.wollok-lsp-ide-0.5.4\\out\\server\\src\\server.js:2398:7383)\n    at V3.invoke (c:\\Users\\Estudiante\\.vscode\\extensions\\uqbar.wollok-lsp-ide-0.5.4\\out\\server\\src\\server.js:3:157328)\n    at o.fire (c:\\Users\\Estudiante\\.vscode\\extensions\\uqbar.wollok-lsp-ide-0.5.4\\out\\server\\src\\server.js:3:158098)\n    at c:\\Users\\Estudiante\\.vscode\\extensions\\uqbar.wollok-lsp-ide-0.5.4\\out\\server\\src\\server.js:37:57871\n    at nd (c:\\Users\\Estudiante\\.vscode\\extensions\\uqbar.wollok-lsp-ide-0.5.4\\out\\server\\src\\server.js:8:1561)","timestamp":"2026-06-15T03:50:10.289Z"}
{"level":"error","message":"✘ Failed to rebuild document Failed to parse game.wlk: \n-- PARSING FAILED --------------------------------------------------\n\n   6 |     method image() = \"dude.png\"\n   7 |     method position() = game.at(x,y)\n>  8 | }\n     | ^\n   9 | \n  10 | object piedra {\n\nExpected one of the following: \n\n'@', 'class', 'const', 'describe', 'mixin', 'object', 'only', 'package', 'program', 'test', 'var', '{', EOF, comment, not \"}\r\n\r\n\", whitespace\n","stack":"Error: Failed to parse game.wlk: \n-- PARSING FAILED --------------------------------------------------\n\n   6 |     method image() = \"dude.png\"\n   7 |     method position() = game.at(x,y)\n>  8 | }\n     | ^\n   9 | \n  10 | object piedra {\n\nExpected one of the following: \n\n'@', 'class', 'const', 'describe', 'mixin', 'object', 'only', 'package', 'program', 'test', 'var', '{', EOF, comment, not \"}\r\n\r\n\", whitespace\n\n    at c:\\Users\\Estudiante\\.vscode\\extensions\\uqbar.wollok-lsp-ide-0.5.4\\out\\server\\src\\server.js:2353:13026\n    at Array.map (<anonymous>)\n    at U1n (c:\\Users\\Estudiante\\.vscode\\extensions\\uqbar.wollok-lsp-ide-0.5.4\\out\\server\\src\\server.js:2353:12950)\n    at H2.buildEnvironmentFrom (c:\\Users\\Estudiante\\.vscode\\extensions\\uqbar.wollok-lsp-ide-0.5.4\\out\\server\\src\\server.js:2398:5254)\n    at H2.updateEnvironmentWith (c:\\Users\\Estudiante\\.vscode\\extensions\\uqbar.wollok-lsp-ide-0.5.4\\out\\server\\src\\server.js:2398:4989)\n    at GF (c:\\Users\\Estudiante\\.vscode\\extensions\\uqbar.wollok-lsp-ide-0.5.4\\out\\server\\src\\server.js:2398:7383)\n    at V3.invoke (c:\\Users\\Estudiante\\.vscode\\extensions\\uqbar.wollok-lsp-ide-0.5.4\\out\\server\\src\\server.js:3:157328)\n    at o.fire (c:\\Users\\Estudiante\\.vscode\\extensions\\uqbar.wollok-lsp-ide-0.5.4\\out\\server\\src\\server.js:3:158098)\n    at c:\\Users\\Estudiante\\.vscode\\extensions\\uqbar.wollok-lsp-ide-0.5.4\\out\\server\\src\\server.js:37:57871\n    at nd (c:\\Users\\Estudiante\\.vscode\\extensions\\uqbar.wollok-lsp-ide-0.5.4\\out\\server\\src\\server.js:8:1561)","timestamp":"2026-06-15T03:50:10.701Z"}
{"level":"error","message":"✘ Failed to rebuild document Failed to parse game.wlk: \n-- PARSING FAILED --------------------------------------------------\n\n   6 |     method image() = \"dude.png\"\n   7 |     method position() = game.at(x,y)\n>  8 | }\n     | ^\n   9 | \n  10 | object piedra {\n\nExpected one of the following: \n\n'@', 'class', 'const', 'describe', 'mixin', 'object', 'only', 'package', 'program', 'test', 'var', '{', EOF, comment, not \"}\r\n\r\n\", whitespace\n","stack":"Error: Failed to parse game.wlk: \n-- PARSING FAILED --------------------------------------------------\n\n   6 |     method image() = \"dude.png\"\n   7 |     method position() = game.at(x,y)\n>  8 | }\n     | ^\n   9 | \n  10 | object piedra {\n\nExpected one of the following: \n\n'@', 'class', 'const', 'describe', 'mixin', 'object', 'only', 'package', 'program', 'test', 'var', '{', EOF, comment, not \"}\r\n\r\n\", whitespace\n\n    at c:\\Users\\Estudiante\\.vscode\\extensions\\uqbar.wollok-lsp-ide-0.5.4\\out\\server\\src\\server.js:2353:13026\n    at Array.map (<anonymous>)\n    at U1n (c:\\Users\\Estudiante\\.vscode\\extensions\\uqbar.wollok-lsp-ide-0.5.4\\out\\server\\src\\server.js:2353:12950)\n    at H2.buildEnvironmentFrom (c:\\Users\\Estudiante\\.vscode\\extensions\\uqbar.wollok-lsp-ide-0.5.4\\out\\server\\src\\server.js:2398:5254)\n    at H2.updateEnvironmentWith (c:\\Users\\Estudiante\\.vscode\\extensions\\uqbar.wollok-lsp-ide-0.5.4\\out\\server\\src\\server.js:2398:4989)\n    at GF (c:\\Users\\Estudiante\\.vscode\\extensions\\uqbar.wollok-lsp-ide-0.5.4\\out\\server\\src\\server.js:2398:7383)\n    at V3.invoke (c:\\Users\\Estudiante\\.vscode\\extensions\\uqbar.wollok-lsp-ide-0.5.4\\out\\server\\src\\server.js:3:157328)\n    at o.fire (c:\\Users\\Estudiante\\.vscode\\extensions\\uqbar.wollok-lsp-ide-0.5.4\\out\\server\\src\\server.js:3:158098)\n    at c:\\Users\\Estudiante\\.vscode\\extensions\\uqbar.wollok-lsp-ide-0.5.4\\out\\server\\src\\server.js:37:57871\n    at nd (c:\\Users\\Estudiante\\.vscode\\extensions\\uqbar.wollok-lsp-ide-0.5.4\\out\\server\\src\\server.js:8:1561)","timestamp":"2026-06-15T03:50:10.961Z"}
{"level":"error","message":"✘ Failed to rebuild document Failed to parse game.wlk: \n-- PARSING FAILED --------------------------------------------------\n\n   6 |     method image() = \"dude.png\"\n   7 |     method position() = game.at(x,y)\n>  8 | }\n     | ^\n   9 | \n  10 | object piedra {\n\nExpected one of the following: \n\n'@', 'class', 'const', 'describe', 'mixin', 'object', 'only', 'package', 'program', 'test', 'var', '{', EOF, comment, not \"}\r\n\r\n\", whitespace\n","stack":"Error: Failed to parse game.wlk: \n-- PARSING FAILED --------------------------------------------------\n\n   6 |     method image() = \"dude.png\"\n   7 |     method position() = game.at(x,y)\n>  8 | }\n     | ^\n   9 | \n  10 | object piedra {\n\nExpected one of the following: \n\n'@', 'class', 'const', 'describe', 'mixin', 'object', 'only', 'package', 'program', 'test', 'var', '{', EOF, comment, not \"}\r\n\r\n\", whitespace\n\n    at c:\\Users\\Estudiante\\.vscode\\extensions\\uqbar.wollok-lsp-ide-0.5.4\\out\\server\\src\\server.js:2353:13026\n    at Array.map (<anonymous>)\n    at U1n (c:\\Users\\Estudiante\\.vscode\\extensions\\uqbar.wollok-lsp-ide-0.5.4\\out\\server\\src\\server.js:2353:12950)\n    at H2.buildEnvironmentFrom (c:\\Users\\Estudiante\\.vscode\\extensions\\uqbar.wollok-lsp-ide-0.5.4\\out\\server\\src\\server.js:2398:5254)\n    at H2.updateEnvironmentWith (c:\\Users\\Estudiante\\.vscode\\extensions\\uqbar.wollok-lsp-ide-0.5.4\\out\\server\\src\\server.js:2398:4989)\n    at GF (c:\\Users\\Estudiante\\.vscode\\extensions\\uqbar.wollok-lsp-ide-0.5.4\\out\\server\\src\\server.js:2398:7383)\n    at V3.invoke (c:\\Users\\Estudiante\\.vscode\\extensions\\uqbar.wollok-lsp-ide-0.5.4\\out\\server\\src\\server.js:3:157328)\n    at o.fire (c:\\Users\\Estudiante\\.vscode\\extensions\\uqbar.wollok-lsp-ide-0.5.4\\out\\server\\src\\server.js:3:158098)\n    at c:\\Users\\Estudiante\\.vscode\\extensions\\uqbar.wollok-lsp-ide-0.5.4\\out\\server\\src\\server.js:37:57871\n    at nd (c:\\Users\\Estudiante\\.vscode\\extensions\\uqbar.wollok-lsp-ide-0.5.4\\out\\server\\src\\server.js:8:1561)","timestamp":"2026-06-15T03:50:12.294Z"}
{"level":"error","message":"✘ Failed to rebuild document Failed to parse game.wlk: \n-- PARSING FAILED --------------------------------------------------\n\n   6 |     method image() = \"dude.png\"\n   7 |     method position() = game.at(x,y)\n>  8 | }\n     | ^\n   9 | \n  10 | object piedra {\n\nExpected one of the following: \n\n'@', 'class', 'const', 'describe', 'mixin', 'object', 'only', 'package', 'program', 'test', 'var', '{', EOF, comment, not \"}\r\n\r\n\", whitespace\n","stack":"Error: Failed to parse game.wlk: \n-- PARSING FAILED --------------------------------------------------\n\n   6 |     method image() = \"dude.png\"\n   7 |     method position() = game.at(x,y)\n>  8 | }\n     | ^\n   9 | \n  10 | object piedra {\n\nExpected one of the following: \n\n'@', 'class', 'const', 'describe', 'mixin', 'object', 'only', 'package', 'program', 'test', 'var', '{', EOF, comment, not \"}\r\n\r\n\", whitespace\n\n    at c:\\Users\\Estudiante\\.vscode\\extensions\\uqbar.wollok-lsp-ide-0.5.4\\out\\server\\src\\server.js:2353:13026\n    at Array.map (<anonymous>)\n    at U1n (c:\\Users\\Estudiante\\.vscode\\extensions\\uqbar.wollok-lsp-ide-0.5.4\\out\\server\\src\\server.js:2353:12950)\n    at H2.buildEnvironmentFrom (c:\\Users\\Estudiante\\.vscode\\extensions\\uqbar.wollok-lsp-ide-0.5.4\\out\\server\\src\\server.js:2398:5254)\n    at H2.updateEnvironmentWith (c:\\Users\\Estudiante\\.vscode\\extensions\\uqbar.wollok-lsp-ide-0.5.4\\out\\server\\src\\server.js:2398:4989)\n    at GF (c:\\Users\\Estudiante\\.vscode\\extensions\\uqbar.wollok-lsp-ide-0.5.4\\out\\server\\src\\server.js:2398:7383)\n    at V3.invoke (c:\\Users\\Estudiante\\.vscode\\extensions\\uqbar.wollok-lsp-ide-0.5.4\\out\\server\\src\\server.js:3:157328)\n    at o.fire (c:\\Users\\Estudiante\\.vscode\\extensions\\uqbar.wollok-lsp-ide-0.5.4\\out\\server\\src\\server.js:3:158098)\n    at c:\\Users\\Estudiante\\.vscode\\extensions\\uqbar.wollok-lsp-ide-0.5.4\\out\\server\\src\\server.js:37:57871\n    at nd (c:\\Users\\Estudiante\\.vscode\\extensions\\uqbar.wollok-lsp-ide-0.5.4\\out\\server\\src\\server.js:8:1561)","timestamp":"2026-06-15T03:50:13.834Z"}
{"level":"error","message":"✘ Failed to rebuild document Failed to parse game.wlk: \n-- PARSING FAILED --------------------------------------------------\n\n   6 |     method image() = \"dude.png\"\n   7 |     method position() = game.at(x,)\n>  8 | }\n     | ^\n   9 | \n  10 | object piedra {\n\nExpected one of the following: \n\n'@', 'class', 'const', 'describe', 'mixin', 'object', 'only', 'package', 'program', 'test', 'var', '{', EOF, comment, not \"}\r\n\r\n\", whitespace\n","stack":"Error: Failed to parse game.wlk: \n-- PARSING FAILED --------------------------------------------------\n\n   6 |     method image() = \"dude.png\"\n   7 |     method position() = game.at(x,)\n>  8 | }\n     | ^\n   9 | \n  10 | object piedra {\n\nExpected one of the following: \n\n'@', 'class', 'const', 'describe', 'mixin', 'object', 'only', 'package', 'program', 'test', 'var', '{', EOF, comment, not \"}\r\n\r\n\", whitespace\n\n    at c:\\Users\\Estudiante\\.vscode\\extensions\\uqbar.wollok-lsp-ide-0.5.4\\out\\server\\src\\server.js:2353:13026\n    at Array.map (<anonymous>)\n    at U1n (c:\\Users\\Estudiante\\.vscode\\extensions\\uqbar.wollok-lsp-ide-0.5.4\\out\\server\\src\\server.js:2353:12950)\n    at H2.buildEnvironmentFrom (c:\\Users\\Estudiante\\.vscode\\extensions\\uqbar.wollok-lsp-ide-0.5.4\\out\\server\\src\\server.js:2398:5254)\n    at H2.updateEnvironmentWith (c:\\Users\\Estudiante\\.vscode\\extensions\\uqbar.wollok-lsp-ide-0.5.4\\out\\server\\src\\server.js:2398:4989)\n    at GF (c:\\Users\\Estudiante\\.vscode\\extensions\\uqbar.wollok-lsp-ide-0.5.4\\out\\server\\src\\server.js:2398:7383)\n    at V3.invoke (c:\\Users\\Estudiante\\.vscode\\extensions\\uqbar.wollok-lsp-ide-0.5.4\\out\\server\\src\\server.js:3:157328)\n    at o.fire (c:\\Users\\Estudiante\\.vscode\\extensions\\uqbar.wollok-lsp-ide-0.5.4\\out\\server\\src\\server.js:3:158098)\n    at c:\\Users\\Estudiante\\.vscode\\extensions\\uqbar.wollok-lsp-ide-0.5.4\\out\\server\\src\\server.js:37:57871\n    at nd (c:\\Users\\Estudiante\\.vscode\\extensions\\uqbar.wollok-lsp-ide-0.5.4\\out\\server\\src\\server.js:8:1561)","timestamp":"2026-06-15T03:50:35.864Z"}
{"level":"error","message":"✘ Failed to rebuild document Failed to parse game.wlk: \n-- PARSING FAILED --------------------------------------------------\n\n   6 |     method image() = \"dude.png\"\n   7 |     method position() = game.at(x)\n>  8 | }\n     | ^\n   9 | \n  10 | object piedra {\n\nExpected one of the following: \n\n'@', 'class', 'const', 'describe', 'mixin', 'object', 'only', 'package', 'program', 'test', 'var', '{', EOF, comment, not \"}\r\n\r\n\", whitespace\n","stack":"Error: Failed to parse game.wlk: \n-- PARSING FAILED --------------------------------------------------\n\n   6 |     method image() = \"dude.png\"\n   7 |     method position() = game.at(x)\n>  8 | }\n     | ^\n   9 | \n  10 | object piedra {\n\nExpected one of the following: \n\n'@', 'class', 'const', 'describe', 'mixin', 'object', 'only', 'package', 'program', 'test', 'var', '{', EOF, comment, not \"}\r\n\r\n\", whitespace\n\n    at c:\\Users\\Estudiante\\.vscode\\extensions\\uqbar.wollok-lsp-ide-0.5.4\\out\\server\\src\\server.js:2353:13026\n    at Array.map (<anonymous>)\n    at U1n (c:\\Users\\Estudiante\\.vscode\\extensions\\uqbar.wollok-lsp-ide-0.5.4\\out\\server\\src\\server.js:2353:12950)\n    at H2.buildEnvironmentFrom (c:\\Users\\Estudiante\\.vscode\\extensions\\uqbar.wollok-lsp-ide-0.5.4\\out\\server\\src\\server.js:2398:5254)\n    at H2.updateEnvironmentWith (c:\\Users\\Estudiante\\.vscode\\extensions\\uqbar.wollok-lsp-ide-0.5.4\\out\\server\\src\\server.js:2398:4989)\n    at GF (c:\\Users\\Estudiante\\.vscode\\extensions\\uqbar.wollok-lsp-ide-0.5.4\\out\\server\\src\\server.js:2398:7383)\n    at V3.invoke (c:\\Users\\Estudiante\\.vscode\\extensions\\uqbar.wollok-lsp-ide-0.5.4\\out\\server\\src\\server.js:3:157328)\n    at o.fire (c:\\Users\\Estudiante\\.vscode\\extensions\\uqbar.wollok-lsp-ide-0.5.4\\out\\server\\src\\server.js:3:158098)\n    at c:\\Users\\Estudiante\\.vscode\\extensions\\uqbar.wollok-lsp-ide-0.5.4\\out\\server\\src\\server.js:37:57871\n    at nd (c:\\Users\\Estudiante\\.vscode\\extensions\\uqbar.wollok-lsp-ide-0.5.4\\out\\server\\src\\server.js:8:1561)","timestamp":"2026-06-15T03:50:36.238Z"}
{"level":"error","message":"✘ Failed to rebuild document Failed to parse game.wlk: \n-- PARSING FAILED --------------------------------------------------\n\n   6 |     method image() = \"dude.png\"\n   7 |     method position() = game.at()\n>  8 | }\n     | ^\n   9 | \n  10 | object piedra {\n\nExpected one of the following: \n\n'@', 'class', 'const', 'describe', 'mixin', 'object', 'only', 'package', 'program', 'test', 'var', '{', EOF, comment, not \"}\r\n\r\n\", whitespace\n","stack":"Error: Failed to parse game.wlk: \n-- PARSING FAILED --------------------------------------------------\n\n   6 |     method image() = \"dude.png\"\n   7 |     method position() = game.at()\n>  8 | }\n     | ^\n   9 | \n  10 | object piedra {\n\nExpected one of the following: \n\n'@', 'class', 'const', 'describe', 'mixin', 'object', 'only', 'package', 'program', 'test', 'var', '{', EOF, comment, not \"}\r\n\r\n\", whitespace\n\n    at c:\\Users\\Estudiante\\.vscode\\extensions\\uqbar.wollok-lsp-ide-0.5.4\\out\\server\\src\\server.js:2353:13026\n    at Array.map (<anonymous>)\n    at U1n (c:\\Users\\Estudiante\\.vscode\\extensions\\uqbar.wollok-lsp-ide-0.5.4\\out\\server\\src\\server.js:2353:12950)\n    at H2.buildEnvironmentFrom (c:\\Users\\Estudiante\\.vscode\\extensions\\uqbar.wollok-lsp-ide-0.5.4\\out\\server\\src\\server.js:2398:5254)\n    at H2.updateEnvironmentWith (c:\\Users\\Estudiante\\.vscode\\extensions\\uqbar.wollok-lsp-ide-0.5.4\\out\\server\\src\\server.js:2398:4989)\n    at GF (c:\\Users\\Estudiante\\.vscode\\extensions\\uqbar.wollok-lsp-ide-0.5.4\\out\\server\\src\\server.js:2398:7383)\n    at V3.invoke (c:\\Users\\Estudiante\\.vscode\\extensions\\uqbar.wollok-lsp-ide-0.5.4\\out\\server\\src\\server.js:3:157328)\n    at o.fire (c:\\Users\\Estudiante\\.vscode\\extensions\\uqbar.wollok-lsp-ide-0.5.4\\out\\server\\src\\server.js:3:158098)\n    at c:\\Users\\Estudiante\\.vscode\\extensions\\uqbar.wollok-lsp-ide-0.5.4\\out\\server\\src\\server.js:37:57871\n    at nd (c:\\Users\\Estudiante\\.vscode\\extensions\\uqbar.wollok-lsp-ide-0.5.4\\out\\server\\src\\server.js:8:1561)","timestamp":"2026-06-15T03:50:36.658Z"}
{"level":"error","message":"✘ Failed to rebuild document Failed to parse game.wlk: \n-- PARSING FAILED --------------------------------------------------\n\n  16 | \n  17 |     method nombre() = \"PIEDRA\"\n> 18 | }\n     | ^\n  19 | \n  20 | object papel {\n\nExpected one of the following: \n\n'@', 'class', 'const', 'describe', 'mixin', 'object', 'only', 'package', 'program', 'test', 'var', '{', EOF, comment, not \"}\r\n\r\n\", whitespace\n","stack":"Error: Failed to parse game.wlk: \n-- PARSING FAILED --------------------------------------------------\n\n  16 | \n  17 |     method nombre() = \"PIEDRA\"\n> 18 | }\n     | ^\n  19 | \n  20 | object papel {\n\nExpected one of the following: \n\n'@', 'class', 'const', 'describe', 'mixin', 'object', 'only', 'package', 'program', 'test', 'var', '{', EOF, comment, not \"}\r\n\r\n\", whitespace\n\n    at c:\\Users\\Estudiante\\.vscode\\extensions\\uqbar.wollok-lsp-ide-0.5.4\\out\\server\\src\\server.js:2353:13026\n    at Array.map (<anonymous>)\n    at U1n (c:\\Users\\Estudiante\\.vscode\\extensions\\uqbar.wollok-lsp-ide-0.5.4\\out\\server\\src\\server.js:2353:12950)\n    at H2.buildEnvironmentFrom (c:\\Users\\Estudiante\\.vscode\\extensions\\uqbar.wollok-lsp-ide-0.5.4\\out\\server\\src\\server.js:2398:5254)\n    at H2.updateEnvironmentWith (c:\\Users\\Estudiante\\.vscode\\extensions\\uqbar.wollok-lsp-ide-0.5.4\\out\\server\\src\\server.js:2398:4989)\n    at GF (c:\\Users\\Estudiante\\.vscode\\extensions\\uqbar.wollok-lsp-ide-0.5.4\\out\\server\\src\\server.js:2398:7383)\n    at V3.invoke (c:\\Users\\Estudiante\\.vscode\\extensions\\uqbar.wollok-lsp-ide-0.5.4\\out\\server\\src\\server.js:3:157328)\n    at o.fire (c:\\Users\\Estudiante\\.vscode\\extensions\\uqbar.wollok-lsp-ide-0.5.4\\out\\server\\src\\server.js:3:158098)\n    at c:\\Users\\Estudiante\\.vscode\\extensions\\uqbar.wollok-lsp-ide-0.5.4\\out\\server\\src\\server.js:37:57871\n    at nd (c:\\Users\\Estudiante\\.vscode\\extensions\\uqbar.wollok-lsp-ide-0.5.4\\out\\server\\src\\server.js:8:1561)","timestamp":"2026-06-15T03:51:02.747Z"}
{"level":"error","message":"✘ Failed to rebuild document Failed to parse game.wlk: \n-- PARSING FAILED --------------------------------------------------\n\n   6 |     method image() = \"dude.png\"\n   7 |     method position() = game.at(14,8)\n>  8 | }\n     | ^\n   9 | \n  10 | object piedra {\n\nExpected one of the following: \n\n'@', 'class', 'const', 'describe', 'mixin', 'object', 'only', 'package', 'program', 'test', 'var', '{', EOF, comment, not \"}\r\n\r\n\", whitespace\n","stack":"Error: Failed to parse game.wlk: \n-- PARSING FAILED --------------------------------------------------\n\n   6 |     method image() = \"dude.png\"\n   7 |     method position() = game.at(14,8)\n>  8 | }\n     | ^\n   9 | \n  10 | object piedra {\n\nExpected one of the following: \n\n'@', 'class', 'const', 'describe', 'mixin', 'object', 'only', 'package', 'program', 'test', 'var', '{', EOF, comment, not \"}\r\n\r\n\", whitespace\n\n    at c:\\Users\\Estudiante\\.vscode\\extensions\\uqbar.wollok-lsp-ide-0.5.4\\out\\server\\src\\server.js:2353:13026\n    at Array.map (<anonymous>)\n    at U1n (c:\\Users\\Estudiante\\.vscode\\extensions\\uqbar.wollok-lsp-ide-0.5.4\\out\\server\\src\\server.js:2353:12950)\n    at H2.buildEnvironmentFrom (c:\\Users\\Estudiante\\.vscode\\extensions\\uqbar.wollok-lsp-ide-0.5.4\\out\\server\\src\\server.js:2398:5254)\n    at H2.updateEnvironmentWith (c:\\Users\\Estudiante\\.vscode\\extensions\\uqbar.wollok-lsp-ide-0.5.4\\out\\server\\src\\server.js:2398:4989)\n    at GF (c:\\Users\\Estudiante\\.vscode\\extensions\\uqbar.wollok-lsp-ide-0.5.4\\out\\server\\src\\server.js:2398:7383)\n    at V3.invoke (c:\\Users\\Estudiante\\.vscode\\extensions\\uqbar.wollok-lsp-ide-0.5.4\\out\\server\\src\\server.js:3:157328)\n    at o.fire (c:\\Users\\Estudiante\\.vscode\\extensions\\uqbar.wollok-lsp-ide-0.5.4\\out\\server\\src\\server.js:3:158098)\n    at c:\\Users\\Estudiante\\.vscode\\extensions\\uqbar.wollok-lsp-ide-0.5.4\\out\\server\\src\\server.js:37:57871\n    at nd (c:\\Users\\Estudiante\\.vscode\\extensions\\uqbar.wollok-lsp-ide-0.5.4\\out\\server\\src\\server.js:8:1561)","timestamp":"2026-06-15T03:51:04.366Z"}
{"level":"error","message":"✘ Failed to rebuild document Failed to parse game.wlk: \n-- PARSING FAILED --------------------------------------------------\n\n   6 |     method image() = \"dud.png\"\n   7 |     method position() = game.at(14,8)\n>  8 | }\n     | ^\n   9 | \n  10 | object piedra {\n\nExpected one of the following: \n\n'@', 'class', 'const', 'describe', 'mixin', 'object', 'only', 'package', 'program', 'test', 'var', '{', EOF, comment, not \"}\r\n\r\n\", whitespace\n","stack":"Error: Failed to parse game.wlk: \n-- PARSING FAILED --------------------------------------------------\n\n   6 |     method image() = \"dud.png\"\n   7 |     method position() = game.at(14,8)\n>  8 | }\n     | ^\n   9 | \n  10 | object piedra {\n\nExpected one of the following: \n\n'@', 'class', 'const', 'describe', 'mixin', 'object', 'only', 'package', 'program', 'test', 'var', '{', EOF, comment, not \"}\r\n\r\n\", whitespace\n\n    at c:\\Users\\Estudiante\\.vscode\\extensions\\uqbar.wollok-lsp-ide-0.5.4\\out\\server\\src\\server.js:2353:13026\n    at Array.map (<anonymous>)\n    at U1n (c:\\Users\\Estudiante\\.vscode\\extensions\\uqbar.wollok-lsp-ide-0.5.4\\out\\server\\src\\server.js:2353:12950)\n    at H2.buildEnvironmentFrom (c:\\Users\\Estudiante\\.vscode\\extensions\\uqbar.wollok-lsp-ide-0.5.4\\out\\server\\src\\server.js:2398:5254)\n    at H2.updateEnvironmentWith (c:\\Users\\Estudiante\\.vscode\\extensions\\uqbar.wollok-lsp-ide-0.5.4\\out\\server\\src\\server.js:2398:4989)\n    at GF (c:\\Users\\Estudiante\\.vscode\\extensions\\uqbar.wollok-lsp-ide-0.5.4\\out\\server\\src\\server.js:2398:7383)\n    at V3.invoke (c:\\Users\\Estudiante\\.vscode\\extensions\\uqbar.wollok-lsp-ide-0.5.4\\out\\server\\src\\server.js:3:157328)\n    at o.fire (c:\\Users\\Estudiante\\.vscode\\extensions\\uqbar.wollok-lsp-ide-0.5.4\\out\\server\\src\\server.js:3:158098)\n    at c:\\Users\\Estudiante\\.vscode\\extensions\\uqbar.wollok-lsp-ide-0.5.4\\out\\server\\src\\server.js:37:57871\n    at nd (c:\\Users\\Estudiante\\.vscode\\extensions\\uqbar.wollok-lsp-ide-0.5.4\\out\\server\\src\\server.js:8:1561)","timestamp":"2026-06-15T03:51:11.804Z"}
{"level":"error","message":"✘ Failed to rebuild document Failed to parse game.wlk: \n-- PARSING FAILED --------------------------------------------------\n\n   6 |     method image() = \"duda.png\"\n   7 |     method position() = game.at(14,8)\n>  8 | }\n     | ^\n   9 | \n  10 | object piedra {\n\nExpected one of the following: \n\n'@', 'class', 'const', 'describe', 'mixin', 'object', 'only', 'package', 'program', 'test', 'var', '{', EOF, comment, not \"}\r\n\r\n\", whitespace\n","stack":"Error: Failed to parse game.wlk: \n-- PARSING FAILED --------------------------------------------------\n\n   6 |     method image() = \"duda.png\"\n   7 |     method position() = game.at(14,8)\n>  8 | }\n     | ^\n   9 | \n  10 | object piedra {\n\nExpected one of the following: \n\n'@', 'class', 'const', 'describe', 'mixin', 'object', 'only', 'package', 'program', 'test', 'var', '{', EOF, comment, not \"}\r\n\r\n\", whitespace\n\n    at c:\\Users\\Estudiante\\.vscode\\extensions\\uqbar.wollok-lsp-ide-0.5.4\\out\\server\\src\\server.js:2353:13026\n    at Array.map (<anonymous>)\n    at U1n (c:\\Users\\Estudiante\\.vscode\\extensions\\uqbar.wollok-lsp-ide-0.5.4\\out\\server\\src\\server.js:2353:12950)\n    at H2.buildEnvironmentFrom (c:\\Users\\Estudiante\\.vscode\\extensions\\uqbar.wollok-lsp-ide-0.5.4\\out\\server\\src\\server.js:2398:5254)\n    at H2.updateEnvironmentWith (c:\\Users\\Estudiante\\.vscode\\extensions\\uqbar.wollok-lsp-ide-0.5.4\\out\\server\\src\\server.js:2398:4989)\n    at GF (c:\\Users\\Estudiante\\.vscode\\extensions\\uqbar.wollok-lsp-ide-0.5.4\\out\\server\\src\\server.js:2398:7383)\n    at V3.invoke (c:\\Users\\Estudiante\\.vscode\\extensions\\uqbar.wollok-lsp-ide-0.5.4\\out\\server\\src\\server.js:3:157328)\n    at o.fire (c:\\Users\\Estudiante\\.vscode\\extensions\\uqbar.wollok-lsp-ide-0.5.4\\out\\server\\src\\server.js:3:158098)\n    at c:\\Users\\Estudiante\\.vscode\\extensions\\uqbar.wollok-lsp-ide-0.5.4\\out\\server\\src\\server.js:37:57871\n    at nd (c:\\Users\\Estudiante\\.vscode\\extensions\\uqbar.wollok-lsp-ide-0.5.4\\out\\server\\src\\server.js:8:1561)","timestamp":"2026-06-15T03:51:12.122Z"}
{"level":"error","message":"✘ Failed to rebuild document Failed to parse game.wlk: \n-- PARSING FAILED --------------------------------------------------\n\n   6 |     method image() = \"duda.png\"\n   7 |     method position() = game.at(14,8)\n>  8 | }\n     | ^\n   9 | \n  10 | object piedra {\n\nExpected one of the following: \n\n'@', 'class', 'const', 'describe', 'mixin', 'object', 'only', 'package', 'program', 'test', 'var', '{', EOF, comment, not \"}\r\n\r\n\", whitespace\n","stack":"Error: Failed to parse game.wlk: \n-- PARSING FAILED --------------------------------------------------\n\n   6 |     method image() = \"duda.png\"\n   7 |     method position() = game.at(14,8)\n>  8 | }\n     | ^\n   9 | \n  10 | object piedra {\n\nExpected one of the following: \n\n'@', 'class', 'const', 'describe', 'mixin', 'object', 'only', 'package', 'program', 'test', 'var', '{', EOF, comment, not \"}\r\n\r\n\", whitespace\n\n    at c:\\Users\\Estudiante\\.vscode\\extensions\\uqbar.wollok-lsp-ide-0.5.4\\out\\server\\src\\server.js:2353:13026\n    at Array.map (<anonymous>)\n    at U1n (c:\\Users\\Estudiante\\.vscode\\extensions\\uqbar.wollok-lsp-ide-0.5.4\\out\\server\\src\\server.js:2353:12950)\n    at H2.buildEnvironmentFrom (c:\\Users\\Estudiante\\.vscode\\extensions\\uqbar.wollok-lsp-ide-0.5.4\\out\\server\\src\\server.js:2398:5254)\n    at H2.updateEnvironmentWith (c:\\Users\\Estudiante\\.vscode\\extensions\\uqbar.wollok-lsp-ide-0.5.4\\out\\server\\src\\server.js:2398:4989)\n    at GF (c:\\Users\\Estudiante\\.vscode\\extensions\\uqbar.wollok-lsp-ide-0.5.4\\out\\server\\src\\server.js:2398:7383)\n    at V3.invoke (c:\\Users\\Estudiante\\.vscode\\extensions\\uqbar.wollok-lsp-ide-0.5.4\\out\\server\\src\\server.js:3:157328)\n    at o.fire (c:\\Users\\Estudiante\\.vscode\\extensions\\uqbar.wollok-lsp-ide-0.5.4\\out\\server\\src\\server.js:3:158098)\n    at c:\\Users\\Estudiante\\.vscode\\extensions\\uqbar.wollok-lsp-ide-0.5.4\\out\\server\\src\\server.js:37:57871\n    at nd (c:\\Users\\Estudiante\\.vscode\\extensions\\uqbar.wollok-lsp-ide-0.5.4\\out\\server\\src\\server.js:8:1561)","timestamp":"2026-06-15T03:51:17.062Z"}
{"level":"info","message":"⌛ Building environment","timeElapsed":250,"timestamp":"2026-06-15T03:51:17.536Z"}
{"level":"info","message":"⌛ Validating game.wlk","timeElapsed":322,"timestamp":"2026-06-15T03:51:18.031Z"}
{"level":"info","message":"⌛ Building environment","timeElapsed":248,"timestamp":"2026-06-15T03:51:41.840Z"}
{"level":"info","message":"⌛ Validating game.wlk","timeElapsed":489,"timestamp":"2026-06-15T03:51:42.465Z"}
{"level":"info","message":"⌛ Building environment","timeElapsed":252,"timestamp":"2026-06-15T03:51:42.720Z"}
{"level":"info","message":"⌛ Building environment","timeElapsed":249,"timestamp":"2026-06-15T03:51:42.970Z"}
{"level":"info","message":"⌛ Building environment","timeElapsed":599,"timestamp":"2026-06-15T03:51:43.570Z"}
{"level":"info","message":"⌛ Building environment","timeElapsed":428,"timestamp":"2026-06-15T03:51:44.038Z"}
{"level":"info","message":"⌛ Building environment","timeElapsed":297,"timestamp":"2026-06-15T03:51:44.336Z"}
{"level":"info","message":"⌛ Building environment","timeElapsed":287,"timestamp":"2026-06-15T03:51:44.625Z"}
{"level":"info","message":"⌛ Building environment","timeElapsed":301,"timestamp":"2026-06-15T03:51:44.929Z"}
{"level":"info","message":"⌛ Building environment","timeElapsed":259,"timestamp":"2026-06-15T03:51:45.220Z"}
{"level":"info","message":"⌛ Validating game.wlk","timeElapsed":334,"timestamp":"2026-06-15T03:51:45.567Z"}
{"level":"info","message":"⌛ Validating game.wlk","timeElapsed":313,"timestamp":"2026-06-15T03:51:45.920Z"}
{"level":"info","message":"⌛ Building environment","timeElapsed":290,"timestamp":"2026-06-15T03:51:46.211Z"}
{"level":"info","message":"⌛ Validating game.wlk","timeElapsed":318,"timestamp":"2026-06-15T03:51:46.551Z"}
{"level":"info","message":"⌛ Validating game.wlk","timeElapsed":263,"timestamp":"2026-06-15T03:51:46.815Z"}
{"level":"info","message":"⌛ Validating game.wlk","timeElapsed":227,"timestamp":"2026-06-15T03:51:47.043Z"}
{"level":"info","message":"⌛ Validating game.wlk","timeElapsed":213,"timestamp":"2026-06-15T03:51:47.257Z"}
{"level":"info","message":"⌛ Validating game.wlk","timeElapsed":178,"timestamp":"2026-06-15T03:51:47.436Z"}
{"level":"info","message":"⌛ Validating game.wlk","timeElapsed":271,"timestamp":"2026-06-15T03:51:47.709Z"}
{"level":"info","message":"⌛ Building environment","timeElapsed":283,"timestamp":"2026-06-15T03:51:47.993Z"}
{"level":"info","message":"⌛ Validating game.wlk","timeElapsed":314,"timestamp":"2026-06-15T03:51:48.337Z"}
{"level":"info","message":"⌛ Building environment","timeElapsed":335,"timestamp":"2026-06-15T03:51:48.675Z"}
{"level":"info","message":"⌛ Validating game.wlk","timeElapsed":412,"timestamp":"2026-06-15T03:51:49.097Z"}
{"level":"info","message":"⌛ Building environment","timeElapsed":370,"timestamp":"2026-06-15T03:51:49.491Z"}
{"level":"info","message":"⌛ Validating game.wlk","timeElapsed":226,"timestamp":"2026-06-15T03:51:49.746Z"}
{"level":"info","message":"⌛ Validating game.wlk","timeElapsed":223,"timestamp":"2026-06-15T03:51:49.987Z"}
{"level":"info","message":"⌛ Building environment","timeElapsed":283,"timestamp":"2026-06-15T03:51:51.508Z"}
{"level":"info","message":"⌛ Validating game.wlk","timeElapsed":218,"timestamp":"2026-06-15T03:51:51.922Z"}
{"level":"info","message":"⌛ Building environment","timeElapsed":257,"timestamp":"2026-06-15T03:51:53.197Z"}
{"level":"info","message":"⌛ Validating game.wlk","timeElapsed":533,"timestamp":"2026-06-15T03:51:53.899Z"}
{"level":"info","message":"⌛ Building environment","timeElapsed":322,"timestamp":"2026-06-15T03:51:54.222Z"}
{"level":"info","message":"⌛ Building environment","timeElapsed":246,"timestamp":"2026-06-15T03:51:54.476Z"}
{"level":"info","message":"⌛ Building environment","timeElapsed":267,"timestamp":"2026-06-15T03:51:54.744Z"}
{"level":"info","message":"⌛ Building environment","timeElapsed":346,"timestamp":"2026-06-15T03:51:55.092Z"}
{"level":"info","message":"⌛ Building environment","timeElapsed":223,"timestamp":"2026-06-15T03:51:55.316Z"}
{"level":"info","message":"⌛ Building environment","timeElapsed":225,"timestamp":"2026-06-15T03:51:55.562Z"}
{"level":"info","message":"⌛ Building environment","timeElapsed":377,"timestamp":"2026-06-15T03:51:55.941Z"}
{"level":"info","message":"⌛ Building environment","timeElapsed":671,"timestamp":"2026-06-15T03:51:56.613Z"}
{"level":"info","message":"⌛ Building environment","timeElapsed":280,"timestamp":"2026-06-15T03:51:56.894Z"}
{"level":"info","message":"⌛ Building environment","timeElapsed":315,"timestamp":"2026-06-15T03:51:57.231Z"}
{"level":"info","message":"⌛ Building environment","timeElapsed":329,"timestamp":"2026-06-15T03:51:57.561Z"}
{"level":"info","message":"⌛ Building environment","timeElapsed":248,"timestamp":"2026-06-15T03:51:57.811Z"}
{"level":"info","message":"⌛ Building environment","timeElapsed":300,"timestamp":"2026-06-15T03:51:58.113Z"}
{"level":"info","message":"⌛ Building environment","timeElapsed":210,"timestamp":"2026-06-15T03:51:58.327Z"}
{"level":"info","message":"⌛ Building environment","timeElapsed":225,"timestamp":"2026-06-15T03:51:58.557Z"}
{"level":"info","message":"⌛ Building environment","timeElapsed":182,"timestamp":"2026-06-15T03:51:58.743Z"}
{"level":"info","message":"⌛ Building environment","timeElapsed":177,"timestamp":"2026-06-15T03:51:58.940Z"}
{"level":"info","message":"⌛ Building environment","timeElapsed":301,"timestamp":"2026-06-15T03:51:59.244Z"}
{"level":"info","message":"⌛ Building environment","timeElapsed":220,"timestamp":"2026-06-15T03:51:59.465Z"}
{"level":"info","message":"⌛ Building environment","timeElapsed":563,"timestamp":"2026-06-15T03:52:00.028Z"}
{"level":"info","message":"⌛ Building environment","timeElapsed":298,"timestamp":"2026-06-15T03:52:00.329Z"}
{"level":"info","message":"⌛ Building environment","timeElapsed":323,"timestamp":"2026-06-15T03:52:00.678Z"}
{"level":"info","message":"⌛ Validating game.wlk","timeElapsed":207,"timestamp":"2026-06-15T03:52:00.908Z"}
{"level":"info","message":"⌛ Validating game.wlk","timeElapsed":226,"timestamp":"2026-06-15T03:52:01.137Z"}
{"level":"info","message":"⌛ Validating game.wlk","timeElapsed":268,"timestamp":"2026-06-15T03:52:01.406Z"}
{"level":"info","message":"⌛ Validating game.wlk","timeElapsed":385,"timestamp":"2026-06-15T03:52:01.792Z"}
{"level":"info","message":"⌛ Validating game.wlk","timeElapsed":202,"timestamp":"2026-06-15T03:52:01.996Z"}
{"level":"info","message":"⌛ Validating game.wlk","timeElapsed":174,"timestamp":"2026-06-15T03:52:02.170Z"}
{"level":"info","message":"⌛ Validating game.wlk","timeElapsed":163,"timestamp":"2026-06-15T03:52:02.334Z"}
{"level":"info","message":"⌛ Building environment","timeElapsed":181,"timestamp":"2026-06-15T03:52:02.516Z"}
{"level":"info","message":"⌛ Validating game.wlk","timeElapsed":179,"timestamp":"2026-06-15T03:52:02.706Z"}
{"level":"info","message":"⌛ Validating game.wlk","timeElapsed":160,"timestamp":"2026-06-15T03:52:02.866Z"}
{"level":"info","message":"⌛ Building environment","timeElapsed":182,"timestamp":"2026-06-15T03:52:03.049Z"}
{"level":"info","message":"⌛ Validating game.wlk","timeElapsed":182,"timestamp":"2026-06-15T03:52:03.267Z"}
{"level":"info","message":"⌛ Validating game.wlk","timeElapsed":168,"timestamp":"2026-06-15T03:52:03.439Z"}
{"level":"info","message":"⌛ Validating game.wlk","timeElapsed":193,"timestamp":"2026-06-15T03:52:03.633Z"}
{"level":"info","message":"⌛ Validating game.wlk","timeElapsed":216,"timestamp":"2026-06-15T03:52:03.850Z"}
{"level":"info","message":"⌛ Validating game.wlk","timeElapsed":251,"timestamp":"2026-06-15T03:52:04.102Z"}
{"level":"info","message":"⌛ Validating game.wlk","timeElapsed":178,"timestamp":"2026-06-15T03:52:04.280Z"}
{"level":"info","message":"⌛ Validating game.wlk","timeElapsed":162,"timestamp":"2026-06-15T03:52:04.443Z"}
{"level":"info","message":"⌛ Validating game.wlk","timeElapsed":173,"timestamp":"2026-06-15T03:52:04.620Z"}
{"level":"info","message":"⌛ Building environment","timeElapsed":203,"timestamp":"2026-06-15T03:52:04.824Z"}
{"level":"info","message":"⌛ Validating game.wlk","timeElapsed":179,"timestamp":"2026-06-15T03:52:05.019Z"}
{"level":"info","message":"⌛ Validating game.wlk","timeElapsed":158,"timestamp":"2026-06-15T03:52:05.180Z"}
{"level":"info","message":"⌛ Validating game.wlk","timeElapsed":156,"timestamp":"2026-06-15T03:52:05.337Z"}
{"level":"info","message":"⌛ Validating game.wlk","timeElapsed":152,"timestamp":"2026-06-15T03:52:05.490Z"}
{"level":"info","message":"⌛ Validating game.wlk","timeElapsed":156,"timestamp":"2026-06-15T03:52:05.647Z"}
{"level":"info","message":"⌛ Validating game.wlk","timeElapsed":137,"timestamp":"2026-06-15T03:52:06.105Z"}
{"level":"info","message":"⌛ Validating game.wlk","timeElapsed":178,"timestamp":"2026-06-15T03:52:06.284Z"}
{"level":"info","message":"⌛ Validating game.wlk","timeElapsed":206,"timestamp":"2026-06-15T03:52:06.491Z"}
{"level":"info","message":"⌛ Building environment","timeElapsed":267,"timestamp":"2026-06-15T03:52:18.911Z"}
{"level":"info","message":"⌛ Building environment","timeElapsed":272,"timestamp":"2026-06-15T03:52:19.375Z"}
{"level":"info","message":"⌛ Validating game.wlk","timeElapsed":336,"timestamp":"2026-06-15T03:52:19.721Z"}
{"level":"info","message":"⌛ Validating game.wlk","timeElapsed":349,"timestamp":"2026-06-15T03:52:20.094Z"}
{"level":"info","message":"⌛ Building environment","timeElapsed":394,"timestamp":"2026-06-15T03:52:20.582Z"}
{"level":"info","message":"⌛ Building environment","timeElapsed":328,"timestamp":"2026-06-15T03:52:20.939Z"}
{"level":"info","message":"⌛ Building environment","timeElapsed":225,"timestamp":"2026-06-15T03:52:21.167Z"}
{"level":"info","message":"⌛ Validating game.wlk","timeElapsed":253,"timestamp":"2026-06-15T03:52:21.477Z"}
{"level":"info","message":"⌛ Validating game.wlk","timeElapsed":274,"timestamp":"2026-06-15T03:52:21.772Z"}
{"level":"info","message":"⌛ Validating game.wlk","timeElapsed":249,"timestamp":"2026-06-15T03:52:22.022Z"}
{"level":"info","message":"⌛ Building environment","timeElapsed":345,"timestamp":"2026-06-15T03:52:22.373Z"}
{"level":"info","message":"⌛ Validating game.wlk","timeElapsed":447,"timestamp":"2026-06-15T03:52:22.880Z"}
{"level":"info","message":"⌛ Building environment","timeElapsed":280,"timestamp":"2026-06-15T03:52:25.310Z"}
{"level":"info","message":"⌛ Validating game.wlk","timeElapsed":256,"timestamp":"2026-06-15T03:52:25.712Z"}
{"level":"info","message":"⌛ Building environment","timeElapsed":149,"timestamp":"2026-06-15T03:52:47.338Z"}
